nc_counts,CGd,ρ₃₁,ρ₄₁,ρ₃₂,ρ₄₂,predicted
92,366999,110.0,0.0,369.0,0.0,169.6044497057258
494,575824,6299.0,0.0,23628.0,0.0,983.0310199103533
192,459256,281.0,0.0,877.0,0.0,271.6512392904382
496,489483,1203.0,0.0,4202.0,0.0,421.80164343445097
162,444797,0.0,0.0,0.0,0.0,194.05209377260434
92,432705,106.0,0.0,384.0,0.0,201.7327371170768
66,331179,526.0,0.0,2163.0,0.0,146.17240358328445
297,313051,1262.0,59.0,4658.0,212.0,390.1285122739605
172,401098,660.0,0.0,2308.0,0.0,278.0537455858817
240,399470,108.0,0.0,425.0,0.0,175.22401434183433
80,301739,0.0,0.0,0.0,0.0,109.35378170934818
191,291290,351.0,0.0,1381.0,0.0,129.2461665039973
835,447824,861.0,0.0,3177.0,0.0,304.18238950389343
87,250300,190.0,0.0,688.0,0.0,105.56223837541316
168,406834,158.0,0.0,540.0,0.0,200.51710698788375
497,502366,1952.0,11.0,6508.0,34.0,632.4210793955701
130,305473,341.0,0.0,1245.0,0.0,157.2645050920043
146,369908,0.0,0.0,0.0,0.0,149.71363040735952
209,439378,0.0,0.0,0.0,0.0,190.8437436413933
157,361676,306.0,0.0,1214.0,0.0,165.4574760705165
455,492193,1690.0,7.0,6159.0,25.0,464.42612226962933
68,361778,113.0,0.0,447.0,0.0,152.78933435810666
210,440222,205.0,0.0,771.0,0.0,214.06819574703306
75,406673,47.0,0.0,204.0,0.0,170.9526929289961
74,268172,47.0,0.0,138.0,0.0,102.85784922397308
115,362279,0.0,0.0,0.0,0.0,145.19683705969226
1335,624742,8157.0,68.0,30149.0,196.0,1368.6968319802145
448,354871,1333.0,0.0,4587.0,0.0,378.4108896983904
248,418501,122.0,0.0,483.0,0.0,186.91694698914648
96,313660,255.0,0.0,911.0,0.0,154.80240588226826
93,342487,238.0,0.0,814.0,2.0,180.29530106512556
83,387224,0.0,0.0,0.0,0.0,159.96566784453427
125,440863,533.0,0.0,1919.0,0.0,268.84228834850313
240,377850,1100.0,0.0,4077.0,0.0,289.0102108466897
244,440243,715.0,0.0,2783.0,0.0,250.83118466448138
22,200014,70.0,0.0,307.0,5.0,56.03304630184225
237,385700,254.0,0.0,757.0,0.0,228.9969512885141
16,176225,0.0,0.0,0.0,0.0,35.0424957951908
87,273779,106.0,0.0,412.0,0.0,101.74039392371971
74,249990,423.0,0.0,1732.0,0.0,95.87633315715334
60,342444,0.0,0.0,0.0,0.0,133.45341117805907
94,370362,98.0,0.0,366.0,0.0,161.38861861296584
63,338822,0.0,0.0,0.0,0.0,131.30898523688057
159,340029,344.0,0.0,1282.0,0.0,172.63783816678415
147,327846,736.0,0.0,2708.0,0.0,219.055782350448
206,376514,481.0,0.0,1802.0,0.0,208.42577954110743
178,403233,333.0,0.0,1288.0,0.0,198.85826341067383
558,360970,1840.0,52.0,7151.0,217.0,452.03452755741796
173,366722,583.0,0.0,2093.0,0.0,233.44922907967907
559,496211,1963.0,0.0,7777.0,0.0,359.0408442426153
84,285787,205.0,0.0,783.0,0.0,120.10579804500864
114,433002,239.0,0.0,960.0,0.0,200.6837902058671
81,404243,56.0,0.0,267.0,0.0,164.369830059511
78,385279,266.0,0.0,1048.0,0.0,178.27619461181163
129,348918,0.0,0.0,0.0,0.0,137.2863801297956
63,271577,147.0,0.0,510.0,0.0,116.82235720147709
136,309725,339.0,3.0,1320.0,15.0,155.10666204557714
59,292177,0.0,0.0,0.0,0.0,103.69254458909727
125,319583,143.0,0.0,566.0,0.0,129.83301107264822
53,200000,75.0,0.0,321.0,0.0,49.23110431181587
137,296713,504.0,7.0,1792.0,42.0,225.94186750921637
44,220000,0.0,0.0,0.0,0.0,60.95973642884313
196,273592,192.0,3.0,661.0,9.0,129.748102647267
60,304318,415.0,0.0,1473.0,0.0,175.38398697609296
75,249971,270.0,1.0,1115.0,5.0,91.974117077389
62,277749,0.0,0.0,0.0,0.0,95.15036416962643
63,361174,57.0,0.0,223.0,0.0,149.04414276496897
278,311934,122.0,0.0,438.0,0.0,133.30434391544316
209,351477,0.0,0.0,0.0,0.0,138.80145080441616
307,286307,1260.0,9.0,4546.0,23.0,282.5318982535514
51,227608,0.0,0.0,0.0,0.0,65.4640966056753
165,337341,386.0,3.0,1454.0,20.0,194.0374827928062
236,359595,705.0,0.0,2656.0,0.0,220.80808354624287
57,200563,226.0,0.0,845.0,0.0,75.55394144310253
445,565653,1226.0,0.0,4359.0,0.0,454.5950804507014
348,441218,155.0,0.0,559.0,0.0,214.161516747901
26,208216,0.0,0.0,0.0,0.0,53.98295142308736
163,340213,476.0,0.0,1821.0,0.0,178.41423142177257
150,364813,0.0,0.0,0.0,0.0,146.69710634046157
135,250571,332.0,0.0,1221.0,0.0,121.68675866418238
94,378903,735.0,0.0,2733.0,0.0,243.11390093947273
85,297820,0.0,0.0,0.0,0.0,107.03351520921608
217,349435,930.0,0.0,3585.0,0.0,222.2936700643927
223,364790,196.0,0.0,628.0,0.0,191.40752899388755
113,318779,121.0,0.0,450.0,0.0,133.92544977494902
120,429794,124.0,1.0,429.0,3.0,207.75360024033188
37,274098,0.0,0.0,0.0,0.0,92.98876861158043
116,433879,314.0,0.0,1189.0,0.0,220.6988888905203
409,482194,1322.0,40.0,4859.0,154.0,482.0744907282426
344,372312,1003.0,0.0,3632.0,0.0,291.87288619522224
177,357121,0.0,0.0,0.0,0.0,142.14301348028897
132,395245,322.0,0.0,1174.0,0.0,208.2117286611701
81,301504,0.0,0.0,0.0,0.0,109.21464860714583
158,430268,1705.0,0.0,6334.0,0.0,390.984956839143
101,333220,217.0,0.0,731.0,0.0,169.98358512647036
349,371562,1131.0,0.0,4370.0,0.0,251.55620576284775
289,327530,915.0,0.0,3678.0,0.0,176.18189022272009
129,392089,108.0,0.0,396.0,0.0,176.9640301897092
80,353215,111.0,0.0,426.0,0.0,150.33753185060561
155,427941,31.0,0.0,108.0,0.0,189.31869807232607
223,339701,885.0,23.0,3243.0,99.0,320.3394976674804
431,508679,3587.0,0.0,12996.0,0.0,733.7124841565237
175,324179,703.0,11.0,2642.0,62.0,260.10798206072104
230,398463,680.0,0.0,2591.0,0.0,234.93367663622598
199,445824,171.0,0.0,601.0,0.0,222.4915651470314
535,372776,1321.0,13.0,4931.0,59.0,351.7059517395761
436,410924,116.0,0.0,362.0,0.0,202.50481202111803
346,369773,930.0,37.0,3477.0,138.0,338.00876421826035
136,388891,756.0,0.0,2930.0,0.0,226.48984938716353
79,273613,183.0,0.0,728.0,0.0,104.61453725542935
62,313239,200.0,0.0,650.0,0.0,159.8642998626727
78,248061,114.0,0.0,501.0,1.0,76.66062571596323
190,339841,254.0,0.0,964.0,0.0,158.2332551086862
201,401236,1148.0,16.0,4214.0,69.0,367.9305022696527
212,360048,1017.0,0.0,3838.0,0.0,253.8554703455451
87,267910,0.0,0.0,0.0,0.0,89.32512760550297
206,388842,1229.0,0.0,4686.0,0.0,283.72757127327577
36,147385,115.0,0.0,470.0,0.0,22.817376277572038
232,371284,407.0,0.0,1516.0,0.0,198.74598040446693
156,466015,234.0,0.0,769.0,0.0,255.9546728088917
162,372461,0.0,0.0,0.0,0.0,151.22514874745582
181,365523,366.0,0.0,1243.0,0.0,215.82004231215376
110,267792,0.0,0.0,0.0,0.0,89.25526502652475
182,304832,386.0,0.0,1443.0,0.0,155.814766835861
312,431504,386.0,0.0,1344.0,0.0,251.66985874373432
61,310895,24.0,0.0,48.0,0.0,126.33953774353982
181,359046,0.0,0.0,0.0,0.0,143.28272080684025
82,295526,0.0,0.0,0.0,0.0,105.67533930941941
113,354398,203.0,0.0,830.0,0.0,149.0184581262619
357,353723,1435.0,0.0,5444.0,0.0,289.3021270166487
86,261617,389.0,0.0,1406.0,0.0,140.73431369917313
914,530466,5152.0,0.0,18475.0,0.0,1005.8307075970961
176,450456,0.0,0.0,0.0,0.0,197.40253728478797
242,337189,509.0,0.0,1956.0,0.0,177.98804633464255
135,356428,253.0,0.0,992.0,0.0,161.25114502428988
154,236843,108.0,0.0,416.0,0.0,80.8359637212069
228,323648,472.0,0.0,1780.0,0.0,173.6320807410513
150,407298,920.0,0.0,3472.0,0.0,271.32715828333585
121,365845,348.0,0.0,1225.0,0.0,203.54461311502632
134,331296,138.0,0.0,575.0,0.0,130.3553173658212
133,294454,480.0,0.0,1783.0,0.0,162.94152584258973
299,386400,374.0,5.0,1284.0,17.0,234.94657008771992
106,250668,451.0,0.0,1696.0,0.0,129.15350559115922
30,246660,0.0,0.0,0.0,0.0,76.74394283188532
86,287804,0.0,0.0,0.0,0.0,101.10348477662528
199,300213,1007.0,0.0,4009.0,0.0,173.36952040109134
38,351927,376.0,1.0,1372.0,5.0,193.93503091536928
17,251834,0.0,0.0,0.0,0.0,79.80723930335346
88,281515,120.0,0.0,414.0,0.0,118.54463767859656
89,319884,76.0,0.0,265.0,0.0,132.9109456323182
74,318558,119.0,0.0,409.0,0.0,140.62635524260787
85,375438,397.0,0.0,1427.0,0.0,210.92421147917554
141,398393,233.0,0.0,891.0,0.0,189.3113790196707
98,260974,149.0,0.0,548.0,0.0,104.34510708318095
76,243759,88.0,0.0,290.0,0.0,93.4124591863648
169,397328,1330.0,5.0,4947.0,13.0,326.4802744137626
71,317097,0.0,0.0,0.0,0.0,118.44657398008793
39,269267,0.0,0.0,0.0,0.0,90.12854726375234
133,292306,881.0,0.0,3495.0,0.0,163.1729476764217
160,363295,628.0,2.0,2371.0,11.0,223.7888937596095
118,319217,251.0,0.0,972.0,0.0,141.62744033094745
13,308586,65.0,0.0,222.0,0.0,125.34579133117163
82,299932,0.0,0.0,0.0,0.0,108.28393696177515
138,347194,466.0,0.0,1817.0,0.0,174.35764389506204
161,381536,1031.0,0.0,3694.0,0.0,309.5622506165812
62,312315,0.0,0.0,0.0,0.0,115.61536336420842
255,291431,750.0,0.0,2923.0,0.0,164.84342749096288
367,423490,1702.0,3.0,6633.0,12.0,329.18301682062815
271,400440,828.0,9.0,3127.0,22.0,257.1972274549747
75,285910,554.0,3.0,2226.0,10.0,135.9608381700641
107,298578,154.0,0.0,553.0,0.0,130.07156920022263
179,378795,1116.0,24.0,4344.0,102.0,321.1340584388546
207,465055,312.0,0.0,1270.0,0.0,220.28451773156428
152,462282,184.0,0.0,743.0,0.0,214.0600186127108
76,383561,0.0,0.0,0.0,0.0,157.79696761743963
215,350689,1437.0,0.0,5309.0,0.0,317.75533416825647
73,307259,0.0,0.0,0.0,0.0,112.6219294717185
94,278490,80.0,0.0,281.0,0.0,108.6453604574715
295,426312,257.0,0.0,974.0,0.0,210.0317641361582
148,381617,356.0,0.0,1410.0,0.0,181.13104949213016
221,299453,564.0,5.0,2253.0,17.0,150.92871784719875
85,353473,0.0,0.0,0.0,0.0,139.98319408950516
104,349633,0.0,0.0,0.0,0.0,137.70969999394316
119,409385,160.0,0.0,616.0,0.0,187.8215783961745
133,282257,118.0,0.0,404.0,0.0,119.28433558138566
105,263308,79.0,0.0,263.0,0.0,102.54592253474058
60,393493,130.0,0.0,518.0,0.0,171.96269127738404
140,385629,709.0,8.0,2705.0,34.0,253.96634116238658
103,326839,5.0,0.0,24.0,0.0,123.67408874660575
94,340287,295.0,0.0,1083.0,0.0,170.45851420457902
70,364337,131.0,0.0,529.0,0.0,153.28638378312957
150,369464,172.0,0.0,681.0,0.0,161.33032072023497
74,226525,152.0,0.0,679.0,0.0,59.05887213775176
75,297789,144.0,0.0,561.0,0.0,118.88644113961152
471,385086,807.0,10.0,2789.0,23.0,297.9742165502005
19,254089,0.0,0.0,0.0,0.0,81.14232502874204
523,332878,1667.0,0.0,6086.0,0.0,351.2520638213948
224,497464,178.0,0.0,646.0,0.0,249.9070609823935
211,410940,217.0,0.0,830.0,0.0,195.139952900915
183,264551,267.0,0.0,1077.0,0.0,101.5917566200851
146,286989,225.0,0.0,835.0,0.0,127.92659302820636
156,392072,0.0,0.0,0.0,0.0,162.83595414018123
149,300948,292.0,3.0,1169.0,8.0,127.56719158959672
135,359508,348.0,0.0,1335.0,0.0,176.61697198990277
68,355118,327.0,0.0,1221.0,0.0,179.06816932275785
225,278053,231.0,0.0,826.0,0.0,129.95167401610968
38,196580,0.0,0.0,0.0,0.0,47.09379066893136
182,409673,170.0,0.0,586.0,0.0,203.3452432863437
141,346027,832.0,0.0,2815.0,0.0,293.9880824333484
162,296067,404.0,0.0,1513.0,0.0,152.13564422690422
160,372085,516.0,0.0,1811.0,0.0,235.52105993525282
223,339871,367.0,0.0,1353.0,0.0,178.3600927495766
148,344972,459.0,0.0,1781.0,0.0,174.30415881978712
242,319222,508.0,2.0,1835.0,16.0,210.59493036607915
60,247361,467.0,0.0,1688.0,0.0,143.33306399560422
249,257151,0.0,0.0,0.0,0.0,82.9551997476511
111,273141,101.0,0.0,462.0,0.0,86.31197290514014
206,287965,0.0,0.0,0.0,0.0,101.19880575302774
43,241554,0.0,0.0,0.0,0.0,73.72090615169277
152,365137,130.0,0.0,495.0,0.0,160.02020402154977
213,368837,620.0,0.0,2327.0,0.0,218.8204068903912
61,245578,261.0,0.0,927.0,0.0,116.54253364741032
166,283037,460.0,0.0,1676.0,0.0,160.6607732375909
190,341586,0.0,0.0,0.0,0.0,132.94542734108194
234,342416,717.0,13.0,2621.0,43.0,248.10773321666022
246,364159,833.0,9.0,3123.0,28.0,251.10815098644457
639,401451,894.0,0.0,3028.0,0.0,337.9268395572519
73,341562,0.0,0.0,0.0,0.0,132.93121800298468
66,330827,0.0,0.0,0.0,0.0,126.57549948323008
55,277906,0.0,0.0,0.0,0.0,95.2433169230127
112,389983,247.0,0.0,890.0,0.0,197.18835740084236
98,323476,322.0,0.0,1174.0,0.0,165.72047924856938
23,246949,99.0,0.0,335.0,0.0,95.75584754616754
123,309728,313.0,0.0,1260.0,0.0,131.33241151133564
206,296245,59.0,0.0,251.0,0.0,106.50976118943814
147,319378,130.0,0.0,405.0,0.0,151.8903297086962
135,369480,100.0,0.0,338.0,0.0,168.57221276683032
76,240934,326.0,0.0,1277.0,0.0,98.76304580035537
85,299731,51.0,0.0,174.0,0.0,117.57072859967217
62,220823,335.0,0.0,1276.0,0.0,95.19613754299638
260,412036,1600.0,0.0,6292.0,0.0,294.19844450086316
95,258904,0.0,0.0,0.0,0.0,83.9930734845053
149,278182,352.0,0.0,1416.0,0.0,115.01463510095522
282,307566,816.0,21.0,3111.0,96.0,269.8829980376638
102,359131,345.0,0.0,1353.0,0.0,169.89162062704042
231,378409,629.0,0.0,2261.0,0.0,246.52227092384805
366,407793,1005.0,7.0,3806.0,40.0,316.5632623568829
221,405064,187.0,0.0,695.0,0.0,193.00658713319362
341,341798,914.0,0.0,3558.0,0.0,209.00876651858903
317,363510,1058.0,0.0,4180.0,0.0,220.8827351410481
102,222950,0.0,0.0,0.0,0.0,62.7063009032983
175,315806,159.0,0.0,654.0,0.0,123.50816467339351
549,382255,1750.0,52.0,6663.0,199.0,456.063377215582
158,273874,0.0,0.0,0.0,0.0,92.85614812267262
42,257364,0.0,0.0,0.0,0.0,83.0813076232643
99,374623,250.0,0.0,931.0,0.0,182.16587968136227
171,358572,0.0,0.0,0.0,0.0,143.00208637941932
96,249251,408.0,0.0,1427.0,0.0,146.15020501533542
133,321952,186.0,0.0,712.0,0.0,139.31468880667694
138,359155,0.0,0.0,0.0,0.0,143.347254884032
191,418158,259.0,0.0,996.0,0.0,202.3754816594194
85,289868,125.0,0.0,459.0,0.0,118.52531918413946
47,272361,0.0,0.0,0.0,0.0,91.96036776679107
39,248920,0.0,0.0,0.0,0.0,78.08198883604418
84,264966,5.0,0.0,37.0,0.0,84.30286680745499
134,297918,192.0,0.0,838.0,0.0,103.95790461463554
50,259268,0.0,0.0,0.0,0.0,84.20858177898045
87,345861,764.0,0.0,2883.0,0.0,218.14205826276304
137,356352,178.0,0.0,732.0,0.0,148.2416402546552
41,198185,60.0,0.0,220.0,0.0,55.887379655135256
136,372936,559.0,0.0,2225.0,0.0,187.63936011159763
28,323498,355.0,0.0,1322.0,0.0,164.35873971962894
89,340268,92.0,0.0,356.0,0.0,140.2586914755002
40,300155,53.0,0.0,198.0,0.0,114.57172249371115
142,407158,102.0,0.0,404.0,0.0,178.78071608515313
140,353542,1409.0,0.0,5598.0,0.0,233.2644078349183
134,382363,154.0,0.0,592.0,0.0,171.46009174755562
100,383418,127.0,0.0,538.0,0.0,159.0742053242343
523,624596,2801.0,0.0,10364.0,0.0,646.9218276009365
230,492516,794.0,10.0,2926.0,30.0,332.6765013987948
113,316174,508.0,13.0,1867.0,50.0,214.35589357808567
298,471539,912.0,0.0,3511.0,3.0,298.9347057113474
427,480985,879.0,0.0,3068.0,0.0,363.03911736928137
414,572770,3068.0,52.0,11947.0,199.0,646.0599602939169
24,304104,0.0,0.0,0.0,0.0,110.75399356768257
175,391807,739.0,0.0,2737.0,0.0,253.52402642308584
449,370923,835.0,22.0,3138.0,108.0,334.88231177329703
98,351516,0.0,0.0,0.0,0.0,138.8245409788242
75,314269,287.0,0.0,1186.0,0.0,126.12745877356704
159,385812,598.0,0.0,2295.0,0.0,215.74113356960993
81,277295,0.0,0.0,0.0,0.0,94.88157085728658
291,427531,464.0,0.0,1668.0,0.0,251.50778272189672
314,411785,725.0,0.0,2688.0,0.0,263.03039619192737
356,484673,290.0,0.0,1131.0,0.0,241.3137647492083
30,381618,0.0,0.0,0.0,0.0,156.64660328731543
76,377571,72.0,0.0,281.0,0.0,160.0808490081788
217,426593,1012.0,0.0,3941.0,0.0,267.03661703312014
43,502497,125.0,0.0,412.0,0.0,254.3159224684935
265,482317,694.0,0.0,2657.0,0.0,283.3199278785481
105,413937,262.0,0.0,917.0,0.0,219.23058623344997
157,477892,527.0,0.0,1776.0,0.0,315.47454910808324
124,434401,131.0,0.0,420.0,0.0,217.7332730030202
419,537692,668.0,0.0,2379.0,0.0,351.19208186579107
170,450362,2481.0,0.0,9512.0,0.0,434.23306075496544
55,365882,329.0,0.0,1196.0,0.0,192.51477795709084
66,376588,0.0,0.0,0.0,0.0,153.66856284443088
138,424646,134.0,0.0,465.0,0.0,205.18651201003425
182,455686,475.0,0.0,1705.0,0.0,270.3173545315638
188,357428,351.0,0.0,1339.0,0.0,177.25248560271945
105,463825,326.0,0.0,1199.0,0.0,247.1606824888195
105,257070,530.0,0.0,2046.0,0.0,130.5593439323805
156,343225,67.0,0.0,233.0,0.0,145.3429291187747
153,288900,183.0,0.0,711.0,0.0,117.24700561125658
257,294257,636.0,40.0,2425.0,118.0,203.7999575734127
199,365117,795.0,0.0,2685.0,0.0,299.25979673808536
228,343172,685.0,0.0,2640.0,0.0,196.39080595587495
266,440902,979.0,0.0,3856.0,0.0,263.6097041176008
106,414032,373.0,0.0,1344.0,0.0,229.5832307319883
111,334252,0.0,0.0,0.0,0.0,128.60329044086023
160,341257,1387.0,0.0,5641.0,0.0,197.05991236985847
52,236339,189.0,0.0,688.0,0.0,96.39329954101262
198,374611,152.0,0.0,614.0,0.0,160.42882187565698
93,317429,67.0,0.0,231.0,0.0,130.4916367747193
100,291067,37.0,0.0,127.0,0.0,109.69805957345413
108,305702,91.0,0.0,362.0,0.0,117.62631016639006
170,290339,198.0,0.0,856.0,0.0,101.0978037797365
361,427831,207.0,0.0,748.0,0.0,213.38437550879289
66,316907,0.0,0.0,0.0,0.0,118.33408338681794
523,393023,76.0,0.0,294.0,0.0,170.10333205943385
85,347034,0.0,0.0,0.0,0.0,136.17094708916045
67,277355,381.0,0.0,1470.0,0.0,129.34200714034495
511,404004,2134.0,18.0,7724.0,54.0,487.4747782309885
276,430750,315.0,0.0,1147.0,0.0,228.5985305253535
343,469699,152.0,0.0,458.0,0.0,249.59369464086467
379,439099,663.0,3.0,2576.0,8.0,248.02611794059703
137,372836,582.0,0.0,2171.0,0.0,219.73207189595718
115,423267,209.0,0.0,784.0,0.0,204.9039279767057
329,440186,288.0,0.0,774.0,0.0,288.38443643065455
216,222694,392.0,7.0,1405.0,44.0,165.83538734928888
466,336677,487.0,0.0,1676.0,0.0,216.80635209092236
147,410501,548.0,13.0,2078.0,41.0,246.8288571804129
400,496490,1616.0,40.0,6307.0,152.0,447.67187405507434
177,348236,369.0,0.0,1451.0,0.0,164.47161954959057
334,434225,531.0,0.0,2059.0,0.0,233.60927322498566
49,170366,143.0,0.0,438.0,0.0,68.45641241924227
72,289477,0.0,0.0,0.0,0.0,102.09399405315527
64,308413,82.0,0.0,322.0,0.0,119.52969499668284
44,312183,76.0,0.0,315.0,0.0,117.81707708322631
97,336026,228.0,0.0,777.0,0.0,171.8889351329743
37,226596,54.0,0.0,184.0,0.0,74.87358694582579
353,279146,481.0,0.0,1869.0,0.0,136.66233564975636
116,301452,26.0,0.0,103.0,0.0,110.96736025631948
125,271233,21.0,0.0,78.0,0.0,93.82700875780938
209,350610,1050.0,0.0,3639.0,0.0,320.00194686196915
74,224498,80.0,0.0,241.0,0.0,85.10664393437006
203,358947,0.0,0.0,0.0,0.0,143.22410728718904
66,289133,78.0,0.0,310.0,0.0,107.03013357517173
88,281706,422.0,0.0,1551.0,0.0,151.88542381803416
138,353459,0.0,0.0,0.0,0.0,139.9749053089484
29,225324,50.0,0.0,210.0,0.0,65.02958568107286
55,275690,196.0,1.0,740.0,3.0,116.02506736304528
423,465550,2123.0,0.0,7766.0,0.0,487.7251534803356
203,339438,598.0,5.0,2145.0,51.0,284.91662221820326
147,463923,157.0,0.0,563.0,0.0,228.56788377283897
33,238230,185.0,0.0,723.0,0.0,86.52577013264417
111,446366,542.0,0.0,2100.0,0.0,242.0949084142838
87,330566,0.0,0.0,0.0,0.0,126.42097293142236
27,306969,54.0,0.0,208.0,0.0,117.40234941647122
21,166867,40.0,0.0,184.0,0.0,26.865210483007083
152,251514,0.0,0.0,0.0,0.0,79.61778146205661
93,294075,258.0,0.0,948.0,0.0,138.12124837688657
165,376802,201.0,0.0,742.0,0.0,179.0170053852656
160,274306,116.0,0.0,418.0,0.0,109.82075816437181
52,224128,112.0,0.0,364.0,0.0,87.87679369133528
66,305739,0.0,0.0,0.0,0.0,111.72200472555856
122,316407,71.0,0.0,292.0,0.0,120.64752403406439
249,319533,505.0,0.0,1944.0,0.0,166.4499834577129
80,289746,0.0,0.0,0.0,0.0,102.25325705099543
122,376366,495.0,0.0,1994.0,0.0,180.53135641992884
66,236180,0.0,0.0,0.0,0.0,70.53919852941412
166,411125,0.0,0.0,0.0,0.0,174.11639242214534
137,353759,171.0,0.0,633.0,0.0,161.24190595041426
53,336052,0.0,0.0,0.0,0.0,129.66899079815488
178,261168,237.0,4.0,856.0,15.0,127.93725618123173
55,279647,269.0,0.0,977.0,0.0,133.4048215616732
189,352971,137.0,0.0,429.0,0.0,173.0454631692669
102,402815,214.0,0.0,856.0,0.0,182.14184200571188
42,300847,0.0,0.0,0.0,0.0,108.82566797673327
428,371979,1333.0,0.0,4564.0,0.0,393.38562524480335
229,364270,468.0,7.0,1680.0,31.0,238.6270449439707
131,379247,0.0,0.0,0.0,0.0,155.2428390944567
39,331272,0.0,0.0,0.0,0.0,126.83896429378346
1242,538189,5802.0,34.0,20093.0,97.0,1281.1331904498757
108,298598,0.0,0.0,0.0,0.0,107.49413458586899
53,277263,447.0,0.0,1700.0,0.0,140.44347878692838
30,229450,0.0,0.0,0.0,0.0,66.55466330464016
31,221120,107.0,0.0,428.0,0.0,68.09555532325386
29,258178,0.0,0.0,0.0,0.0,83.5632410070631
142,400323,119.0,0.0,453.0,0.0,179.7654804480414
37,250315,0.0,0.0,0.0,0.0,78.90790661294754
62,299004,37.0,0.0,118.0,0.0,116.29340658705345
73,333703,217.0,0.0,850.0,0.0,145.19756375030158
88,242284,123.0,0.0,413.0,0.0,98.23813269131858
48,285103,73.0,0.0,311.0,0.0,99.91721768223597
22,212940,0.0,0.0,0.0,0.0,56.77982280523182
42,368767,0.0,0.0,0.0,0.0,149.03809479198554
98,268807,186.0,0.0,662.0,0.0,118.38433294468467
358,377803,1680.0,0.0,5947.0,0.0,418.8781616293761
80,236458,106.0,0.0,392.0,0.0,83.85806000157598
51,272503,31.0,0.0,84.0,0.0,102.34727042372256
122,313464,275.0,0.0,981.0,0.0,158.00310593393257
82,261880,166.0,0.0,736.0,0.0,80.62721185796104
125,417765,0.0,0.0,0.0,0.0,178.04764262905456
27,271428,0.0,0.0,0.0,0.0,91.40797974825999
87,306216,67.0,0.0,221.0,0.0,125.9598050419541
60,276132,345.0,2.0,1300.0,5.0,132.17978457214622
171,478323,190.0,0.0,626.0,0.0,253.62728209379273
454,384585,893.0,25.0,3321.0,84.0,304.5262625646495
501,441738,1058.0,0.0,3819.0,0.0,343.2567813601735
143,314763,0.0,0.0,0.0,0.0,117.06471585012919
208,308588,232.0,0.0,845.0,0.0,144.93025498706749
237,283791,558.0,0.0,1981.0,0.0,185.3654037377151
309,295527,372.0,0.0,1398.0,0.0,147.1412121838099
456,409015,353.0,0.0,1246.0,0.0,229.19543445924222
150,286440,357.0,0.0,1395.0,0.0,128.8445415968784
291,342894,54.0,0.0,207.0,0.0,138.88264132455333
293,371725,0.0,0.0,0.0,0.0,150.7893957124731
121,289953,270.0,3.0,1050.0,13.0,134.61830719100908
118,349858,164.0,0.0,587.0,0.0,162.30124870151167
230,396519,1261.0,0.0,4253.0,0.0,408.40504640401946
225,329622,799.0,0.0,3105.0,0.0,193.36841518436142
57,266020,52.0,0.0,188.0,0.0,95.56554031448022
123,359462,110.0,0.0,417.0,0.0,155.02905618778385
190,334580,90.0,0.0,325.0,0.0,141.61593869832694
82,266426,0.0,0.0,0.0,0.0,88.44651686648892
286,319728,293.0,3.0,1059.0,18.0,179.48553142933613
87,298554,102.0,0.0,357.0,0.0,124.38347332792993
131,361257,134.0,0.0,570.0,0.0,145.53435072341534
52,322308,35.0,0.0,159.0,0.0,119.64593028190174
1072,504551,4299.0,193.0,15817.0,620.0,1035.1873942955053
173,380184,0.0,0.0,0.0,0.0,155.797595336004
235,388233,1280.0,7.0,4676.0,42.0,373.4206951743404
577,355667,709.0,0.0,2445.0,0.0,266.55084948231377
166,383364,504.0,0.0,1826.0,0.0,228.19954120420527
66,284987,0.0,0.0,0.0,0.0,99.43566371745912
99,321516,0.0,0.0,0.0,0.0,121.06286835724636
70,322759,0.0,0.0,0.0,0.0,121.79879365953373
108,297282,60.0,0.0,179.0,0.0,123.19657540793419
215,347413,0.0,0.0,0.0,0.0,136.3953362199464
143,419545,824.0,0.0,3193.0,0.0,250.64842900848487
75,295719,0.0,0.0,0.0,0.0,105.78960606995157
152,482698,0.0,0.0,0.0,0.0,216.4915989069517
77,288937,0.0,0.0,0.0,0.0,101.77428394596687
66,394638,141.0,0.0,543.0,0.0,177.30910449500243
104,371085,234.0,0.0,822.0,0.0,188.58430605831808
109,397810,50.0,0.0,166.0,0.0,176.42122799926565
260,338382,1611.0,0.0,6160.0,0.0,288.3378435386985
129,353569,153.0,0.0,543.0,0.0,163.8329481566832
161,362722,1054.0,0.0,4080.0,0.0,237.87209577283136
10,223017,0.0,0.0,0.0,0.0,62.74596863881983
300,431684,850.0,0.0,3137.0,0.0,293.11843441039616
127,378321,137.0,0.0,512.0,0.0,170.56689420385962
74,372410,273.0,0.0,1074.0,0.0,171.50185574010527
122,359493,0.0,0.0,0.0,0.0,143.54736972890174
100,297351,448.0,0.0,1481.0,0.0,199.3808219060511
137,337461,293.0,0.0,1149.0,0.0,153.07339745246654
53,280080,465.0,0.0,1755.0,3.0,151.79803023200873
29,331863,99.0,0.0,357.0,0.0,141.39451308345116
15,242479,14.0,0.0,51.0,0.0,76.16889992232717
31,194176,19.0,0.0,79.0,0.0,46.187782669891476
95,342464,0.0,0.0,0.0,0.0,133.4652522931401
30,340711,0.0,0.0,0.0,0.0,132.42737855628593
21,383057,200.0,0.0,699.0,0.0,190.8766902557266
25,315368,0.0,0.0,0.0,0.0,117.42290958133101
51,320350,396.0,4.0,1433.0,14.0,183.3532331060577
175,291933,524.0,28.0,1972.0,103.0,220.21292291249054
34,304633,0.0,0.0,0.0,0.0,111.0671910615764
185,312026,142.0,0.0,555.0,0.0,126.77317566836977
259,292623,632.0,0.0,2378.0,0.0,173.7913149450181
56,220347,282.0,5.0,1080.0,31.0,119.9243236136951
21,180381,0.0,0.0,0.0,0.0,37.503079509033384
98,329034,0.0,0.0,0.0,0.0,125.51394351621376
132,376718,130.0,0.0,464.0,0.0,173.40815896525527
502,386193,2007.0,0.0,7624.0,0.0,365.8823945770621
218,369385,317.0,0.0,1066.0,0.0,211.13933052521574
270,422507,485.0,0.0,1812.0,0.0,237.1623042081108
105,371372,332.0,0.0,1254.0,0.0,186.25495066598228
76,334102,0.0,0.0,0.0,0.0,128.5144820777523
222,404806,90.0,0.0,355.0,0.0,176.87297777014476
194,484994,586.0,3.0,2394.0,16.0,257.3701741363363
281,487562,1217.0,27.0,5003.0,126.0,365.8956204083436
286,379222,497.0,11.0,1847.0,27.0,215.60328427753478
438,416359,950.0,9.0,3492.0,31.0,314.96546015386116
258,444778,283.0,0.0,1078.0,0.0,222.53747529513515
30,298652,0.0,0.0,0.0,0.0,107.52610559658784
304,464460,827.0,0.0,2864.0,0.0,349.26702104930814
164,360447,113.0,0.0,397.0,0.0,162.5357553365955
72,372384,128.0,0.0,553.0,0.0,150.28437642995036
25,275416,0.0,0.0,0.0,0.0,93.76909809542174
59,224614,284.0,0.0,1173.0,0.0,73.07591105641953
132,317702,516.0,0.0,1901.0,0.0,184.36128692577137
16,233378,190.0,0.0,712.0,0.0,90.48693625551135
282,218934,250.0,1.0,990.0,16.0,100.26218213160007
246,365406,30.0,0.0,150.0,0.0,142.5423074033832
73,291889,274.0,0.0,1135.0,0.0,111.88015725180651
135,345252,509.0,0.0,1810.0,0.0,213.5223776659965
265,434950,0.0,0.0,0.0,0.0,188.2221207624484
226,357552,545.0,0.0,2142.0,0.0,183.37287839288172
84,261882,252.0,0.0,1083.0,0.0,85.19869936897933
105,425277,252.0,0.0,949.0,0.0,210.16996776391903
71,392276,620.0,0.0,2510.0,0.0,194.1415250047238
187,311590,550.0,5.0,2009.0,45.0,243.69452391996037
68,310637,245.0,0.0,939.0,0.0,138.08084639225046
479,462316,1251.0,0.0,4624.0,0.0,360.16245620417
99,330737,374.0,0.0,1444.0,0.0,160.10230077598408
116,327296,61.0,0.0,248.0,0.0,127.3322481438977
453,511641,1704.0,0.0,6003.0,0.0,507.997101640412
141,427125,529.0,0.0,2124.0,0.0,213.90439912379497
273,311853,752.0,19.0,2935.0,77.0,228.02410804320152
38,285342,351.0,0.0,1394.0,4.0,129.67386281618485
101,352899,366.0,1.0,1457.0,7.0,170.91356447243373
81,322415,341.0,0.0,1271.0,0.0,161.81720113985426
282,475266,0.0,0.0,0.0,0.0,212.09144054283286
102,307236,502.0,0.0,1939.0,0.0,157.51317321262474
377,446704,1455.0,0.0,5584.0,0.0,332.92058000168595
207,419048,501.0,0.0,1882.0,0.0,234.81813252601268
267,447917,238.0,0.0,921.0,0.0,216.82792213145294
142,442911,391.0,0.0,1476.0,0.0,235.12874041654277
217,337210,425.0,0.0,1635.0,0.0,169.75876047280286
511,446186,1067.0,41.0,4044.0,192.0,461.62750056461937
415,479849,1241.0,41.0,4770.0,192.0,485.76293091669163
392,415104,340.0,0.0,1143.0,0.0,242.7591932742231
106,300839,366.0,0.0,1487.0,0.0,126.11540564380743
720,474513,1935.0,51.0,7086.0,222.0,631.1712309874192
237,335932,659.0,0.0,2404.0,0.0,218.3424532659231
451,465370,1204.0,0.0,4437.0,0.0,358.9167497095285
198,370820,123.0,0.0,401.0,0.0,176.86687841913476
353,564549,181.0,0.0,644.0,0.0,292.75624448671385
66,341321,268.0,0.0,969.0,0.0,170.701531234982
129,263996,230.0,1.0,756.0,3.0,136.44099164572773
148,389865,366.0,0.0,1368.0,0.0,203.89574550946992
222,406723,440.0,0.0,1654.0,0.0,220.45996895423394
112,376081,79.0,0.0,302.0,0.0,161.0969572805502
78,340513,0.0,0.0,0.0,0.0,132.31015151698352
196,357371,201.0,0.0,766.0,0.0,162.45623537844585
74,326729,239.0,0.0,893.0,0.0,151.88040828619367
94,323638,534.0,0.0,1838.0,0.0,217.40760547491521
16,209602,32.0,0.0,111.0,0.0,60.32101840908081
49,249161,223.0,0.0,771.0,0.0,117.2079034592904
640,369944,582.0,0.0,2181.0,0.0,215.91295721781046
193,354610,0.0,0.0,0.0,0.0,140.65636148186292
151,338700,1119.0,0.0,4463.0,0.0,201.66701638023744
229,408827,925.0,23.0,3646.0,99.0,312.4882374767185
278,425612,575.0,0.0,2349.0,0.0,207.15303522113834
652,484152,1784.0,3.0,6930.0,16.0,383.27825995726766
151,349299,108.0,0.0,416.0,0.0,147.4161855989455
106,348909,0.0,0.0,0.0,0.0,137.2810516280091
91,340475,638.0,0.0,2352.0,0.0,213.01977013768533
509,344528,1033.0,0.0,3952.0,4.0,241.78840089508856
41,243871,0.0,0.0,0.0,0.0,75.09269933383264
138,293661,364.0,1.0,1354.0,9.0,159.07993011818866
99,258170,0.0,0.0,0.0,0.0,83.55850456103069
179,360255,381.0,0.0,1525.0,0.0,166.8355372454589
29,221452,0.0,0.0,0.0,0.0,61.81940138372751
217,393144,149.0,0.0,564.0,0.0,179.22609299642988
103,231657,0.0,0.0,0.0,0.0,67.86133035383425
389,392295,386.0,0.0,988.0,0.0,303.461208655472
95,347419,606.0,0.0,2320.0,0.0,194.9691010272801
78,299119,176.0,0.0,681.0,0.0,123.2951525096941
107,255851,0.0,0.0,0.0,0.0,82.18552726738271
420,450515,403.0,0.0,1447.0,0.0,256.57969316376256
151,268988,163.0,0.0,687.0,0.0,92.44955704494038
59,274785,0.0,0.0,0.0,0.0,93.39551091461455
18,359103,0.0,0.0,0.0,0.0,143.31646798482126
87,363386,0.0,0.0,0.0,0.0,145.85224277942848
824,450455,2298.0,37.0,7811.0,141.0,713.3111569753323
24,335406,0.0,0.0,0.0,0.0,129.28652278103692
122,407800,831.0,4.0,3206.0,23.0,269.53853865702854
170,466601,509.0,0.0,1956.0,0.0,254.60716557809695
169,351545,518.0,0.0,1973.0,0.0,191.0351227648465
238,373771,1066.0,0.0,4416.0,0.0,184.46121612669242
592,503738,1973.0,0.0,7115.0,0.0,512.0058131817307
76,462811,284.0,0.0,1080.0,0.0,233.69588727255257
91,306904,166.0,0.0,738.0,0.0,106.8625522409398
32,337022,187.0,0.0,697.0,0.0,152.30055162846168
81,329248,209.0,0.0,797.0,0.0,146.50048176778023
75,388478,0.0,0.0,0.0,0.0,160.7081057601162
267,439019,93.0,0.0,352.0,0.0,200.47079347099083
216,484024,289.0,0.0,1162.0,0.0,233.4949148567335
166,482695,0.0,0.0,0.0,0.0,216.48982273968954
142,485263,0.0,0.0,0.0,0.0,218.0102219160966
90,333249,654.0,0.0,2583.0,0.0,174.52440448750326
67,326232,45.0,0.0,150.0,0.0,132.89784207521038
33,324408,584.0,0.0,2000.0,0.0,228.8943021228369
122,289918,292.0,0.0,1011.0,0.0,153.09711652195847
277,387948,509.0,0.0,2052.0,0.0,187.81406575530315
558,413206,1319.0,0.0,4860.0,0.0,342.78490214029205
63,205582,0.0,0.0,0.0,0.0,52.423476566912825
67,286509,172.0,0.0,620.0,0.0,125.06836121110399
51,332602,0.0,0.0,0.0,0.0,127.62639844667343
157,389171,348.0,0.0,1287.0,0.0,204.29219112201247
34,251162,0.0,0.0,0.0,0.0,79.4093778366301
74,283724,87.0,0.0,331.0,0.0,107.53247225155553
177,465004,1524.0,5.0,5630.0,18.0,406.238141008238
111,396631,1169.0,0.0,4399.0,0.0,294.6119132714001
75,262275,156.0,0.0,558.0,0.0,109.33122134628246
105,370958,902.0,0.0,3173.0,0.0,296.54937422281876
229,389915,1100.0,33.0,3818.0,96.0,377.6122856901334
154,472817,0.0,0.0,0.0,0.0,210.64149600115803
98,351856,455.0,0.0,1762.0,0.0,178.7699667535067
283,297235,510.0,0.0,1750.0,0.0,198.63822160028468
21,271813,11.0,0.0,48.0,0.0,91.45858488671726
58,344514,18.0,0.0,78.0,0.0,134.5037011143209
305,590221,2083.0,0.0,8092.0,0.0,456.722802650831
67,385180,0.0,0.0,0.0,0.0,158.75550588325075
77,236712,0.0,0.0,0.0,0.0,70.85417219057011
150,419061,78.0,0.0,326.0,0.0,180.58373048783474
24,285929,0.0,0.0,0.0,0.0,99.99338023777666
153,331939,557.0,0.0,2006.0,0.0,207.70123213820074
282,233446,51.0,0.0,184.0,0.0,76.21942350486935
487,397746,460.0,0.0,1713.0,0.0,220.77940581073165
141,311400,102.0,0.0,402.0,0.0,122.50801907607004
240,376831,749.0,0.0,3014.0,0.0,195.32904655440052
94,299614,48.0,0.0,152.0,0.0,119.42686948256976
160,389779,0.0,0.0,0.0,0.0,161.47837029613862
63,248960,233.0,0.0,879.0,0.0,103.3669788492412
140,266175,445.0,0.0,1652.0,0.0,142.18533698149633
186,304951,0.0,0.0,0.0,0.0,111.25546479136513
463,512577,1817.0,31.0,7062.0,114.0,452.5847009551835
49,258243,15.0,0.0,50.0,0.0,86.61600422502718
19,215983,0.0,0.0,0.0,0.0,58.58144846481386
79,283278,0.0,0.0,0.0,0.0,98.42384043378324
67,425300,132.0,0.0,499.0,0.0,196.60379548178986
117,325207,311.0,0.0,1159.0,0.0,159.96992894217965
80,294772,0.0,0.0,0.0,0.0,105.22892927086376
172,331378,516.0,11.0,2037.0,62.0,222.92954186094533
23,332861,101.0,0.0,341.0,0.0,147.1629047300226
129,341212,590.0,3.0,2142.0,14.0,225.60572123561104
133,317252,191.0,0.0,682.0,0.0,147.36893733527066
147,330244,277.0,0.0,980.0,0.0,169.95498733482225
158,428031,0.0,0.0,0.0,0.0,184.1256870001585
114,287195,0.0,0.0,0.0,0.0,100.74292282240724
165,329718,307.0,0.0,1310.0,0.0,127.21366813528078
82,321857,226.0,0.0,964.0,0.0,122.29476776978174
106,351407,0.0,0.0,0.0,0.0,138.7600069016325
201,457374,620.0,0.0,2457.0,0.0,243.84968450040049
121,388478,254.0,0.0,929.0,0.0,194.4031838495352
169,276966,469.0,1.0,1922.0,2.0,112.66097636562893
436,326312,791.0,0.0,2892.0,0.0,229.05946803905545
339,299727,1116.0,106.0,4282.0,375.0,411.8126158421775
529,241137,403.0,0.0,1519.0,0.0,117.44663954226701
171,214055,304.0,0.0,1132.0,0.0,93.52761008427174
141,220240,281.0,8.0,1001.0,27.0,116.76610434554638
267,483600,621.0,0.0,2324.0,0.0,288.30181667602926
157,291513,178.0,0.0,545.0,0.0,149.25216969751585
182,395030,229.0,0.0,955.0,0.0,170.2232093109729
99,277980,60.0,0.0,243.0,0.0,98.28462284368095
704,386264,2127.0,0.0,7714.0,0.0,455.35223984742856
82,269177,86.0,0.0,320.0,0.0,100.33416712644944
103,312982,0.0,0.0,0.0,0.0,116.0102645521615
457,268630,869.0,0.0,3360.0,0.0,166.75946162386435
115,290999,104.0,0.0,413.0,0.0,109.9184081606183
112,335346,69.0,0.0,270.0,0.0,134.6891278182605
160,366767,472.0,0.0,1788.0,0.0,197.47542125010392
60,239663,36.0,0.0,167.0,0.0,69.933219390356
40,246496,0.0,0.0,0.0,0.0,76.6468456882207
155,305862,48.0,0.0,193.0,0.0,114.48778714044145
63,257243,0.0,0.0,0.0,0.0,83.00966887702394
163,383237,628.0,0.0,2520.0,0.0,193.9090312229937
187,332803,849.0,8.0,2943.0,29.0,290.64096832073085
85,378710,51.0,0.0,221.0,0.0,154.4283196430872
149,410023,243.0,0.0,881.0,0.0,207.33636139745133
94,384435,0.0,0.0,0.0,0.0,158.3144243464816
419,405375,297.0,0.0,1122.0,0.0,202.5838672225351
158,352881,524.0,0.0,1950.0,0.0,202.09144567077527
232,324972,340.0,0.0,1296.0,0.0,157.16061565732815
105,477790,124.0,0.0,521.0,0.0,215.81965763309427
335,364741,959.0,0.0,3566.0,0.0,261.552970477127
154,321722,465.0,0.0,1937.0,0.0,133.09087802664322
225,336176,699.0,0.0,2669.0,0.0,198.78428286099722
92,319231,428.0,0.0,1583.0,0.0,172.7797605015262
122,370465,119.0,0.0,469.0,0.0,158.7168566436565
151,373196,184.0,0.0,723.0,1.0,167.2019686335212
160,387385,0.0,0.0,0.0,0.0,160.06098882093676
399,374976,359.0,0.0,1402.0,0.0,181.59446413562483
146,385820,372.0,0.0,1324.0,0.0,216.1906842214375
36,213004,33.0,0.0,143.0,0.0,56.496394336674946
282,310435,99.0,0.0,378.0,0.0,124.28347456701636
576,435763,0.0,0.0,0.0,0.0,188.7034620904932
210,351298,440.0,0.0,1658.0,0.0,186.8025230108982
136,401631,205.0,0.0,797.0,0.0,185.74225960508028
152,283434,41.0,0.0,213.0,0.0,90.67264264919109
489,493607,3546.0,0.0,13008.0,0.0,685.2275659715697
148,375410,447.0,0.0,1650.0,0.0,209.08642206706122
244,359052,1016.0,9.0,3781.0,39.0,293.13821456340247
286,345981,823.0,0.0,3180.0,0.0,208.93014733394216
100,385600,428.0,5.0,1602.0,26.0,231.2977082495941
63,367032,153.0,0.0,586.0,0.0,162.744170192559
209,359232,73.0,0.0,263.0,0.0,153.91878797404829
335,464843,0.0,0.0,0.0,0.0,205.92044341834264
144,411324,163.0,0.0,604.0,0.0,194.207587184411
129,317850,205.0,3.0,775.0,10.0,145.3470465518896
224,314211,315.0,0.0,1164.0,0.0,156.01923296019302
126,299518,84.0,0.0,310.0,0.0,118.59812329344132
66,306900,165.0,0.0,714.0,0.0,111.01347021567508
205,331732,565.0,0.0,2277.0,0.0,157.70796045942967
217,377369,367.0,0.0,1431.0,0.0,184.12726180311353
183,378524,213.0,0.0,771.0,6.0,194.79782775899426
73,370365,145.0,0.0,503.0,0.0,174.97868673487898
86,349913,0.0,0.0,0.0,0.0,137.8754756050779
56,265238,171.0,0.0,702.0,0.0,94.29500142768114
262,377056,131.0,0.0,457.0,0.0,175.98634486839586
54,301416,127.0,0.0,472.0,0.0,124.42991966742876
202,285297,631.0,25.0,2443.0,75.0,179.0275785560226
168,407918,117.0,0.0,417.0,0.0,190.04044897066206
391,355002,437.0,1.0,1584.0,3.0,202.84360175907045
706,532141,3011.0,0.0,10956.0,0.0,657.1376330995195
116,384562,562.0,1.0,2221.0,14.0,217.43451976017593
37,295712,254.0,0.0,951.0,0.0,134.84538300675376
150,261408,128.0,0.0,488.0,0.0,98.27517841148227
101,346311,154.0,0.0,505.0,0.0,168.44523580806265
84,361288,57.0,0.0,198.0,0.0,154.37886071449736
80,273298,0.0,0.0,0.0,0.0,92.51512400833833
123,415308,83.0,0.0,326.0,0.0,182.87798750323654
212,331697,468.0,0.0,1700.0,0.0,191.63965919654424
176,316797,577.0,0.0,2173.0,0.0,181.6162393467573
361,325512,679.0,28.0,2476.0,103.0,273.9098455027197
213,318935,557.0,0.0,2269.0,0.0,144.590946908182
156,388246,0.0,0.0,0.0,0.0,160.570748825176
106,363449,55.0,0.0,210.0,0.0,151.32352896994868
224,407359,658.0,0.0,2218.0,0.0,298.9161146946998
306,346388,247.0,0.0,900.0,0.0,169.27079736549288
183,250326,316.0,0.0,1072.0,0.0,138.4823823889397
396,440650,697.0,0.0,2545.0,0.0,284.95764782983304
344,396432,1277.0,3.0,4684.0,18.0,349.9476317601326
148,284260,204.0,0.0,729.0,0.0,129.6756834186016
452,384270,230.0,0.0,907.0,0.0,174.86900714908677
644,351130,472.0,0.0,1608.0,0.0,226.14145529766176
414,434759,822.0,0.0,2764.0,0.0,348.2350252120965
209,382988,0.0,0.0,0.0,0.0,157.45771967036745
167,388100,87.0,0.0,356.0,0.0,164.0616600429828
222,359218,1159.0,35.0,4316.0,125.0,348.1974015894373
203,408503,1223.0,0.0,4940.0,0.0,236.43349703063564
107,347837,577.0,0.0,2190.0,0.0,196.4119379089247
201,346910,692.0,0.0,2409.0,0.0,253.59579553358282
196,396195,333.0,0.0,1241.0,0.0,204.59375536955656
69,335529,0.0,0.0,0.0,0.0,129.35934563878538
92,313173,210.0,0.0,749.0,6.0,158.03180358202488
127,343099,452.0,23.0,1730.0,66.0,194.83944355605206
432,377840,987.0,0.0,3811.0,0.0,242.98047424053357
96,392116,74.0,0.0,335.0,0.0,159.12159389291475
265,443572,838.0,13.0,3100.0,48.0,324.7310339790456
117,271597,239.0,0.0,868.0,0.0,124.50641404733247
60,365263,0.0,0.0,0.0,0.0,146.96353142978523
116,385235,100.0,0.0,388.0,0.0,167.3656039847961
63,193236,0.0,0.0,0.0,0.0,45.11395622737949
129,266730,110.0,0.0,366.0,0.0,110.8716781338541
120,249023,102.0,0.0,319.0,0.0,103.06453963617183
101,340065,381.0,0.0,1448.0,0.0,171.10498023932155
150,300777,219.0,0.0,762.0,0.0,146.05065994586414
150,291269,226.0,0.0,805.0,0.0,137.68450841990344
61,202112,0.0,0.0,0.0,0.0,50.369043100350325
72,251082,0.0,0.0,0.0,0.0,79.36201337630588
95,286346,254.0,0.0,919.0,0.0,136.0422350140622
155,237520,0.0,0.0,0.0,0.0,71.33255323984461
230,240646,163.0,0.0,491.0,0.0,116.96454583714252
334,330943,57.0,0.0,191.0,0.0,137.88775146397003
43,244040,23.0,0.0,92.0,0.0,76.58408832960444
168,407725,0.0,0.0,0.0,0.0,172.1034028583665
484,327294,200.0,0.0,747.0,0.0,147.7488159428442
7,151772,0.0,0.0,0.0,0.0,20.5649564413427
229,284153,351.0,0.0,1349.0,0.0,131.76271078708896
216,410882,281.0,0.0,1011.0,0.0,214.77881578238197
199,397424,13.0,0.0,41.0,0.0,169.10861971936083
373,286362,150.0,0.0,548.0,0.0,120.27946701914044
259,281881,409.0,0.0,1537.0,0.0,143.19644891045152
15,186989,0.0,0.0,0.0,0.0,41.415383931812926
82,227866,125.0,0.0,488.0,0.0,75.70669895283345
91,424536,0.0,0.0,0.0,0.0,182.0564521397447
102,316882,121.0,0.0,415.0,0.0,140.1764330405042
255,290554,235.0,0.0,888.0,0.0,127.9032422937654
322,400385,1528.0,0.0,5444.0,0.0,400.93073865496876
267,271886,820.0,0.0,3011.0,0.0,197.95846237370745
306,362279,649.0,5.0,2448.0,27.0,240.5374875624961
269,472110,965.0,0.0,3766.0,0.0,288.4031066979019
271,343611,1135.0,35.0,4019.0,125.0,379.853840877774
378,306960,873.0,0.0,3345.0,0.0,196.22628664112904
98,330225,197.0,0.0,774.0,0.0,141.08578452070392
218,457336,874.0,0.0,3754.0,0.0,199.98873317386756
147,457218,218.0,0.0,813.0,0.0,227.0240695826584
178,384102,685.0,13.0,2730.0,70.0,266.0644754359771
177,431202,170.0,0.0,626.0,0.0,207.66405386563574
507,384964,377.0,0.0,1518.0,0.0,179.32647167025414
135,332282,360.0,0.0,1296.0,0.0,179.55351226089726
115,286055,107.0,0.0,445.0,0.0,102.95898366903394
96,252552,129.0,0.0,425.0,0.0,107.20858456145214
491,472342,1286.0,0.0,4653.0,0.0,391.6021236482924
66,299708,45.0,0.0,198.0,0.0,107.08108595507179
176,517134,0.0,0.0,0.0,0.0,236.87963085350685
102,344159,75.0,0.0,311.0,0.0,136.68815919771043
57,299582,0.0,0.0,0.0,0.0,108.07671744785675
106,333357,470.0,0.0,1958.0,0.0,140.07122116681063
192,400194,1107.0,0.0,4109.0,0.0,301.8197975799816
103,308858,163.0,0.0,565.0,0.0,141.7588710956215
14,314829,41.0,0.0,142.0,0.0,124.21914805340094
279,343562,589.0,16.0,2259.0,69.0,240.7652790189394
15,271338,0.0,0.0,0.0,0.0,91.35469473039525
231,297152,1259.0,0.0,4588.0,0.0,277.1869492331407
117,469270,278.0,0.0,1183.0,0.0,210.3995234700512
125,304106,278.0,0.0,1012.0,4.0,155.32923649364966
206,343675,907.0,18.0,3505.0,65.0,250.76000016874286
110,296045,200.0,0.0,638.0,0.0,152.21276055240426
74,374774,0.0,0.0,0.0,0.0,152.59457370657947
66,189033,24.0,0.0,89.0,0.0,45.552192749733564
468,426650,1674.0,0.0,5952.0,0.0,441.32537361643654
187,430687,0.0,0.0,0.0,0.0,185.69818708292217
16,206944,0.0,0.0,0.0,0.0,53.22985650393247
578,284277,660.0,6.0,2429.0,17.0,187.5249946238847
146,355599,283.0,0.0,1024.0,0.0,181.11573816658228
148,395406,0.0,0.0,0.0,0.0,164.8098680241926
234,368990,873.0,0.0,3332.0,0.0,235.69046133366612
221,339771,460.0,0.0,1669.0,0.0,195.72528699420945
181,345373,465.0,0.0,1666.0,0.0,204.19029242000119
173,307727,420.0,0.0,1472.0,0.0,182.12923624576217
232,328420,165.0,0.0,605.0,0.0,146.71960491083655
56,211331,161.0,0.0,577.0,0.0,79.68268534107771
80,372697,0.0,0.0,0.0,0.0,151.3648739054122
226,389912,698.0,0.0,2409.0,0.0,284.47486778178603
136,323846,222.0,0.0,797.0,0.0,155.0444264613272
69,327542,0.0,0.0,0.0,0.0,124.6305963311673
142,427291,841.0,0.0,3211.0,0.0,266.7973155772364
67,285272,90.0,0.0,346.0,0.0,107.9983857589058
84,234972,34.0,0.0,109.0,0.0,77.56934768102491
153,388285,0.0,0.0,0.0,0.0,160.59383899958408
104,328295,0.0,0.0,0.0,0.0,125.0764143139689
351,336174,1219.0,55.0,4679.0,155.0,281.444742882628
283,274857,536.0,0.0,1966.0,0.0,163.36484584155994
59,259858,14.0,0.0,46.0,0.0,87.51168159072053
155,256687,451.0,0.0,1756.0,0.0,120.07575255024238
119,261045,145.0,0.0,526.0,0.0,105.4093059957682
74,215921,175.0,0.0,650.0,0.0,79.66540668797643
163,260530,344.0,0.0,1258.0,0.0,130.6265324251807
295,399206,136.0,0.0,576.0,0.0,168.5446377756458
151,341555,191.0,0.0,644.0,0.0,169.76384818823183
251,359132,292.0,0.0,1142.0,0.0,166.47541185266672
120,301481,0.0,0.0,0.0,0.0,109.20103132480263
132,318179,0.0,0.0,0.0,0.0,119.08717830597284
127,267307,24.0,0.0,96.0,0.0,90.41994223624779
369,329196,499.0,3.0,1937.0,15.0,181.15925367507327
96,288321,0.0,0.0,0.0,0.0,101.40957760147047
170,278823,0.0,0.0,0.0,0.0,95.78623204947893
139,293036,0.0,0.0,0.0,0.0,104.20112048182845
174,245702,180.0,0.0,573.0,0.0,118.03671002796251
232,244854,582.0,0.0,2065.0,0.0,166.2926204175197
112,406315,342.0,0.0,1297.0,0.0,206.91601481963016
84,280990,57.0,0.0,225.0,0.0,101.14936629453038
92,393382,96.0,0.0,361.0,0.0,174.2646898858254
81,288442,289.0,0.0,1068.0,0.0,137.50422707942863
95,307280,228.0,0.0,811.0,0.0,147.70627633972808
165,443072,0.0,0.0,0.0,0.0,193.03079759686358
74,280227,22.0,0.0,128.0,0.0,89.5207594746978
30,257402,5.0,0.0,13.0,0.0,84.88109173362491
54,276016,0.0,0.0,0.0,0.0,94.12433154785329
102,325233,242.0,0.0,950.0,0.0,141.69516844101625
385,302227,751.0,0.0,2640.0,0.0,231.76348094295884
45,352702,464.0,1.0,1684.0,3.0,204.80068735643414
345,324756,691.0,28.0,2722.0,103.0,232.47175261682912
330,337197,1281.0,78.0,4952.0,321.0,464.960551651665
269,451189,731.0,0.0,2846.0,0.0,258.4903987257095
161,306264,0.0,0.0,0.0,0.0,112.0328339964362
97,343017,276.0,0.0,1028.0,0.0,166.50099772961627
344,412830,1242.0,16.0,4601.0,62.0,366.4591795881132
92,360928,505.0,0.0,1932.0,0.0,193.48639872163193
155,319044,418.0,0.0,1373.0,0.0,207.88123974075393
114,334862,139.0,2.0,529.0,6.0,144.9952635578503
344,387594,661.0,0.0,2383.0,0.0,255.16020235452856
77,276564,149.0,0.0,521.0,0.0,119.26385776991263
57,234334,0.0,0.0,0.0,0.0,69.44626360743304
170,337618,115.0,0.0,390.0,0.0,152.30103403767185
167,436906,594.0,15.0,2277.0,33.0,240.6094531447347
237,326491,0.0,0.0,0.0,0.0,124.00834573365803
131,250772,287.0,2.0,1099.0,6.0,108.79736817294372
198,331078,136.0,0.0,510.0,0.0,142.114533650566
92,235288,187.0,0.0,746.0,0.0,81.74459330228478
146,290181,0.0,0.0,0.0,0.0,102.5108013040083
104,360491,0.0,0.0,0.0,0.0,144.13824137144627
139,449288,0.0,0.0,0.0,0.0,196.7110161640545
284,281318,228.0,0.0,836.0,0.0,127.06810125944818
530,420144,977.0,25.0,3712.0,74.0,302.3521655788272
116,470017,0.0,0.0,0.0,0.0,208.98373988981075
28,306142,163.0,0.0,592.0,0.0,134.46224618656288
266,440212,178.0,0.0,603.0,0.0,225.07030953230858
143,403931,350.0,0.0,1275.0,0.0,217.36569828088506
155,316169,610.0,0.0,2459.0,0.0,150.79458934119612
159,541334,512.0,0.0,1847.0,0.0,324.52810846987586
143,356055,1204.0,0.0,4721.0,0.0,234.3605149323546
111,270978,0.0,0.0,0.0,0.0,91.14155465893633
367,386756,599.0,9.0,2384.0,26.0,205.48172639871848
92,318114,151.0,0.0,559.0,0.0,137.66409139272142
171,318207,367.0,2.0,1420.0,20.0,176.76007389268034
162,419947,348.0,0.0,1410.0,0.0,196.59855892838823
168,375650,234.0,0.0,1012.0,0.0,151.25614126446334
165,450267,151.0,0.0,535.0,0.0,220.96257010785774
55,298404,0.0,0.0,0.0,0.0,107.37927576958278
170,343013,927.0,0.0,3468.0,0.0,240.43234907354122
135,220842,144.0,0.0,554.0,0.0,74.80434963872507
328,377555,1146.0,0.0,4079.0,0.0,329.9636053070817
167,379165,291.0,0.0,1020.0,0.0,203.13686745813428
161,415170,0.0,0.0,0.0,0.0,176.51125794728807
54,379138,345.0,0.0,1218.0,0.0,210.17988750362935
126,317300,331.0,3.0,1297.0,15.0,157.21134247202878
203,318377,651.0,12.0,2518.0,45.0,203.35525081672824
224,305366,924.0,0.0,3341.0,0.0,242.19097659982378
138,392586,676.0,35.0,2634.0,100.0,244.26166772775633
123,530183,236.0,0.0,867.0,0.0,275.10468685230273
120,319122,451.0,0.0,1874.0,0.0,132.17945819288258
41,238273,18.0,0.0,68.0,0.0,73.70999518544575
485,427943,2355.0,81.0,9173.0,309.0,567.2456012787889
252,409867,525.0,4.0,2071.0,15.0,220.12384230257362
184,466135,49.0,0.0,191.0,0.0,210.70296534927056
277,403153,821.0,24.0,2988.0,62.0,287.9092647903327
136,310423,124.0,0.0,487.0,0.0,123.89248633182396
215,407161,916.0,0.0,3476.0,0.0,266.79029706177107
132,378330,0.0,0.0,0.0,0.0,154.69992396799046
17,247893,36.0,0.0,136.0,0.0,81.33719550223122
172,340810,376.0,0.0,1515.0,0.0,152.91366028497163
277,418202,0.0,0.0,0.0,0.0,178.30637099357557
85,289358,97.0,0.0,395.0,0.0,106.4165064910802
381,325508,700.0,0.0,2535.0,0.0,221.6037989903524
111,301669,0.0,0.0,0.0,0.0,109.31233780656451
360,385983,518.0,0.0,1932.0,0.0,220.06258551635875
73,391431,0.0,0.0,0.0,0.0,162.45644640183355
79,349259,0.0,0.0,0.0,0.0,137.4882711419275
274,408748,635.0,0.0,2454.0,0.0,229.24117501615046
272,313019,507.0,0.0,1811.0,0.0,192.42145869773202
516,393773,1080.0,0.0,3739.0,0.0,351.5854085620424
210,398428,275.0,0.0,956.0,0.0,213.57375461482368
140,396315,636.0,0.0,2407.0,0.0,232.68577463399163
133,309423,256.0,0.0,993.0,0.0,135.92062071752179
156,431745,222.0,0.0,783.0,0.0,221.87629548024526
20,225924,220.0,0.0,837.0,0.0,86.83508825913819
520,317123,182.0,0.0,609.0,0.0,154.54361896756168
73,226031,69.0,0.0,244.0,0.0,75.44646560131015
247,369588,634.0,5.0,2452.0,19.0,217.09694010091857
145,388503,797.0,0.0,3046.0,0.0,238.8534008154046
287,390136,563.0,0.0,2059.0,0.0,236.41007755087224
97,363276,133.0,0.0,420.0,0.0,177.42980440017385
70,309103,151.0,0.0,602.0,0.0,123.26945241201929
132,357923,536.0,0.0,1954.0,0.0,215.07281643260467
301,300659,498.0,3.0,1896.0,15.0,171.99875686305103
377,361763,807.0,6.0,2852.0,21.0,283.74532623982543
315,481382,2337.0,0.0,9248.0,0.0,378.1527342953368
273,351063,1070.0,72.0,4211.0,271.0,379.39827248932136
196,445057,585.0,0.0,2068.0,0.0,286.9016370710999
822,436560,2179.0,158.0,8617.0,586.0,681.881790326513
166,427972,284.0,0.0,975.0,0.0,235.19159595009322
70,389921,73.0,0.0,213.0,0.0,182.62283419730122
89,454700,73.0,0.0,226.0,0.0,218.2366576204197
141,394033,245.0,0.0,818.0,0.0,212.9492902500822
114,325121,0.0,0.0,0.0,0.0,123.19722935060595
260,395187,692.0,25.0,2479.0,75.0,291.60193897053284
42,278006,0.0,0.0,0.0,0.0,95.30252249841796
135,309449,403.0,0.0,1457.0,0.0,170.95386672515258
583,412901,1253.0,0.0,4509.0,0.0,356.94174655221093
371,292790,487.0,0.0,1696.0,0.0,186.60902233796298
363,309947,303.0,2.0,1101.0,8.0,161.2069648676499
165,401326,0.0,0.0,0.0,0.0,168.31483808818393
523,414984,1561.0,0.0,5688.0,0.0,387.97325725355813
257,298943,644.0,0.0,2584.0,0.0,144.97016632450993
287,352306,646.0,5.0,2502.0,14.0,198.8093165396819
171,275637,457.0,0.0,1790.0,0.0,129.55127571472212
122,312049,906.0,0.0,3366.0,0.0,224.62198947329068
31,327032,0.0,0.0,0.0,0.0,124.32864789660049
235,366731,194.0,0.0,554.0,0.0,206.3411941453158
129,338437,545.0,3.0,2166.0,17.0,183.27620167950113
358,331155,1192.0,55.0,4269.0,188.0,395.64562548063907
96,462708,0.0,0.0,0.0,0.0,204.65640438344036
119,349227,568.0,0.0,2042.0,0.0,220.28762301232098
215,370479,388.0,2.0,1467.0,4.0,190.02104858234208
416,465951,1654.0,0.0,6393.0,0.0,353.61496357450096
158,338738,392.0,0.0,1542.0,0.0,160.45029451467866
573,374325,553.0,0.0,2201.0,0.0,188.0987694913669
489,417638,635.0,0.0,2493.0,0.0,226.28768186371428
238,351283,232.0,3.0,852.0,4.0,163.27360580597545
234,394596,427.0,0.0,1563.0,0.0,220.71057282848085
118,315627,661.0,0.0,2559.0,0.0,175.4704718039178
180,307708,167.0,0.0,596.0,0.0,138.15964353072758
78,313994,0.0,0.0,0.0,0.0,116.60942497526274
330,287128,124.0,0.0,452.0,0.0,117.47466057216175
130,318469,230.0,0.0,888.0,0.0,139.91423640778243
63,232825,82.0,0.0,297.0,0.0,80.04460825292169
138,259679,502.0,0.0,1859.0,0.0,146.211893216558
116,292880,122.0,0.0,453.0,0.0,118.86297942158514
97,281629,0.0,0.0,0.0,0.0,97.44754049535051
161,360294,0.0,0.0,0.0,0.0,144.02160638789786
234,286831,367.0,0.0,1272.0,0.0,164.02325999778213
614,505588,149.0,0.0,492.0,0.0,260.96881415459114
130,374838,125.0,0.0,492.0,0.0,161.8795614624808
191,367360,272.0,0.0,1035.0,0.0,175.8255945360311
255,394862,17.0,0.0,74.0,0.0,164.25203154225935
249,293472,0.0,0.0,0.0,0.0,104.45925679059538
276,372962,714.0,34.0,2834.0,113.0,250.61475110980768
299,364436,770.0,0.0,3051.0,0.0,199.16324205795718
211,353612,152.0,0.0,719.0,0.0,125.8739040033276
92,274113,229.0,0.0,824.0,0.0,126.23385532848332
63,256834,319.0,0.0,1170.0,0.0,124.39771010575024
186,256965,282.0,0.0,1030.0,0.0,120.5515288068305
195,360664,133.0,0.0,502.0,0.0,158.6068613836906
184,403315,213.0,0.0,830.0,0.0,187.01253396797503
179,224615,0.0,0.0,0.0,0.0,63.69207373379585
215,267266,96.0,0.0,356.0,0.0,100.65043112644162
66,388400,58.0,0.0,184.0,0.0,174.28356998284076
147,464203,152.0,0.0,449.0,0.0,248.23595671027547
250,489154,202.0,0.0,737.0,0.0,247.49234663536828
76,376520,230.0,0.0,852.0,0.0,181.8684669610253
213,344155,717.0,0.0,2510.0,0.0,253.26630991496552
312,299590,1068.0,22.0,3943.0,66.0,263.2753861270122
170,302340,25.0,0.0,116.0,0.0,107.8509010451914
129,330779,74.0,0.0,263.0,0.0,137.97627405606207
123,287535,291.0,0.0,1011.0,0.0,150.7829992079789
239,363428,539.0,0.0,2016.0,0.0,207.97911420283617
37,313225,170.0,0.0,603.0,0.0,142.66093787585382
181,372269,802.0,0.0,2891.0,0.0,266.41499624458766
763,360642,456.0,0.0,1310.0,0.0,280.10641963236606
169,381647,130.0,0.0,518.0,0.0,164.949198814877
87,389750,0.0,0.0,0.0,0.0,161.46120067927114
381,457212,1355.0,10.0,4768.0,39.0,445.45636275965126
156,320065,201.0,0.0,778.0,0.0,137.84073609284786
698,397024,359.0,0.0,1018.0,0.0,275.55266379815674
362,399634,836.0,0.0,3115.0,0.0,266.1327259263377
128,295658,354.0,0.0,1069.0,0.0,200.27696184162474
41,221030,0.0,0.0,0.0,0.0,61.5695538555173
219,424377,269.0,0.0,1044.0,0.0,204.97689161494728
360,532164,602.0,0.0,2284.0,0.0,308.3202494761735
78,317798,302.0,0.0,1127.0,0.0,154.19619799151897
1329,397376,503.0,0.0,1749.0,0.0,251.81522664610264
88,316151,134.0,0.0,473.0,0.0,139.26591142415674
276,412755,1001.0,34.0,3762.0,113.0,337.88739168236805
353,397767,1046.0,0.0,4011.0,0.0,265.93223917526984
101,342942,191.0,0.0,673.0,0.0,164.47505015056575
182,321902,634.0,0.0,2037.0,0.0,264.7775420883144
267,352565,1290.0,0.0,4831.0,0.0,286.7978234172308
435,461423,806.0,0.0,2917.0,0.0,317.33421621237267
234,404056,421.0,0.0,1361.0,0.0,263.45109618540175
66,382577,0.0,0.0,0.0,0.0,157.21438475545187
21,255602,0.0,0.0,0.0,0.0,82.03810538462362
1373,422276,303.0,0.0,795.0,0.0,286.9049768380603
105,481339,0.0,0.0,0.0,0.0,215.68699513719423
874,405637,514.0,0.0,1912.0,0.0,232.2996343730726
115,464958,69.0,0.0,281.0,0.0,209.10907983135615
233,314687,427.0,0.0,1555.0,0.0,175.08550112783325
658,451784,2290.0,0.0,8929.0,0.0,385.3861638934004
213,314082,48.0,0.0,162.0,0.0,125.88584269477613
223,358716,258.0,0.0,1032.0,0.0,158.6944531002172
110,299420,167.0,0.0,647.0,0.0,122.50754931026418
100,361019,0.0,0.0,0.0,0.0,144.45084680958604
607,431789,2125.0,0.0,7895.0,0.0,442.36438232910746
243,306818,94.0,0.0,331.0,0.0,127.52814700015182
85,369798,389.0,0.0,1531.0,0.0,178.44737926050476
177,390584,339.0,0.0,1182.0,0.0,219.12186892681763
131,274295,289.0,0.0,1223.0,0.0,96.47162804673479
123,342707,258.0,2.0,975.0,6.0,163.15923783576372
238,358942,0.0,0.0,0.0,0.0,143.22114700841877
174,386737,210.0,0.0,741.0,0.0,193.23900431417087
18,245717,90.0,0.0,304.0,0.0,93.42855604454704
112,277794,361.0,0.0,1408.0,0.0,124.59966508697408
63,238602,129.0,0.0,461.0,0.0,91.36460481768277
289,401220,1376.0,0.0,5492.0,0.0,254.01827119497557
179,340864,53.0,0.0,174.0,0.0,143.73025483526203
24,239941,82.0,0.0,321.0,0.0,79.20114234893617
167,302720,296.0,0.0,1104.0,0.0,144.69553632556162
78,258617,271.0,0.0,1080.0,0.0,101.05942475259792
58,384862,74.0,0.0,300.0,0.0,162.20093448401025
75,276609,47.0,0.0,191.0,0.0,96.68650960255397
58,295523,0.0,0.0,0.0,0.0,105.67356314215725
42,319517,10.0,0.0,32.0,0.0,122.16978722585252
196,324265,192.0,0.0,836.0,0.0,119.97817545414452
92,347562,0.0,0.0,0.0,0.0,136.48355252730022
275,429656,742.0,0.0,2957.0,0.0,232.29092239105466
114,393659,348.0,0.0,1299.0,0.0,204.42107002128864
207,263752,518.0,0.0,1988.0,0.0,135.8964377931672
296,368348,772.0,11.0,3008.0,34.0,224.65308100301343
181,411834,117.0,0.0,456.0,0.0,184.14207049756834
552,344647,132.0,0.0,473.0,0.0,154.330635287495
83,230614,94.0,0.0,402.0,0.0,67.45221531259924
148,290095,0.0,0.0,0.0,0.0,102.45988450915978
245,495733,635.0,0.0,2515.0,0.0,267.8891192141133
106,288474,0.0,0.0,0.0,0.0,101.50016213184053
68,299707,151.0,0.0,586.0,0.0,121.07751964682359
240,396690,753.0,0.0,2731.0,0.0,270.3246466615918
371,359210,876.0,2.0,3074.0,12.0,298.9336847186173
275,292424,93.0,0.0,340.0,0.0,116.20664753056263
111,303122,316.0,1.0,1078.0,5.0,172.7873921748395
126,303641,286.0,0.0,1052.0,3.0,152.18031038340004
127,381875,409.0,0.0,1622.0,0.0,184.48991176306077
48,213127,131.0,0.0,487.0,0.0,72.61056885002833
126,257006,232.0,0.0,813.0,0.0,121.13288128129153
119,239350,281.0,4.0,1052.0,10.0,105.10743239949608
286,326757,512.0,8.0,1967.0,23.0,178.26677966729903
246,403557,425.0,0.0,1686.0,0.0,198.29474745605495
170,266511,521.0,0.0,1974.0,0.0,143.18931018721213
483,465034,1225.0,0.0,4395.0,0.0,386.53497210687556
194,356156,0.0,0.0,0.0,0.0,141.57167967762825
80,367466,0.0,0.0,0.0,0.0,148.26783025596308
177,278532,573.0,0.0,2056.0,0.0,179.99883852753663
46,253279,40.0,0.0,183.0,0.0,78.23662124594256
135,263059,22.0,0.0,84.0,0.0,88.62665981379976
272,382584,1410.0,0.0,5240.0,0.0,326.7887813560569
154,374724,414.0,0.0,1707.0,0.0,166.86380310806612
96,300497,237.0,0.0,910.0,0.0,130.96139279811638
72,177941,136.0,0.0,460.0,0.0,61.98333882934662
69,307009,813.0,0.0,2933.0,0.0,228.86423507071834
177,390844,0.0,0.0,0.0,0.0,162.10890967420465
55,337990,0.0,0.0,0.0,0.0,130.8163948495088
192,500416,745.0,12.0,2813.0,36.0,318.83615385603423
385,456306,481.0,0.0,1784.0,0.0,259.4594932558399
108,458126,0.0,0.0,0.0,0.0,201.94360491837136
210,388015,1196.0,0.0,4566.0,0.0,278.7134154954093
346,400341,435.0,0.0,1640.0,0.0,215.11487208390628
322,509245,3506.0,0.0,13524.0,0.0,549.6407007993439
387,433758,770.0,0.0,2589.0,0.0,337.5440230494986
141,397410,310.0,0.0,1035.0,0.0,227.94031112405648
79,307312,179.0,0.0,643.0,0.0,138.86179052108469
771,526372,715.0,0.0,2237.0,0.0,416.86051798876815
56,295608,154.0,0.0,559.0,0.0,127.04902994823047
76,323183,0.0,0.0,0.0,0.0,122.04982529925205
157,326333,496.0,0.0,2035.0,0.0,143.17403263603865
100,283951,669.0,0.0,2598.0,0.0,155.72563254916213
286,358416,1556.0,0.0,5574.0,0.0,373.9841446846126
108,262317,183.0,0.0,694.0,0.0,105.09009954490156
75,205368,248.0,1.0,801.0,2.0,106.8353665145261
86,357034,66.0,0.0,204.0,0.0,158.7253579429518
450,454601,838.0,0.0,3191.0,0.0,284.4703917390493
164,378797,333.0,0.0,1240.0,0.0,194.50385830429212
157,367091,67.0,0.0,314.0,0.0,142.40712730183873
330,368293,1150.0,6.0,4012.0,21.0,353.02649463308285
236,318029,547.0,0.0,1817.0,0.0,230.25346244596898
133,408759,126.0,0.0,505.0,0.0,180.12697687911657
250,322799,677.0,0.0,2655.0,0.0,173.94253230584377
155,293968,228.0,0.0,795.0,0.0,143.19585324166243
95,343905,0.0,0.0,0.0,0.0,134.31840463472992
75,317644,301.0,0.0,1192.0,0.0,139.50699161004988
64,398332,924.0,0.0,3191.0,0.0,328.83537339247584
226,366248,532.0,6.0,2060.0,44.0,243.33016660526607
159,350687,0.0,0.0,0.0,0.0,138.3337267587146
953,561642,6603.0,0.0,25191.0,0.0,919.9151955665657
214,351723,201.0,0.0,681.0,0.0,177.02086469768267
175,333647,398.0,24.0,1631.0,81.0,182.3575899596316
156,365573,258.0,0.0,1015.0,0.0,166.335891449381
662,349931,1187.0,96.0,4643.0,410.0,528.6226901270851
85,309690,0.0,0.0,0.0,0.0,114.06121700982037
21,284067,0.0,0.0,0.0,0.0,98.89097242373073
55,328233,0.0,0.0,0.0,0.0,125.03970685721764
277,397892,594.0,2.0,2281.0,4.0,220.81945388854314
266,337306,673.0,0.0,2406.0,0.0,231.38003831351728
34,176651,0.0,0.0,0.0,0.0,35.294711546417204
171,353555,838.0,0.0,3032.0,0.0,258.1450680701332
124,240080,259.0,3.0,1032.0,6.0,87.24302822331023
315,400290,104.0,0.0,402.0,0.0,176.94235195794968
225,306527,437.0,0.0,1692.0,0.0,150.42242540274248
170,360188,0.0,0.0,0.0,0.0,143.95884847796833
102,306197,0.0,0.0,0.0,0.0,111.99316626091466
130,340028,115.0,0.0,445.0,0.0,142.1399964990925
105,361533,330.0,0.0,1070.0,0.0,217.3899828463632
108,245202,175.0,0.0,714.0,0.0,83.51729882286045
294,362998,241.0,0.0,914.0,0.0,170.7357075154759
157,225340,141.0,0.0,490.0,0.0,88.241763463767
48,336364,488.0,0.0,2007.0,0.0,147.7862467131568
239,350130,1947.0,1.0,7391.0,2.0,338.7215223893031
289,334321,579.0,15.0,2226.0,58.0,218.87107425220933
83,317806,0.0,0.0,0.0,0.0,118.86634150971123
294,416984,1062.0,0.0,4029.0,0.0,287.96934884668667
125,414354,687.0,0.0,2543.0,0.0,260.77784308802893
170,395544,478.0,0.0,1757.0,0.0,226.4638576529312
147,303337,0.0,0.0,0.0,0.0,110.29988680432423
649,380513,932.0,0.0,3535.0,0.0,253.03452288011658
99,341300,205.0,0.0,771.0,0.0,155.50085644464227
196,413088,729.0,0.0,2557.0,0.0,295.0150902780349
131,337601,90.0,0.0,277.0,0.0,153.51760843096736
193,338525,212.0,0.0,661.0,0.0,183.3564247033442
13,270869,0.0,0.0,0.0,0.0,91.07702058174458
81,164374,116.0,0.0,489.0,0.0,29.775970004133328
121,245223,0.0,0.0,0.0,0.0,75.89315871331173
75,228573,87.0,0.0,368.0,0.0,67.08451444132261
219,330749,733.0,0.0,2725.0,0.0,214.483062804621
241,306077,0.0,0.0,0.0,0.0,111.92211957042834
144,299803,390.0,0.0,1463.0,2.0,155.5806334851398
103,293491,0.0,0.0,0.0,0.0,104.47050584992239
108,263787,404.0,0.0,1510.0,0.0,133.65615131731448
132,246862,224.0,0.0,833.0,0.0,103.68730122075098
135,285555,527.0,22.0,2054.0,92.0,207.7731871163396
193,268630,511.0,13.0,1755.0,41.0,197.46565139942277
147,330035,205.0,0.0,788.0,0.0,145.24963633161462
92,263706,0.0,0.0,0.0,0.0,86.83612521546586
83,300538,41.0,0.0,140.0,0.0,116.17945715972061
359,479234,1467.0,0.0,5464.0,0.0,388.3018083550023
257,378338,1123.0,19.0,4264.0,62.0,297.405753563895
57,298160,9.0,0.0,23.0,0.0,110.51820452816295
111,329851,0.0,0.0,0.0,0.0,125.99765306727473
534,458268,1727.0,0.0,7066.0,0.0,273.20967707857994
51,264209,19.0,0.0,73.0,0.0,88.91535695591278
198,489872,340.0,0.0,1459.0,0.0,220.44831167054798
38,193378,0.0,0.0,0.0,0.0,45.198028144454966
164,302361,370.0,0.0,1469.0,0.0,134.4219092971323
257,360174,584.0,0.0,2336.0,0.0,179.2782831247493
237,354990,332.0,0.0,1234.0,0.0,180.76967217794572
476,403719,1620.0,6.0,5731.0,9.0,416.28853933863206
98,255573,334.0,0.0,1377.0,0.0,93.58724322624346
212,250389,488.0,7.0,1782.0,31.0,167.7778403964008
270,299118,540.0,0.0,1857.0,0.0,204.30679916686853
139,308430,156.0,0.0,690.0,0.0,108.84661410054923
87,317710,101.0,0.0,380.0,4.0,136.66399940035507
73,228618,22.0,0.0,63.0,0.0,72.66013540707014
49,254682,121.0,0.0,505.0,0.0,84.38856020159373
40,361643,0.0,0.0,0.0,0.0,144.82028960011485
195,450739,275.0,0.0,1082.0,0.0,217.99797625349422
132,387703,206.0,0.0,834.0,0.0,170.60386459622967
90,287748,96.0,0.0,375.0,0.0,108.77382714983639
30,281715,78.0,0.0,328.0,0.0,98.84586300424178
100,246857,363.0,0.0,1340.0,0.0,122.41658130249408
189,419531,542.0,0.0,1946.0,0.0,258.65318959065155
114,352399,110.0,0.0,470.0,0.0,139.68085237854956
1255,429398,2162.0,0.0,7222.0,0.0,616.1626288866487
418,437516,0.0,0.0,0.0,0.0,189.74133582734737
247,417285,801.0,8.0,3082.0,24.0,259.6570833974721
497,409807,1175.0,0.0,4517.0,0.0,282.9710352375969
122,311714,518.0,9.0,1897.0,39.0,212.23172015725413
187,327062,192.0,0.0,686.0,0.0,153.2374969596282
290,416718,917.0,0.0,3399.0,0.0,289.57487102350865
135,462370,765.0,0.0,2939.0,0.0,276.22654971416034
80,417917,724.0,17.0,2699.0,52.0,281.5488571191895
787,510490,119.0,0.0,438.0,0.0,248.15082086089342
99,323014,285.0,0.0,1104.0,0.0,146.77498282551036
258,379138,0.0,0.0,0.0,0.0,155.17830501726496
290,352947,412.0,0.0,1583.0,0.0,178.28953707200776
342,353666,1031.0,10.0,3935.0,44.0,275.36299957418476
41,272311,482.0,0.0,1833.0,0.0,141.10368499761478
319,382965,328.0,0.0,1192.0,0.0,202.56837372646973
55,279665,0.0,0.0,0.0,0.0,96.28474299439121
166,334078,0.0,0.0,0.0,0.0,128.50027273965503
429,457075,1426.0,5.0,4980.0,20.0,453.3172961669768
236,284597,571.0,23.0,2095.0,66.0,190.78809916299315
277,288747,755.0,50.0,2869.0,209.0,326.14213582834475
131,338198,4.0,0.0,24.0,0.0,129.49600160481694
177,393351,71.0,0.0,260.0,0.0,172.9447081736523
137,354059,722.0,0.0,2517.0,0.0,262.171449757265
194,350849,611.0,0.0,2357.0,0.0,193.72060360556327
79,346379,230.0,0.0,846.0,0.0,165.28744814058197
487,376900,1318.0,0.0,4765.0,0.0,340.4019271371386
300,461171,1494.0,3.0,5770.0,12.0,345.44115010797236
296,390122,311.0,0.0,1141.0,0.0,202.1956292038717
80,297193,69.0,0.0,221.0,0.0,122.42418287728202
455,373362,0.0,0.0,0.0,0.0,151.7585909818572
185,342734,691.0,0.0,2672.0,0.0,194.80893004826828
85,348591,105.0,0.0,460.0,0.0,135.01695124418268
125,292139,0.0,0.0,0.0,0.0,103.67004647044327
83,349771,15.0,0.0,56.0,0.0,139.54154961949712
218,337284,0.0,0.0,0.0,0.0,130.39840348714768
212,345769,832.0,0.0,3590.0,0.0,130.55140064824366
187,376501,0.0,0.0,0.0,0.0,153.61705399382828
282,423730,317.0,0.0,1196.0,0.0,215.92503779265857
172,213300,43.0,0.0,192.0,0.0,55.380369117206655
195,352468,146.0,0.0,534.0,0.0,158.75455610064952
120,393427,264.0,0.0,1114.0,0.0,167.38829770467228
303,342671,887.0,0.0,3188.0,0.0,263.0928321707097
118,310195,129.0,0.0,434.0,0.0,139.4402538986219
93,225615,0.0,0.0,0.0,0.0,64.28412948784846
327,308335,70.0,0.0,266.0,0.0,120.44311407258871
181,321012,26.0,0.0,109.0,0.0,121.28383714313233
166,283720,222.0,1.0,867.0,4.0,119.17828901813505
106,311872,196.0,0.0,833.0,0.0,116.88588913368764
192,304827,266.0,0.0,960.0,0.0,149.1847521361261
51,283192,0.0,0.0,0.0,0.0,98.37292363893472
159,409223,139.0,0.0,493.0,0.0,194.67218795084787
144,339924,38.0,0.0,121.0,0.0,140.7915096637299
235,329620,318.0,0.0,1181.0,0.0,164.27025338698098
115,325781,100.0,0.0,449.0,0.0,119.31349561505104
289,286689,636.0,0.0,2306.0,0.0,189.06065385823024
121,298700,67.0,0.0,226.0,0.0,120.45646927578152
94,331230,0.0,0.0,0.0,0.0,126.81409795211327
84,220971,230.0,0.0,919.0,0.0,75.65862724314016
150,318731,464.0,0.0,1826.0,0.0,153.80326356963462
140,268710,330.0,0.0,1285.0,0.0,117.1354686832679
65,287965,0.0,0.0,0.0,0.0,101.19880575302774
239,385725,433.0,0.0,1718.0,0.0,188.2211506666019
90,335704,89.0,0.0,329.0,0.0,140.5354051388392
93,301944,0.0,0.0,0.0,0.0,109.47515313892897
78,299934,0.0,0.0,0.0,0.0,108.28512107328326
193,315112,174.0,0.0,693.0,0.0,128.42913595520088
101,291035,471.0,0.0,1556.0,0.0,200.6144413804169
184,241456,422.0,11.0,1535.0,57.0,182.1909493516182
134,322888,168.0,0.0,679.0,0.0,130.56311599867766
59,388073,122.0,0.0,475.0,0.0,170.58738605477532
173,403389,748.0,0.0,3063.0,0.0,199.82585657506684
130,315231,71.0,0.0,244.0,0.0,130.06433576694607
80,277339,602.0,0.0,2382.0,0.0,136.80212546294058
134,350040,0.0,0.0,0.0,0.0,137.95066668584258
152,375914,0.0,0.0,0.0,0.0,153.2695172661994
146,267569,384.0,0.0,1330.0,0.0,155.754347011375
234,602033,1246.0,0.0,4723.0,0.0,417.5082623022522
74,397853,184.0,0.0,809.0,0.0,162.00898814784074
114,400352,664.0,8.0,2566.0,27.0,239.61841050587458
60,338416,0.0,0.0,0.0,0.0,131.0686106007352
164,329179,271.0,0.0,926.0,0.0,175.28216020642628
57,298184,234.0,0.0,948.0,0.0,118.8760426205551
298,378147,1147.0,5.0,4066.0,26.0,357.1831963726693
119,269387,305.0,0.0,1251.0,0.0,102.11850321420599
222,266018,375.0,0.0,1611.0,0.0,87.50323927650265
183,337723,850.0,5.0,3113.0,32.0,275.8040080010662
132,300900,210.0,2.0,806.0,9.0,135.67381887358889
81,263334,328.0,0.0,1308.0,0.0,107.30023433925561
184,424740,404.0,8.0,1549.0,30.0,238.49967463767086
255,381319,0.0,0.0,0.0,0.0,156.4695786168537
187,316368,815.0,0.0,3005.0,0.0,221.04217782756973
61,260009,0.0,0.0,0.0,0.0,84.64729509273342
131,232146,288.0,7.0,1041.0,22.0,117.39933371070089
227,420400,139.0,0.0,481.0,0.0,203.8178624388056
335,356913,1156.0,35.0,4131.0,98.0,337.95507092237926
70,261744,157.0,0.0,635.0,0.0,93.69703952476814
905,351280,1597.0,77.0,5528.0,272.0,559.4869819722321
631,410718,1798.0,0.0,6916.0,0.0,340.79140763190617
106,301336,335.0,0.0,1316.0,0.0,134.43676471932662
26,285157,0.0,0.0,0.0,0.0,99.53631319564808
87,369018,0.0,0.0,0.0,0.0,149.18670078625274
98,291248,53.0,0.0,161.0,0.0,117.093772810843
87,290734,434.0,6.0,1547.0,13.0,166.35319663455408
201,400572,127.0,0.0,452.0,0.0,187.349578891121
34,365122,154.0,0.0,539.0,0.0,172.41897251029565
153,372321,715.0,5.0,2749.0,12.0,217.59918644261904
44,226297,0.0,0.0,0.0,0.0,64.68791151211234
176,328890,763.0,12.0,2883.0,67.0,270.6269962578114
109,341600,0.0,0.0,0.0,0.0,132.95371612163865
67,272051,491.0,0.0,1654.0,0.0,186.7923075001467
141,411014,326.0,0.0,1306.0,0.0,193.34990908108358
151,400577,196.0,0.0,714.0,0.0,194.47617910229926
415,473875,0.0,0.0,0.0,0.0,211.26789098894568
283,316874,545.0,13.0,1864.0,38.0,228.7579915459823
413,399776,0.0,0.0,0.0,0.0,167.39715166940243
212,375607,0.0,0.0,0.0,0.0,153.08775614970529
708,416740,1469.0,46.0,5698.0,171.0,403.46072853205555
221,293634,395.0,0.0,1547.0,0.0,135.40251242139385
207,340561,289.0,0.0,1037.0,0.0,174.89293818091824
268,459247,529.0,5.0,1942.0,26.0,294.49469115509777
221,399318,0.0,0.0,0.0,0.0,167.12599013404633
252,479490,469.0,0.0,1657.0,0.0,289.10422828824585
231,403026,275.0,0.0,1095.0,0.0,187.0102637917282
140,329925,151.0,0.0,558.0,0.0,144.8675508475793
74,339998,0.0,0.0,0.0,0.0,132.0052428036464
153,327136,598.0,0.0,2302.0,0.0,179.5268475386212
37,274367,0.0,0.0,0.0,0.0,93.14803160942056
14,245904,13.0,0.0,45.0,0.0,78.55757609034103
219,291098,603.0,38.0,2231.0,156.0,284.63257637062503
191,320344,350.0,3.0,1290.0,10.0,169.28985312550236
262,483671,409.0,0.0,1503.0,0.0,269.83080360797493
850,485929,2692.0,41.0,10356.0,170.0,586.2825929789522
54,305412,0.0,0.0,0.0,0.0,111.52840249398336
165,462576,472.0,0.0,1897.0,0.0,231.23459612217937
361,390326,975.0,3.0,3906.0,9.0,222.41905456847962
185,387953,779.0,0.0,2902.0,0.0,252.60850591231804
97,284485,65.0,0.0,198.0,0.0,116.1331902525738
164,386336,388.0,0.0,1494.0,0.0,195.13103978743266
236,368553,204.0,0.0,782.0,0.0,168.41532507659616
415,434764,930.0,5.0,3685.0,24.0,271.62709036316915
352,407207,1038.0,12.0,3992.0,67.0,331.7343124572062
114,374571,0.0,0.0,0.0,0.0,152.4743863885068
359,361508,868.0,0.0,3065.0,0.0,282.9984059007728
101,363549,0.0,0.0,0.0,0.0,145.94874786733908
66,331923,355.0,0.0,1337.0,0.0,166.1864752913823
49,299551,0.0,0.0,0.0,0.0,108.05836371948111
149,405197,488.0,0.0,1920.0,0.0,206.86915853747013
103,345084,156.0,0.0,640.0,0.0,141.0822728967259
21,295773,0.0,0.0,0.0,0.0,105.82157708067042
217,484633,612.0,0.0,2431.0,0.0,258.2404572208512
144,319843,0.0,0.0,0.0,0.0,120.07235908071637
28,208703,0.0,0.0,0.0,0.0,54.27128257531098
89,310229,528.0,0.0,1963.0,0.0,177.71312118855843
194,413754,395.0,0.0,1586.0,0.0,198.30338079222787
228,304542,323.0,0.0,1095.0,0.0,172.05817060907967
44,263745,104.0,0.0,430.0,0.0,90.20080859604369
83,245400,202.0,0.0,727.0,0.0,105.2832777994586
76,323220,90.0,0.0,335.0,0.0,132.78329589486293
68,314233,143.0,0.0,414.0,0.0,158.69023223735073
289,370254,153.0,0.0,531.0,0.0,176.2396657379626
339,274608,102.0,0.0,394.0,0.0,102.4106153229082
64,257715,120.0,0.0,406.0,0.0,106.13922228208607
209,267190,489.0,16.0,1806.0,69.0,200.66604327863485
146,383336,298.0,0.0,1099.0,0.0,195.28464461712332
68,280402,0.0,0.0,0.0,0.0,96.72108808512799
41,274147,0.0,0.0,0.0,0.0,93.017779343529
147,277798,458.0,5.0,1656.0,32.0,193.2254647602001
381,462694,2008.0,0.0,7984.0,0.0,336.23048052255535
317,398416,309.0,0.0,1088.0,0.0,216.4661567422003
434,412348,1127.0,9.0,3799.0,31.0,407.78419481214587
356,316352,1055.0,0.0,3384.0,0.0,357.9612237543739
138,278169,0.0,0.0,0.0,0.0,95.39902758632853
219,330383,281.0,0.0,1093.0,0.0,149.84242625000428
80,384512,302.0,0.0,1138.0,0.0,191.37702718621455
258,401405,1157.0,0.0,4036.0,0.0,363.0794925949649
91,291210,52.0,0.0,198.0,0.0,108.37253532163845
194,325533,529.0,2.0,2108.0,10.0,165.74922977275634
245,474537,418.0,0.0,1570.0,0.0,258.4360431883507
142,371621,58.0,0.0,248.0,0.0,150.86537408606222
156,381378,0.0,0.0,0.0,0.0,156.50450990634278
258,314500,465.0,0.0,1820.0,0.0,153.46565778876618
75,331553,397.0,0.0,1431.0,0.0,184.09908893760684
192,317301,640.0,0.0,2159.0,0.0,241.76893313974773
29,211845,138.0,0.0,549.0,0.0,65.11157802579378
50,229718,0.0,0.0,0.0,0.0,66.71333424672626
172,379516,1269.0,95.0,4906.0,302.0,388.2617173158079
85,321205,0.0,0.0,0.0,0.0,120.87873901773601
25,214462,0.0,0.0,0.0,0.0,57.680931662899866
203,483311,3297.0,0.0,12480.0,0.0,565.4666576579812
153,329400,1181.0,5.0,4371.0,26.0,294.7725740588128
49,324532,88.0,0.0,372.0,0.0,123.95808522155716
210,320310,445.0,0.0,1600.0,0.0,185.19210030175168
12,217255,0.0,0.0,0.0,0.0,59.33454338396878
116,424398,467.0,0.0,1766.0,0.0,231.71510091388632
61,218029,209.0,0.0,866.0,0.0,66.11509573956135
434,439523,2099.0,0.0,7641.0,0.0,476.9738734877069
177,393811,1325.0,0.0,4938.0,0.0,320.28773389094795
103,283744,660.0,0.0,2427.0,0.0,183.50165031941742
113,254680,88.0,0.0,319.0,0.0,93.76832070783608
559,314746,1206.0,161.0,4651.0,626.0,621.2268725787978
303,274121,0.0,0.0,0.0,0.0,93.00238589392363
231,420349,0.0,0.0,0.0,0.0,179.57751469752645
20,259819,0.0,0.0,0.0,0.0,84.53480449946342
397,513618,1692.0,0.0,6231.0,0.0,450.29153526798154
127,275140,121.0,0.0,473.0,0.0,103.24288301776676
103,383527,0.0,0.0,0.0,0.0,157.77683772180183
407,408255,1167.0,13.0,4096.0,43.0,382.7837034198152
95,287452,411.0,0.0,1515.0,0.0,152.93644518276142
214,378586,700.0,0.0,2437.0,0.0,273.67645079073634
110,319774,31.0,0.0,102.0,0.0,126.54193698617499
56,305660,0.0,0.0,0.0,0.0,111.67523232098843
86,342973,109.0,0.0,390.0,0.0,150.0520018881901
570,524856,1706.0,12.0,6336.0,47.0,477.4631606874693
55,339834,0.0,0.0,0.0,0.0,131.9081456599818
96,337801,563.0,0.0,2021.0,0.0,213.43101952475064
175,324092,663.0,0.0,2183.0,0.0,261.50776351335656
295,476073,187.0,0.0,682.0,0.0,237.7868304413689
238,433049,0.0,0.0,0.0,0.0,187.09662277399445
209,472975,438.0,0.0,1635.0,0.0,261.8814397986925
126,388395,0.0,0.0,0.0,0.0,160.65896513252983
249,374239,304.0,0.0,932.0,0.0,230.50325773996406
444,396048,538.0,0.0,1711.0,0.0,290.64885228946997
127,285143,313.0,3.0,1118.0,8.0,147.92310402118787
70,178495,103.0,0.0,435.0,0.0,37.771362392274455
88,242688,105.0,0.0,365.0,0.0,92.33192037830317
172,252898,233.0,0.0,830.0,0.0,116.02225265209054
512,452732,1957.0,158.0,7455.0,586.0,735.7559122499833
143,284981,443.0,0.0,1688.0,3.0,148.9443887677894
675,373712,1020.0,0.0,4068.0,0.0,216.1966084643252
19,237236,0.0,0.0,0.0,0.0,71.16440940569366
80,362282,0.0,0.0,0.0,0.0,145.19861322695442
148,406936,346.0,0.0,1337.0,0.0,202.46911750147945
79,327327,0.0,0.0,0.0,0.0,124.50330434404599
96,277624,0.0,0.0,0.0,0.0,95.07635720036986
161,317091,173.0,0.0,711.0,0.0,124.90516485303093
107,390954,403.0,1.0,1407.0,6.0,235.72683605522388
53,384482,212.0,0.0,768.0,0.0,188.021814011875
317,424425,1377.0,64.0,5628.0,244.0,388.832616031126
58,295731,200.0,2.0,718.0,5.0,135.43342500357556
629,395413,755.0,0.0,2771.0,0.0,262.9475306181048
148,336436,216.0,1.0,907.0,11.0,148.246402047039
443,361341,700.0,0.0,2586.0,0.0,232.07379669444344
202,394358,453.0,0.0,1591.0,0.0,238.15483288809997
95,254368,0.0,0.0,0.0,0.0,81.30750858412271
73,353869,0.0,0.0,0.0,0.0,140.21764816810997
146,420390,120.0,0.0,461.0,0.0,190.86400016674583
81,262840,0.0,0.0,0.0,0.0,86.32340493245631
11,192107,0.0,0.0,0.0,0.0,44.44552528105412
155,285794,390.0,12.0,1548.0,49.0,159.37292782790374
87,306391,319.0,0.0,1202.0,0.0,146.99617090956966
38,269056,3.0,0.0,21.0,0.0,88.28890103726815
347,436481,558.0,0.0,2111.0,0.0,248.37683413746038
99,228001,332.0,2.0,1350.0,10.0,89.76712226720258
181,423859,146.0,0.0,506.0,0.0,206.92129886301277
110,378878,0.0,0.0,0.0,0.0,155.02437052121132
307,463422,658.0,0.0,2507.0,0.0,271.21943169252256
157,365574,88.0,0.0,373.0,0.0,148.04654853564105
212,320593,1065.0,0.0,4129.0,0.0,212.54135363975388
245,405137,307.0,0.0,1113.0,0.0,213.37164296747687
188,313562,289.0,0.0,1022.0,0.0,162.06835903339206
450,328656,383.0,0.0,1389.0,0.0,178.58736072629677
237,337019,749.0,0.0,2881.0,3.0,204.79590254629215
209,349427,315.0,0.0,1131.0,0.0,183.82180353841687
89,267357,0.0,0.0,0.0,0.0,88.99772077351189
130,294445,528.0,0.0,2062.0,0.0,147.5099077360693
139,268469,0.0,0.0,0.0,0.0,89.65608677201836
121,401772,0.0,0.0,0.0,0.0,168.57889495449143
17,226770,0.0,0.0,0.0,0.0,64.9679538837792
78,293562,77.0,0.0,267.0,0.0,117.80872463873267
106,252739,0.0,0.0,0.0,0.0,80.34304976077105
75,306967,98.0,0.0,370.0,0.0,123.01248830983096
471,442671,1875.0,34.0,6882.0,97.0,460.9361734308602
195,422603,787.0,0.0,2745.0,0.0,313.42738957441543
557,524155,1753.0,26.0,6094.0,108.0,615.7926307771461
155,334592,423.0,4.0,1671.0,7.0,154.32468039006568
73,322889,387.0,0.0,1409.0,0.0,174.57219012611125
163,334941,0.0,0.0,0.0,0.0,129.01121685540244
159,331130,0.0,0.0,0.0,0.0,126.75489237670801
165,302453,0.0,0.0,0.0,0.0,109.77650951774176
62,277396,0.0,0.0,0.0,0.0,94.94136848844586
102,279421,139.0,0.0,528.0,0.0,110.44805393232
139,336446,0.0,0.0,0.0,0.0,129.90226076525158
223,516163,122.0,0.0,484.0,0.0,244.52760709768833
186,375365,998.0,0.0,3946.0,0.0,223.00786181678927
675,451432,2469.0,47.0,9562.0,180.0,524.1458682655975
220,396938,0.0,0.0,0.0,0.0,165.71689743940118
82,301206,31.0,0.0,90.0,0.0,118.0769130698383
33,272119,0.0,0.0,0.0,0.0,91.81709027431033
60,236122,0.0,0.0,0.0,0.0,70.50485929567908
129,260282,0.0,0.0,0.0,0.0,84.80892631358977
326,368480,0.0,0.0,0.0,0.0,148.86817479057243
30,265298,0.0,0.0,0.0,0.0,87.77867797591757
234,373524,154.0,0.0,683.0,0.0,147.05421705690293
46,299391,199.0,0.0,835.0,0.0,111.78480873608862
219,365767,1155.0,0.0,4442.0,0.0,254.63360156837518
46,291634,350.0,0.0,1491.0,0.0,105.37080141962696
197,336973,0.0,0.0,0.0,0.0,130.2142741476373
53,248576,0.0,0.0,0.0,0.0,77.8783216566501
103,306972,34.0,0.0,151.0,0.0,111.34842633562016
256,414625,0.0,0.0,0.0,0.0,176.18858756132943
65,262762,0.0,0.0,0.0,0.0,86.2772245836402
222,406418,700.0,0.0,2689.0,0.0,237.06093271437862
247,438668,127.0,0.0,485.0,0.0,202.95179975400094
58,280381,418.0,9.0,1506.0,34.0,177.37511875424616
254,356607,0.0,0.0,0.0,0.0,141.83869682270597
420,407153,703.0,0.0,2718.0,0.0,234.09585968128704
177,388585,0.0,0.0,0.0,0.0,160.77145572579985
135,255604,163.0,0.0,566.0,0.0,110.01884502556193
138,357781,0.0,0.0,0.0,0.0,142.5337702779637
175,365483,245.0,0.0,923.0,0.0,173.9237593789016
177,335804,637.0,23.0,2693.0,60.0,144.69560733050253
295,299937,292.0,0.0,1032.0,0.0,154.60445530321564
114,279892,736.0,1.0,2577.0,1.0,215.8873600023461
406,377891,36.0,0.0,127.0,0.0,160.19945991124436
148,286476,350.0,0.0,1435.0,0.0,114.11555868981247
504,357014,1103.0,0.0,4446.0,0.0,201.63966227042602
352,342253,315.0,6.0,1218.0,20.0,170.3897640827351
358,356694,549.0,0.0,2105.0,0.0,194.27337928267184
184,288521,224.0,0.0,787.0,0.0,138.04344329099024
223,359812,107.0,0.0,413.0,0.0,153.3692861204562
375,377773,726.0,0.0,2757.0,0.0,229.25910721891944
219,350195,381.0,0.0,1434.0,0.0,180.0521502402716
83,384689,6.0,0.0,46.0,0.0,154.19260580828214
321,275755,651.0,21.0,2452.0,80.0,214.10433095620158
269,445775,1026.0,4.0,3838.0,31.0,348.3762920377959
167,295444,0.0,0.0,0.0,0.0,105.62679073758711
135,279318,75.0,0.0,277.0,0.0,105.46209613643651
212,315601,506.0,0.0,1761.0,0.0,203.58134538975645
175,323728,710.0,0.0,2563.0,0.0,223.68313384406667
327,412569,2653.0,0.0,9823.0,0.0,501.6919698945135
138,279117,442.0,0.0,1773.0,0.0,121.64461500136684
381,360237,900.0,0.0,3330.0,0.0,255.31728341187932
173,305269,782.0,2.0,2862.0,10.0,223.41420676494624
219,328981,746.0,34.0,3072.0,139.0,246.8088301850346
281,286343,544.0,19.0,2101.0,86.0,215.80811727105163
101,363308,393.0,0.0,1502.0,0.0,184.3279105935294
165,320670,315.0,0.0,1181.0,0.0,156.2616090319935
66,253842,0.0,0.0,0.0,0.0,80.99608725749106
107,326778,155.0,0.0,656.0,0.0,125.96982871108435
58,342739,59.0,0.0,200.0,0.0,144.78193754923498
353,477462,543.0,0.0,2058.0,0.0,270.25765823156706
60,235608,233.0,0.0,860.0,0.0,99.46494035224146
312,370331,0.0,0.0,0.0,0.0,149.96406999132375
112,273398,451.0,0.0,1664.0,0.0,149.35297908053974
79,286720,172.0,0.0,563.0,0.0,137.20255476854055
613,363302,707.0,0.0,2616.0,0.0,233.23688888036656
183,307833,645.0,0.0,2241.0,0.0,223.40309813384107
274,370038,44.0,0.0,150.0,0.0,157.9301879851661
167,352324,0.0,0.0,0.0,0.0,139.3029220280987
148,316485,136.0,0.0,499.0,0.0,135.79224241284572
179,263866,117.0,0.0,482.0,0.0,91.05885214460494
726,385770,1237.0,0.0,4574.0,0.0,312.73192531258155
169,403888,356.0,0.0,1249.0,0.0,228.23764313320333
209,313696,616.0,0.0,2278.0,0.0,192.88462499127837
178,293975,385.0,15.0,1443.0,56.0,181.37913594471695
352,286833,809.0,0.0,3152.0,0.0,167.16504568902235
144,370539,59.0,0.0,205.0,0.0,160.18764279318384
106,363397,0.0,0.0,0.0,0.0,145.85875539272308
168,298820,1032.0,0.0,3916.0,0.0,214.72006980556887
508,410624,504.0,0.0,1873.0,0.0,234.43660070377427
93,304289,430.0,4.0,1639.0,7.0,149.4484002392806
104,282371,264.0,0.0,952.0,0.0,135.76856276891777
103,283535,464.0,9.0,1773.0,41.0,176.24229377896842
402,421914,822.0,0.0,3105.0,0.0,268.7851392350449
520,321309,754.0,0.0,2731.0,0.0,226.59814031742542
92,297811,0.0,0.0,0.0,0.0,107.02818670742961
915,428344,856.0,0.0,2924.0,0.0,341.43720392147986
100,336716,182.0,0.0,663.0,0.0,154.76656439461075
514,412292,1324.0,0.0,4701.0,0.0,380.2595474965316
381,329258,333.0,7.0,1287.0,14.0,150.33535186891962
375,370995,368.0,0.0,1198.0,0.0,230.3472707708936
120,239065,137.0,0.0,577.0,0.0,74.4247967742388
68,230657,118.0,0.0,461.0,0.0,76.72498887894032
154,271605,628.0,0.0,2337.0,0.0,166.37273999150057
350,334233,424.0,12.0,1508.0,27.0,190.4044204859116
117,355787,0.0,0.0,0.0,0.0,141.35321110438286
156,405140,0.0,0.0,0.0,0.0,170.57293873414056
235,359726,583.0,2.0,2098.0,9.0,235.20364796891704
233,460226,340.0,0.0,1252.0,0.0,246.50883814063468
95,382908,194.0,0.0,673.0,0.0,190.8468957732484
131,354275,0.0,0.0,0.0,0.0,140.45802280425534
130,276957,365.0,0.0,1345.0,0.0,140.99051168490837
312,337794,1259.0,39.0,4805.0,159.0,363.46372298207257
83,356389,73.0,0.0,317.0,0.0,140.8583705031733
157,506842,528.0,0.0,1974.0,0.0,291.80140077893196
394,508774,1049.0,15.0,4009.0,49.0,355.97691203135844
168,343909,118.0,0.0,389.0,0.0,158.94609108637613
78,397313,0.0,0.0,0.0,0.0,165.9389183471709
133,394163,608.0,0.0,2301.0,0.0,228.4537420299696
214,447567,274.0,0.0,946.0,0.0,243.87042329856854
116,463697,0.0,0.0,0.0,0.0,205.24194752419834
324,499627,638.0,6.0,2378.0,24.0,317.60222180480446
154,376240,198.0,0.0,767.0,0.0,170.70730110170493
275,360746,592.0,0.0,2083.0,0.0,240.14722939953748
634,295315,1164.0,62.0,4276.0,228.0,386.1975932503715
140,309862,29.0,0.0,95.0,0.0,120.34180605405982
223,299931,439.0,0.0,1714.0,0.0,143.68856579081756
109,215277,0.0,0.0,0.0,0.0,58.16345710245274
16,313815,117.0,0.0,408.0,0.0,136.22242684073458
273,293353,460.0,0.0,1724.0,0.0,156.65535109674994
187,374674,132.0,0.0,445.0,0.0,178.0075838392267
101,278730,6.0,0.0,32.0,0.0,94.4086153770204
210,421059,535.0,1.0,2153.0,4.0,212.2614180695166
69,252980,17.0,0.0,60.0,0.0,83.19962225816629
161,368121,0.0,0.0,0.0,0.0,148.65562677486753
134,259329,438.0,20.0,1669.0,64.0,154.25322737549942
212,326889,680.0,19.0,2633.0,86.0,250.56888128559842
332,387165,1403.0,74.0,5622.0,292.0,431.28679052243683
313,428926,631.0,0.0,2422.0,0.0,244.31672841289975
678,375087,1026.0,34.0,3752.0,112.0,338.6018862264606
132,300097,306.0,0.0,1131.0,0.0,146.4864571223523
152,405682,0.0,0.0,0.0,0.0,170.89383295283704
425,506271,1012.0,0.0,3733.0,0.0,358.0337357029954
403,379057,519.0,0.0,2030.0,0.0,196.2177393290823
96,344896,0.0,0.0,0.0,0.0,134.905131886996
185,397822,72.0,0.0,260.0,0.0,176.49503790209369
306,273946,0.0,0.0,0.0,0.0,92.89877613696443
352,549561,636.0,6.0,2406.0,21.0,334.4439963442677
251,425685,0.0,0.0,0.0,0.0,182.7367242011511
125,304580,0.0,0.0,0.0,0.0,111.0358121066116
362,416667,0.0,0.0,0.0,0.0,177.39756541110484
283,347609,401.0,0.0,1450.0,0.0,193.21504000185377
397,354403,626.0,25.0,2512.0,73.0,197.54430401400327
201,222663,72.0,0.0,234.0,0.0,78.2690566153043
146,301592,313.0,0.0,1224.0,0.0,134.10024787109944
128,330668,181.0,0.0,716.0,0.0,139.11604872366757
113,262309,53.0,0.0,179.0,0.0,96.16787035694718
79,218866,263.0,0.0,896.0,0.0,109.06539450532429
210,387975,0.0,0.0,0.0,0.0,160.41030171582776
107,286209,210.0,0.0,763.0,0.0,129.08566670843317
293,350277,694.0,0.0,2673.0,0.0,201.77386301356103
116,275229,0.0,0.0,0.0,0.0,93.65838366941391
83,224294,39.0,0.0,139.0,0.0,69.44295028733276
235,217721,315.0,0.0,1260.0,0.0,78.66563465236305
148,333830,0.0,0.0,0.0,0.0,128.35344291265
124,322660,336.0,7.0,1383.0,28.0,152.32127548141634
102,237873,244.0,0.0,957.0,0.0,90.30485206492747
110,332761,156.0,0.0,659.0,0.0,129.7832799084253
72,285635,152.0,0.0,516.0,0.0,128.3975855898537
147,371009,340.0,0.0,1374.0,0.0,167.9833487947202
113,277822,514.0,5.0,2029.0,18.0,141.82591067751736
195,432659,880.0,0.0,3389.0,0.0,267.6995285096149
73,268645,0.0,0.0,0.0,0.0,89.76028858473161
222,341166,736.0,0.0,3143.0,0.0,135.29227446637287
349,325441,1447.0,0.0,5638.0,0.0,242.52293251932497
859,366137,988.0,0.0,3326.0,0.0,339.13903191811687
247,447580,613.0,0.0,2376.0,0.0,248.7941557238588
221,291643,337.0,0.0,1151.0,0.0,165.26814091697773
302,339483,425.0,0.0,1700.0,0.0,157.4097218584917
362,453681,904.0,0.0,3545.0,0.0,268.9562121971876
205,294516,316.0,0.0,1090.0,0.0,160.852925173156
765,349938,604.0,0.0,2029.0,0.0,255.96447519670733
405,360150,815.0,0.0,2831.0,0.0,283.6234390627228
334,408188,934.0,0.0,3393.0,0.0,301.1439927891239
125,372373,103.0,0.0,385.0,0.0,163.09239506361632
77,338662,172.0,0.0,627.0,0.0,154.4710223460104
65,252865,77.0,0.0,267.0,0.0,93.71383161605424
154,317179,157.0,0.0,612.0,0.0,131.3634959567549
261,305418,112.0,0.0,460.0,0.0,115.77886733897566
575,397594,615.0,0.0,2323.0,0.0,232.17266772429122
119,380877,861.0,0.0,3283.0,0.0,242.21300490061265
146,416691,1108.0,0.0,4173.0,0.0,299.00609740712923
58,209606,0.0,0.0,0.0,0.0,54.805908921220464
304,375695,844.0,16.0,3173.0,46.0,259.09131607734776
100,267850,0.0,0.0,0.0,0.0,89.2896042602598
547,428207,670.0,0.0,2686.0,0.0,223.4958488084917
252,310044,459.0,0.0,1715.0,0.0,167.53030572925343
373,413010,433.0,0.0,1688.0,0.0,210.69606022820653
185,319390,402.0,0.0,1531.0,0.0,160.34526268716058
104,345700,21.0,0.0,40.0,0.0,145.92180445706495
112,280960,0.0,0.0,0.0,0.0,97.05145519588932
228,325143,214.0,0.0,820.0,0.0,143.7404894516744
340,274691,530.0,0.0,1855.0,0.0,181.23354662938874
75,345999,636.0,0.0,2445.0,0.0,194.8897174508603
65,274413,468.0,0.0,1872.0,0.0,121.4858390576585
82,313402,0.0,0.0,0.0,0.0,116.2589279688636
33,303348,59.0,0.0,232.0,0.0,114.71822314158416
30,191543,0.0,0.0,0.0,0.0,44.111605835768444
28,246663,0.0,0.0,0.0,0.0,76.74571899914748
55,338956,328.0,0.0,1190.0,0.0,176.93396993385446
120,528519,0.0,0.0,0.0,0.0,243.62018561339568
169,267766,349.0,0.0,1332.0,0.0,123.83590828490975
254,441959,746.0,0.0,2993.0,0.0,235.60317616671705
234,422152,1103.0,0.0,4026.0,0.0,328.69434634981997
132,314299,56.0,0.0,167.0,0.0,132.18686169127017
56,273229,74.0,0.0,296.0,0.0,96.95073026682752
363,328622,569.0,0.0,2031.0,0.0,211.30914103330866
101,226600,175.0,0.0,586.0,0.0,99.47206248503414
618,321769,334.0,5.0,1355.0,31.0,169.00126227974283
543,460322,1123.0,0.0,3991.0,0.0,376.7321965544452
34,293691,255.0,0.0,1021.0,0.0,119.80386071789968
89,380653,0.0,0.0,0.0,0.0,156.07526948465465
132,401830,0.0,0.0,0.0,0.0,168.61323418822644
173,419486,0.0,0.0,0.0,0.0,179.0665705817791
133,334585,283.0,0.0,1062.0,0.0,160.66809868870013
56,293909,0.0,0.0,0.0,0.0,104.71798515511638
37,300567,0.0,0.0,0.0,0.0,108.65989236559854
37,284564,0.0,0.0,0.0,0.0,99.18522413349488
125,343810,0.0,0.0,0.0,0.0,134.26215933809493
71,407831,1199.0,0.0,4784.0,0.0,247.22514793803327
233,358571,616.0,0.0,2238.0,0.0,227.88068470409485
24,260839,214.0,0.0,821.0,0.0,105.45824729933369
131,382998,280.0,0.0,1129.0,0.0,172.50538932267366
56,262078,155.0,0.0,605.0,0.0,98.40895755475697
33,198016,100.0,0.0,371.0,0.0,60.103229810448525
225,400753,803.0,0.0,3001.0,0.0,261.0065769834018
138,360622,159.0,0.0,605.0,0.0,160.3654935904048
63,237601,238.0,0.0,988.0,0.0,78.1929649313694
210,470314,176.0,0.0,606.0,0.0,240.45380810542736
166,366855,525.0,6.0,2001.0,24.0,216.35645193455264
221,328010,834.0,18.0,3275.0,80.0,249.0875176133478
80,261063,0.0,0.0,0.0,0.0,85.27132185750484
336,381664,374.0,0.0,1345.0,0.0,211.11212959314355
12,222318,0.0,0.0,0.0,0.0,62.33212166673705
57,265942,88.0,0.0,380.0,0.0,87.58402704167437
70,272228,0.0,0.0,0.0,0.0,91.88162435150205
511,478091,1940.0,0.0,6972.0,0.0,497.14267929436005
252,412306,295.0,0.0,1050.0,0.0,220.05051269920048
221,388277,1004.0,0.0,3435.0,0.0,343.7340266780475
379,438761,760.0,0.0,3013.0,0.0,242.14148131941488
213,537540,992.0,0.0,3534.0,0.0,400.4088578398099
204,533631,704.0,6.0,2430.0,16.0,373.0166580158643
208,359792,946.0,0.0,3759.0,0.0,206.2176905310488
1105,453993,1722.0,33.0,6386.0,163.0,548.3487174057123
1217,523391,2658.0,23.0,8847.0,74.0,808.0516326324539
57,430459,203.0,0.0,663.0,0.0,229.23586444028004
106,447404,530.0,3.0,2004.0,6.0,249.98107257022315
650,509147,1802.0,0.0,5888.0,0.0,619.2680914232894
15,239647,1.0,0.0,23.0,0.0,68.64925857470558
62,356066,263.0,0.0,1075.0,0.0,152.5821230314047
69,200531,119.0,0.0,387.0,0.0,75.3829475213807
65,272807,532.0,0.0,2047.0,0.0,141.47233329430787
153,364234,937.0,0.0,3682.0,0.0,216.941414790085
107,250877,246.0,0.0,958.0,0.0,99.59975305102921
77,324191,626.0,0.0,2560.0,0.0,148.71645251535347
123,318819,340.0,0.0,1267.0,0.0,159.62767597117954
69,285030,0.0,0.0,0.0,0.0,99.4611221148834
97,277871,188.0,0.0,741.0,0.0,108.91279664789198
245,248014,683.0,0.0,2531.0,0.0,161.21056247554327
46,285487,198.0,0.0,767.0,0.0,116.97646525416977
80,308593,0.0,0.0,0.0,0.0,113.41173184762467
240,356757,1151.0,0.0,4331.0,0.0,269.0726581715073
221,332774,767.0,0.0,3327.0,0.0,119.55767894395387
37,256103,103.0,0.0,422.0,0.0,86.45858162144276
117,259289,365.0,0.0,1391.0,0.0,120.83837921014498
88,251240,219.0,0.0,877.0,0.0,92.49276552695514
25,273583,130.0,0.0,533.0,0.0,97.80895165279752
132,281401,24.0,0.0,155.0,0.0,86.33372835304829
161,334449,512.0,4.0,1971.0,22.0,196.5031963011687
190,416070,623.0,0.0,2329.0,0.0,249.0733437902888
55,300940,0.0,0.0,0.0,0.0,108.88072916186017
126,373357,342.0,4.0,1281.0,12.0,194.6415353951334
189,377728,341.0,0.0,1336.0,0.0,180.87079972049276
214,426769,217.0,0.0,855.0,0.0,199.2443798382471
159,361606,0.0,0.0,0.0,0.0,144.79838353721487
102,366278,353.0,0.0,1258.0,0.0,201.3644803733846
164,363954,941.0,0.0,3590.0,0.0,239.7720158115635
98,348641,174.0,0.0,618.0,0.0,164.08184411352966
64,416920,457.0,0.0,1792.0,0.0,212.77731092704954
176,318684,261.0,0.0,907.0,0.0,164.03914047803244
75,292769,100.0,0.0,343.0,0.0,122.10157909898841
285,275413,458.0,0.0,1775.0,0.0,133.48223783402642
84,242201,153.0,0.0,526.0,0.0,101.47859498297896
128,340815,362.0,0.0,1252.0,0.0,195.68233443904944
92,328433,152.0,0.0,573.0,0.0,141.72711795846521
208,342938,807.0,0.0,3000.0,0.0,230.60055631488262
158,388052,277.0,0.0,1087.0,0.0,181.6368293846304
195,368054,760.0,0.0,2479.0,0.0,312.78689107619687
343,340552,2234.0,77.0,8125.0,274.0,584.6895850160622
85,303842,93.0,0.0,359.0,0.0,118.96365019922467
69,349904,0.0,0.0,0.0,0.0,137.8701471032914
133,269725,647.0,0.0,2407.0,0.0,167.6731697012682
85,281291,335.0,0.0,1290.0,0.0,128.0469196666515
23,215858,76.0,0.0,269.0,0.0,70.4789979862723
166,266807,567.0,24.0,2285.0,84.0,162.65915270572611
12,307013,0.0,0.0,0.0,0.0,112.47628375622158
144,377981,274.0,2.0,977.0,9.0,203.09016000434556
386,424977,1030.0,35.0,3835.0,133.0,385.32912795497543
103,476204,0.0,0.0,0.0,0.0,212.64678884013415
97,440440,133.0,0.0,487.0,0.0,208.99903537513026
170,417558,668.0,2.0,2454.0,14.0,279.5745210484744
295,376650,832.0,0.0,3306.0,0.0,208.67033441205638
157,446772,63.0,0.0,183.0,0.0,213.56997966250265
82,440957,0.0,0.0,0.0,0.0,191.77859967704234
665,421964,1502.0,0.0,5191.0,0.0,443.5265527846839
400,509877,318.0,0.0,1216.0,0.0,263.61833441424653
55,418219,463.0,0.0,1594.0,0.0,260.68229292504327
65,400383,91.0,0.0,386.0,0.0,168.62620636602
76,344342,0.0,0.0,0.0,0.0,134.57713299925086
194,383247,121.0,0.0,485.0,0.0,164.71998709621874
240,311666,888.0,0.0,3273.0,0.0,227.73083175025545
129,267712,332.0,0.0,1359.0,5.0,111.12036236534493
179,337178,215.0,0.0,867.0,0.0,141.86674854786474
118,410771,526.0,10.0,1888.0,31.0,262.5754922847714
20,301652,360.0,0.0,1323.0,0.0,155.7302430332145
99,362338,12.0,0.0,46.0,0.0,146.37905836188597
271,399395,53.0,0.0,208.0,0.0,171.22044608846414
634,416414,1472.0,0.0,5406.0,0.0,367.84506688285364
271,277463,509.0,9.0,1986.0,63.0,205.20186769913357
41,325519,0.0,0.0,0.0,0.0,123.4328675407189
205,352583,0.0,0.0,0.0,0.0,139.45626446839833
60,275943,114.0,0.0,430.0,0.0,106.45518920469956
431,527899,5300.0,0.0,18220.0,0.0,1191.7173520375109
67,242590,376.0,0.0,1393.0,0.0,120.46599525852992
158,361302,523.0,0.0,2020.0,0.0,191.42567266159398
140,303168,94.0,0.0,371.0,0.0,116.93958574815356
