,gene,gene_number,x,y
0,Rarg,179,114.98124159937882,1918.554848161501
1,Khdrbs1,73,117.60340067343562,1892.8331637676984
2,Spp1,214,119.05712261443276,1867.66637418289
3,Spp1,214,119.15014621211763,1862.082401026997
4,Tpm4,239,127.45444819803126,1903.9593670815832
5,Ltbp3,80,134.99609828890877,1865.722543753216
6,Khdrbs1,73,139.28957099823864,1906.246224514776
7,Spp1,214,141.4954968039205,1877.1897800499585
8,Arpc5,8,140.62678108001705,1888.44957242441
9,Spp1,214,141.3558650869801,1872.8240980049595
10,Tpm4,239,145.7568519035524,1849.9720616768384
11,Spp1,214,146.26835885709738,1875.8767862091795
12,Ltbp3,80,147.69803739245438,1889.548027538991
13,Trp53,242,164.72971179349503,1818.285354751314
14,Eif3a,32,164.6358189427867,1817.9564107137949
15,Vim,261,164.80992484860536,1836.7993001841212
16,Tubb5,246,165.2389891764942,1836.9350038248344
17,Spp1,214,168.66505025433287,1851.745229426529
18,Ppm1g,150,171.31493832263996,1819.106429722312
19,Tpm4,239,173.4568906517192,1907.9148710857776
20,Zfp36l1,269,172.3595722135207,1825.48227620283
21,Tpm4,239,172.8737556612786,1800.7903205205716
22,Trp53,242,174.81594933436526,1795.8739366696443
23,Spp1,214,173.74637052869963,1846.994681058904
24,Rarg,179,176.69183263013667,1811.7843736485088
25,Mta1,113,179.42547243144895,1843.3681550434933
26,Spp1,214,179.28672312496838,1842.0395956928287
27,Rarg,179,187.77959351121444,1898.9519071306397
28,Khdrbs1,73,188.2505754816704,1827.8957537940764
29,Tpi1,237,189.97632753581917,1911.5379014112632
30,Malat1,83,190.50731158501085,1911.701098151662
31,Rpsa,197,189.35720679922304,1910.7710556399172
32,Snx5,212,189.8296438323743,1911.3079797319915
33,Spp1,214,194.5323646268834,1816.8627409641692
34,Spp1,214,194.2421862534605,1919.340335513701
35,Khdrbs1,73,198.87311494504115,1821.372615119201
36,Spp1,214,198.76173018921705,1914.7531469062585
37,Cops7a,17,201.5031119590302,1841.3460484238176
38,Msn,112,204.3889899667336,1910.2504341098
39,Khdrbs1,73,207.23108663932896,1887.9626602367264
40,Ppm1g,150,207.6230796051295,1834.894969440066
41,Khdrbs1,73,212.12498974074043,1820.4386537686612
42,Ppm1g,150,223.7471536729612,1903.7630361469232
43,Pla2g4a,145,224.6871605504287,1903.57618338263
44,Tpm4,239,225.02915756093356,1894.6804585327395
45,Ppm1g,150,235.2895265340877,1887.0330312722288
46,Khdrbs1,73,235.7622001598141,1841.420044788051
47,Rpsa,197,114.54754393366102,1859.3053135939197
48,Rpsa,197,113.66277623007409,1894.60252248319
49,Psmd8,166,113.7145863922976,1856.7103533329368
50,Pkm,144,113.25881997181222,1870.36120020521
51,Aebp1,4,115.43136494206396,1873.3114577429008
52,Psmd8,166,117.79811080221955,1912.6292842787143
53,Prrx1,159,117.40835339662428,1859.330536134666
54,Rpsa,197,120.35222412730522,1856.1103839259229
55,Fbln2,42,122.50660340981376,1837.106285278848
56,Rpsa,197,123.02261418886964,1911.4791282973683
57,Rpsa,197,123.2794629319358,1883.8332755407948
58,Hspa8,62,125.59277867091583,1883.1421588034827
59,Aebp1,4,123.3869882811848,1860.3173698164085
60,Rpsa,197,125.35667514276366,1895.150733181938
61,Zyx,271,126.0824833010596,1878.4445284541796
62,Rpsa,197,126.4597137061922,1888.8713822516288
63,Rpsa,197,125.75856385528206,1900.5572623883609
64,Ctsb,25,127.14241446220548,1842.2755793508736
65,Rpsa,197,127.46463535673622,1817.7668122734583
66,Aars,1,127.3379202225892,1860.9605685874508
67,Fbln2,42,131.139059321736,1883.8974650632344
68,Aars,1,132.38672481470857,1887.7010610391976
69,Igfbp6,68,133.6961397198087,1842.9012565267312
70,Rpsa,197,134.02006798223593,1909.6210174581397
71,Rpsa,197,134.18791889347094,1853.8815610932024
72,Aebp1,4,136.47667837642,1876.0796677998856
73,Fbln2,42,138.0640516002708,1839.5315533278929
74,Prrx1,159,140.1821923782755,1888.8237310109064
75,Rpsa,197,139.92369151117197,1911.4510930406832
76,Prrx1,159,140.41350933390464,1892.28389642356
77,Rpl18a,187,142.76681221258806,1806.511178280397
78,Psmd8,166,140.9943763128402,1822.9258716398756
79,Fbln2,42,141.61762170613235,1829.637650938596
80,Rpsa,197,142.27146061964382,1863.1582742443677
81,Psmd2,163,143.27663153236392,1802.716836380895
82,Aebp1,4,143.9088058580362,1836.7709688476152
83,Tubb5,246,143.86751308237888,1835.423508962419
84,Rpsa,197,144.11472127098983,1850.8208863833056
85,Aebp1,4,144.5417530833235,1893.5738895321133
86,Tubb5,246,145.99762036271156,1894.460459053652
87,Rpsa,197,145.9031812312276,1902.327340508076
88,Prrx1,159,148.94088875954702,1826.3677826066487
89,Rpsa,197,151.02483918115013,1854.54107927446
90,Rpsa,197,152.13165600782,1802.2130594268797
91,Rpsa,197,152.06307015880355,1864.778089673864
92,Fbln2,42,152.0610055000556,1856.932892472979
93,Psmd2,163,154.10820420055734,1886.415793153801
94,Ctsb,25,154.35813077041516,1881.0606262967
95,Psmd2,163,154.609703991319,1822.8288896748245
96,Aebp1,4,156.82725384459792,1821.468407885156
97,Slc25a1,208,158.17553934596322,1794.9927679085497
98,Psmd8,166,159.8595233807087,1798.133490412289
99,Fbln2,42,160.81015257362353,1815.3838273483311
100,Rpsa,197,161.74200148085862,1828.5071090554036
101,Fbln2,42,163.26091405791288,1908.0562740676717
102,Fbln2,42,164.79330071939893,1921.2092943577695
103,Ctsb,25,164.5471567104445,1844.2356729447024
104,Rpsa,197,166.65905463876902,1864.36518950737
105,Rpsa,197,167.28475422626832,1926.4227532533412
106,Rpsa,197,168.23820736206574,1821.9879546407333
107,Myc,117,169.25193631853338,1903.102995122453
108,Rpsa,197,172.57103520813084,1807.4896148404057
109,Paics,137,173.55588411837078,1853.595606271621
110,Top2a,236,171.74009226345933,1854.420457861424
111,Aebp1,4,173.23540963942702,1842.3071761331216
112,Fbln2,42,174.15640339115097,1857.361981631915
113,Rpsa,197,174.3221793784206,1868.217686812858
114,Fbln2,42,174.92262464227298,1864.5551898745096
115,Rpsa,197,175.11949856493976,1862.70262514778
116,Rpsa,197,175.6651644480188,1919.244915836768
117,Aars,1,176.92648108773102,1927.9572436239316
118,Fbln2,42,178.93059450720688,1891.4208181711456
119,Psmd2,163,179.7713676253721,1927.4840102261585
120,Sfpq,206,179.98981871664228,1825.3538192140088
121,Fbln2,42,179.54001993090657,1836.229646149657
122,Lamp1,74,180.529330026916,1814.359632126399
123,Rpn2,190,180.3955073243154,1814.2913923292488
124,Rpsa,197,184.67569788317883,1908.5121535097544
125,Aebp1,4,184.817968463896,1810.937625765922
126,Aars,1,185.9560232475658,1858.4721130550377
127,Rpsa,197,187.47427894738075,1794.687638687892
128,Aars,1,188.4457182993685,1808.2233226596895
129,Sfpq,206,190.68228588020435,1917.0403650172848
130,Cited2,13,189.9650827337622,1917.602185850464
131,Rpsa,197,191.0813120379785,1898.921561444229
132,Mtch1,115,194.73568629505576,1886.7719169077816
133,Prrx1,159,192.74360981105656,1886.856576867886
134,Ybx1,263,192.03955782550057,1924.7744137993852
135,Malat1,83,190.96179514721325,1924.1846068233376
136,Psmd8,166,191.8676004587199,1926.148118009787
137,Ctsb,25,193.44628164494776,1835.584048490384
138,Fbln2,42,194.10655772040008,1868.92109957808
139,Fbln2,42,194.4878262506802,1853.464805404575
140,Prrx1,159,194.60068952469388,1865.0945469850155
141,Rpsa,197,194.81842309982943,1824.630766270028
142,Rpsa,197,195.47758191764984,1806.6966158795
143,Prrx1,159,195.53151453402333,1840.2134743518573
144,Rpsa,197,196.5361034365488,1836.095502245322
145,Rpl15,186,200.5525848215075,1929.8935848919343
146,Ubxn1,253,200.28002122703933,1930.132822929815
147,Ybx1,263,199.68163728999343,1930.860370605535
148,Rpsa,197,200.6668104461297,1889.530691693477
149,Fbln2,42,202.8606529538796,1819.011676365736
150,Psmd2,163,201.99591658271092,1915.4726123812973
151,Prrx1,159,204.2058901164684,1817.9230512650197
152,Rpsa,197,206.1053153268965,1810.299509849415
153,Arf1,6,204.60361035265996,1899.70532066314
154,Gsto1,54,204.06353721996896,1899.8850402919115
155,Aars,1,206.66121516091457,1899.3189365276
156,Fbln2,42,206.86447207260065,1855.429796470546
157,Rpsa,197,207.27234837035823,1825.7342113327245
158,Ercc1,40,210.0888403827067,1919.2543825504251
159,Malat1,83,210.31415767679917,1919.8534663340276
160,Lrrc59,79,209.9835428782232,1919.2143341454369
161,Rpsa,197,210.5476777087251,1865.7071963486333
162,Psmd8,166,211.38891927699427,1924.6367584287325
163,Rpsa,197,213.9341780482635,1903.9364059025263
164,Ctsb,25,213.680784546069,1849.2251141711563
165,Gpi1,52,213.8662497811602,1850.5705660928556
166,Timp2,229,213.8285537518536,1824.268477925896
167,Aars,1,214.0780227999794,1824.145343917888
168,Rpsa,197,215.37148099603507,1838.877619618661
169,Rpsa,197,215.1061298426783,1898.0806702895356
170,Ncl,121,215.68832215993484,1909.211801463372
171,U2af2,249,215.53142541977468,1908.642124706212
172,Rpsa,197,216.07590400329025,1908.5430277666944
173,Rpsa,197,218.8541115278145,1835.475830910277
174,Mta1,113,217.9710528112161,1834.7434633040712
175,Rpsa,197,220.11642193701772,1893.272629413245
176,Rpsa,197,222.3147807827682,1860.2481753616944
177,Malat1,83,222.3997979029152,1914.557711158558
178,Msn,112,222.9280912808735,1915.123185659943
179,Mtap,114,222.56894846950965,1913.7400349491647
180,Fbln2,42,224.66569259290708,1898.2293353562472
181,Taldo1,223,223.38775584938944,1899.6051568953403
182,Rpsa,197,224.95000453841803,1839.6582666348413
183,Rpsa,197,226.0928641823296,1908.162438612092
184,Prrx1,159,229.6861479926365,1911.0391283601416
185,Rpsa,197,230.06796144284257,1831.601117989112
186,Aebp1,4,230.7648985528992,1895.720760388527
187,Rpsa,197,232.41414090198663,1861.3494503202664
188,Prrx1,159,235.1402568677877,1892.61106182557
189,Rpsa,197,236.55521113725456,1866.48056336466
190,Rpsa,197,235.7300206116622,1876.0194137280005
191,Rpsa,197,243.1544906808241,1902.4154331620512
192,Prrx1,159,245.11723073764415,1889.167008026352
193,Rpsa,197,248.27784074467888,1893.6785647837555
194,Got2,51,117.17610913646811,1852.841992907538
195,Mrpl38,100,120.6844317691418,1832.520898316584
196,Psmd4,164,123.34953765784024,1905.8721785413568
197,Ywhag,265,123.49677605505926,1877.477438641869
198,Ywhag,265,132.10942190824346,1819.9740049972345
199,Crlf1,19,132.23894382869548,1842.5659869738868
200,Plin2,146,133.6464989473077,1867.0607068509544
201,Ywhag,265,134.00917731883334,1878.8967535803608
202,Pgrmc1,143,143.70306174594828,1864.4008206594708
203,Neat1,125,144.193505343444,1864.5195591339664
204,Ncl,121,143.6838246561382,1864.252709170624
205,Loxl1,78,144.63207025491937,1863.672284988114
206,Lmna,77,143.17373645290894,1862.9681896427144
207,Neat1,125,148.39293490124365,1906.3950111953104
208,Crlf1,19,158.24255880205016,1853.5324106256844
209,Fkbp4,44,164.5777811720794,1912.6867547316608
210,Ywhag,265,165.70405083453528,1819.405585216501
211,Crlf1,19,166.58027626114236,1849.94180077052
212,Neat1,125,173.05957305266412,1852.449181626102
213,Ywhag,265,176.16940100123924,1928.583841309179
214,Neat1,125,178.05851323121988,1836.236306385284
215,Thy1,228,187.8223804050245,1816.974621115933
216,Malat1,83,187.1902673712987,1824.6757368137191
217,Rab34,172,188.6269103468896,1925.9923571190172
218,Ndufs2,122,191.26207696489095,1830.094212780729
219,Crlf1,19,193.8729515279375,1817.702685782329
220,Sec13,204,216.11366404710293,1853.0069454818224
221,Crlf1,19,217.2346269492594,1854.2747092294585
222,Rpl4,189,224.8391653002621,1886.0133127243453
223,Plin2,146,231.11517324586572,1843.1127115404083
224,Ndufs2,122,238.8236143927405,1850.578665463689
225,Plin2,146,239.0931500368412,1869.1826965775588
226,Ywhag,265,247.72982390126072,1873.4887598983337
227,Neat1,125,249.79518970641837,1869.7540094754463
228,Eef1g,28,107.68161515597022,1870.9996734302167
229,Ywhaz,268,111.63248145098272,1852.595631553011
230,Tpm1,238,115.04041789927672,1854.680814644924
231,Pkm,144,115.514996685628,1874.646291898062
232,Cox7a2l,18,119.5586570179241,1859.7210271761144
233,Emp1,39,119.10402184283456,1847.490321218968
234,Pkm,144,120.56653553828916,1912.232618135539
235,Ywhaz,268,121.87079697401026,1889.683302707239
236,Ywhaz,268,120.58953939927602,1895.8142636402815
237,U2af2,249,121.74769368441405,1877.32822672955
238,Emp1,39,122.66372809023412,1878.256890130628
239,Tpm1,238,124.23448606569426,1868.7736356032624
240,Eef1g,28,124.8900678713224,1834.9580263870653
241,Eef1g,28,125.366133055818,1919.1552680271016
242,Rab7,174,126.9183872289327,1823.422085552893
243,Pkm,144,127.74821282541862,1880.587971047752
244,Rab7,174,130.47721457247223,1904.506035614165
245,Eef1g,28,132.01655840632233,1812.427271141176
246,Ywhaz,268,132.87723845957967,1876.0957547445616
247,Rab7,174,133.50897521310435,1819.2065966955915
248,Gsto1,54,132.95198694920873,1910.2090349340613
249,Hspd1,64,133.51434714677185,1910.9950956899495
250,Ywhaz,268,133.54788793958718,1852.838309442258
251,Eef1g,28,134.68545436087484,1919.4018535935309
252,Emp1,39,135.7822615556747,1875.5601655681755
253,Pkm,144,135.3351535799198,1892.702743228394
254,Thy1,228,137.75396269036327,1859.120521297671
255,Eef1g,28,138.8145004197014,1832.489930400819
256,Pkm,144,139.47681130154714,1820.6088545772088
257,Emp1,39,140.63996851077172,1910.2563147084163
258,Emp1,39,142.158644882345,1837.182519240389
259,Pkm,144,143.37104977803983,1868.692133087912
260,Tpm1,238,144.05988720679682,1895.2659166407511
261,Emp1,39,143.3389330709663,1823.1220674677088
262,Mrpl15,93,145.5090333836392,1901.673689578522
263,Jun,70,145.63506501806813,1901.647921372511
264,Eef1g,28,145.79300212175173,1864.2896917631076
265,Pa2g4,135,146.56852363416277,1815.8132098703504
266,Pkm,144,146.6274924289484,1805.060039634743
267,Ssr3,218,145.95791745846267,1842.7684663871123
268,Eef1g,28,148.11888562952186,1892.5087608257131
269,Ywhaz,268,149.4943764629838,1906.740782571792
270,Pkm,144,150.13181574789397,1794.0962927970184
271,Emp1,39,151.38128429760292,1886.2914604155485
272,Tpm1,238,153.402688677116,1817.9084642600333
273,Eef1g,28,153.4494732915982,1795.047499054298
274,Eef1g,28,153.96805769158678,1840.16025248548
275,Tpm1,238,154.1557137869314,1811.2505419833965
276,Emp1,39,154.6528300115128,1920.5194990754997
277,Rab7,174,154.6163218092669,1796.0992701221687
278,Pkm,144,156.18871494035355,1884.6365912342208
279,Rab7,174,158.11131168314176,1826.007842987207
280,Pkm,144,159.04855449177438,1912.5578801416264
281,Emp1,39,159.4672478184484,1805.6091008800056
282,Pkm,144,159.95439726885365,1812.0615349886973
283,Nap1l1,120,161.57794273788895,1833.2594632233595
284,Eef1g,28,162.25999057547477,1826.681629978428
285,Pkm,144,164.00266844416458,1925.5329980681624
286,Tpm1,238,165.45630350458265,1906.4414775026416
287,Emp1,39,169.0087259234902,1847.4288443328464
288,Eef1g,28,169.68030207600333,1845.1025948631288
289,Pa2g4,135,170.22759863470068,1919.4992469633
290,Pkm,144,172.20202721280788,1795.1378302120957
291,Eef1g,28,173.80656024509474,1825.8138822198384
292,Emp1,39,175.0643729328905,1811.853175602258
293,Pa2g4,135,175.4736910541762,1906.87856560132
294,Emp1,39,176.9657161065443,1804.527404815512
295,Pkm,144,178.6481358830584,1820.2261202843863
296,Vat1,259,179.46204377980672,1845.9538732202736
297,Tpm1,238,178.8231301111263,1841.1852382798013
298,Emp1,39,180.463717897231,1914.158520864617
299,Emp1,39,181.80831013564904,1831.7235500556403
300,Emp1,39,181.7432727529132,1922.445701407646
301,Emp1,39,182.9353858895223,1860.232550104267
302,Tpm1,238,184.53484242050612,1900.1427157408093
303,Ybx1,263,184.1527677464852,1900.7179196906604
304,Emp1,39,185.07504916291612,1808.463210051709
305,Tpm1,238,186.03304622443144,1922.1850308467249
306,Pkm,144,188.9752108084584,1915.2125139074203
307,Emp1,39,190.33440849479047,1881.4186728922105
308,Pkm,144,190.7066018360308,1869.897634940065
309,Pkm,144,191.30260398572105,1810.207887716728
310,Emp1,39,192.1186697334556,1902.8372277931949
311,Emp1,39,194.33991506840917,1922.16419310284
312,Emp1,39,196.05241429485403,1889.270957951497
313,Rab7,174,196.3758324040296,1909.2803620596176
314,Jun,70,196.79431561864607,1914.1574767385137
315,Eef1g,28,201.13334085016967,1896.4433926203649
316,Emp1,39,201.6454790599309,1844.8934041357904
317,Emp1,39,201.77879965225569,1910.4598400019825
318,Fus,47,204.20324598268652,1809.6797299520292
319,Emp1,39,204.44356661013796,1913.8915415293025
320,Emp1,39,205.33979560337488,1816.649863355272
321,Emp1,39,206.07243302665373,1875.7785957101405
322,Tpm1,238,207.45386936972625,1920.6412669828212
323,Eef1g,28,208.5762032547356,1833.5877791789508
324,Emp1,39,209.26673166036727,1895.426153604995
325,Emp1,39,210.16178820681037,1820.193966982421
326,Tpm1,238,211.6460572609159,1912.913709291735
327,Emp1,39,212.98113997523612,1841.4035174799549
328,Emp1,39,215.63685308236097,1908.844847032777
329,Eef1g,28,216.5117900885569,1900.163644087624
330,Emp1,39,219.37133653928265,1852.7995006254268
331,Pkm,144,221.1544356926175,1826.8469182412875
332,Emp1,39,222.72935857501352,1836.3678931892584
333,Emp1,39,223.4350273961564,1900.9495239222952
334,Ywhaz,268,223.3399089610338,1855.9705320360108
335,Eef1g,28,222.92310741092456,1891.046165249812
336,Eef1g,28,224.89962468458904,1886.0971702979864
337,Tpm1,238,228.04444574703516,1850.7701089041857
338,Cox7a2l,18,228.21681647923165,1911.9401782736757
339,Tpm1,238,229.42975045261804,1874.8829796553891
340,Emp1,39,228.75426002253863,1901.38910274996
341,Pkm,144,229.64376189349943,1844.138911445228
342,Eef1g,28,232.1571052909627,1869.750017267467
343,Pkm,144,234.300293127144,1898.6169067884164
344,Vim,261,237.4286355728717,1860.71812152295
345,Rab7,174,237.8418397773997,1860.1651848797344
346,Eif4g2,38,238.3919902946211,1882.8678587871848
347,Ube2m,252,239.8311484950599,1867.249930934648
348,Pa2g4,135,241.54873106741405,1861.878197090872
349,Pkm,144,244.7394676475156,1878.083469319748
350,Pkm,144,245.71937219588887,1862.835333314996
351,Fus,47,251.3587074602273,1891.3494676906712
352,Cox7a2l,18,253.60151636146085,1878.476413896037
353,Nedd4,126,113.34590175615298,1851.708862390284
354,Nedd4,126,113.70039867123693,1897.943629012926
355,Vim,261,118.58474147094918,1831.880619298824
356,Ptges3,168,123.76067860719796,1906.8300707614865
357,Ptges3,168,136.29450981672562,1925.1549770060287
358,Nedd4,126,140.83353812594106,1874.0547108079784
359,Nedd4,126,141.97227021372856,1901.629296196408
360,Cct3,9,145.39132686156654,1809.3779345609616
361,Mrpl4,101,146.70130856831858,1826.6009121737868
362,Myh9,118,146.00757011904128,1824.789930154482
363,Nedd4,126,150.1447815605527,1901.3606083450104
364,Ugdh,255,152.1548285712148,1809.4555447946889
365,Ugdh,255,154.6505704536102,1847.8468716103664
366,Ugdh,255,156.58062610496205,1832.08274171536
367,Nedd4,126,158.9236293815727,1826.4897378361784
368,Ptges3,168,167.30192441987987,1829.013869336624
369,Vim,261,166.34622616667554,1800.0135739984112
370,Hspa8,62,167.53727795755222,1799.4773468512255
371,Ran,178,165.8766630395729,1799.899942578131
372,Ptges3,168,169.62830793502093,1843.8857075961132
373,Sfpq,206,176.27658470558234,1842.9666486760048
374,Ptges3,168,175.81626173897467,1843.0821106194085
375,Ugdh,255,177.5256083254336,1817.8685991749232
376,Nedd4,126,178.85340615573787,1822.6268888798204
377,Ptges3,168,186.1891011895137,1833.134942855547
378,Ptges3,168,186.9287010607617,1866.503583584355
379,Cct3,9,188.4718461757363,1811.7938509331884
380,Nedd4,126,189.5124031404449,1907.90318212078
381,Nedd4,126,190.77297240067327,1833.426693245056
382,Ptges3,168,193.66925799447608,1919.9261416914903
383,Ugdh,255,196.76712699857123,1892.94551568192
384,Nedd4,126,200.33210367343744,1814.2915128005309
385,Nedd4,126,202.32469849862963,1832.566422186319
386,Ugdh,255,206.475969444749,1920.053272460904
387,Ptges3,168,207.6709695528233,1849.7611495092349
388,Ptges3,168,210.57895854973933,1901.154832705901
389,Cct3,9,213.6702859620181,1835.127690864444
390,Ugdh,255,215.80477009393175,1857.220497665036
391,Cct3,9,216.24010925718105,1900.4959766088928
392,Ugdh,255,224.69629103591492,1915.036019037372
393,Nedd4,126,233.0188956949576,1905.1008212421016
394,Msn,112,235.8420817693259,1898.4830925601104
395,Nedd4,126,237.32390325830303,1877.9699119091297
396,Nedd4,126,237.8181260992877,1859.7315556456572
397,Morf4l2,88,237.7539850788093,1859.497802862893
398,Ptges3,168,239.70567214361165,1888.187784555946
399,Nedd4,126,243.19859372000357,1861.1158737094884
400,Nedd4,126,245.91495555818224,1895.2561608390345
401,Malat1,83,114.41751299786829,1870.9634482486383
402,Tpi1,237,115.07392033809718,1870.326946664714
403,Grina,53,114.14659960835532,1882.3784636635328
404,Clta,15,114.7374342100636,1883.515558516382
405,U2af2,249,118.49055526602456,1910.6768573130275
406,Pdia6,142,119.77579328799372,1873.3899316256825
407,Got2,51,119.6131452818042,1883.717837098241
408,U2af2,249,122.49864390884376,1824.0495566140808
409,Uqcrq,257,122.91577903075284,1915.3997361792851
410,Got2,51,124.55937060384024,1852.1804421476843
411,Eif3e,34,125.9073415568176,1844.1653470623132
412,Gas1,50,125.39125844478517,1872.369716470804
413,U2af2,249,128.81917111210387,1893.4573174278612
414,U2af2,249,130.2024578316361,1886.0745400331657
415,Uqcrq,257,131.95133909681715,1820.5642154642903
416,Got2,51,132.73541912555163,1868.6327812017196
417,U2af2,249,133.8383616442186,1859.8996892089915
418,Hmgcs1,58,134.45856370494613,1847.052010999696
419,Prkcsh,152,135.91135494870113,1901.349274949294
420,Arpc2,7,136.02435321413626,1894.4437737420683
421,U2af2,249,140.15138061607922,1833.6367899789384
422,Prkcsh,152,140.3430276861133,1888.5734836941388
423,Trim28,241,142.26338717533133,1887.123522419463
424,U2af2,249,145.28155305888745,1820.0942244962284
425,Arpc2,7,146.9801747138386,1861.6141245005745
426,Got2,51,148.00921710964613,1881.447161029579
427,Pdia6,142,148.541102853702,1873.5707314168465
428,Got2,51,149.75959983675068,1815.8262605488696
429,Arpc2,7,154.65940291443536,1805.0573437279015
430,Got2,51,154.35644452275966,1818.7939280799364
431,U2af2,249,155.92595867698105,1802.2510611170624
432,Eif3e,34,160.5470640851266,1902.0295324151195
433,Got2,51,160.7096260322523,1910.5610017744548
434,U2af2,249,161.24399519803737,1811.9822770031724
435,Gas1,50,161.42762056384427,1817.0217912803048
436,U2af2,249,168.32069495152396,1823.918694291943
437,U2af2,249,167.7914746714411,1796.3002240077317
438,Arpc2,7,168.05374889400002,1859.499221467074
439,Got2,51,171.1908559154156,1845.2595958735387
440,Got2,51,171.25150390396095,1821.1911687504155
441,Gas1,50,173.98899451524426,1841.407306779656
442,U2af2,249,176.29390334762664,1914.2675892887012
443,Got2,51,178.59993234183858,1930.564133039399
444,U2af2,249,179.45489653608783,1887.261680912906
445,Tcf25,226,180.16858841128405,1808.8950940295847
446,Ncl,121,181.6431643777886,1882.457791032724
447,Pdia6,142,183.35073976471185,1856.603925365329
448,U2af2,249,183.70966410153787,1900.9309796034584
449,Gas1,50,184.69818993317625,1822.6289767479195
450,Pdia6,142,184.65983658186565,1922.1167214942368
451,Rps15a,191,188.7788180736263,1815.9322902820984
452,Pdia6,142,189.78036091182167,1815.9944663784545
453,G3bp1,49,190.1712701935753,1814.7949818446596
454,U2af2,249,190.3404218859715,1921.6995345565388
455,U2af2,249,190.7685575258641,1916.3570618569172
456,Uqcrq,257,192.7273824672759,1905.1871958898892
457,Got2,51,193.7287442109001,1847.3278610428915
458,Fkbp4,44,201.31471909264124,1808.52481906269
459,Arpc2,7,201.86402449131032,1815.976931912952
460,Malat1,83,203.170346101391,1874.9055540496904
461,Lamp1,74,203.02869162543703,1874.9721327950324
462,Prkcsh,152,204.54638622406307,1821.825946586081
463,Pdia6,142,207.589443476986,1876.7391881167437
464,Gas1,50,207.59112248300104,1920.005715039055
465,Pdia6,142,208.00698776813377,1853.4410305916824
466,Eif3e,34,211.9188882610449,1882.2463192377445
467,Pdia6,142,212.23739617294888,1827.5312994053595
468,U2af2,249,212.61995432885837,1892.534847869646
469,Gas1,50,222.31851168189,1909.5663731044745
470,Pdia6,142,224.017953883134,1859.032158536878
471,Arpc2,7,232.5740721960996,1855.9216954561964
472,U2af2,249,233.4261876430737,1900.703983501744
473,Hspa8,62,232.375184167361,1899.2195524583108
474,U2af2,249,245.39730561390743,1901.2839007188663
475,Slc38a2,209,108.26094840314336,1854.615693393912
476,Slc38a2,209,108.67230728968836,1846.6386488354697
477,Slc38a2,209,110.67123466856437,1874.707240241618
478,Slc38a2,209,117.88222244593749,1902.244590775279
479,Eif4b,37,118.61292544928614,1866.1996099623648
480,Eif4b,37,119.47296150913697,1856.0099889942232
481,Mtap,114,120.63236784471172,1842.0202970392515
482,Igfbp6,68,124.53837102934924,1847.3468946628093
483,Zyx,271,126.15497519607396,1827.6772435706407
484,Tpi1,237,126.89478459988536,1827.3891565057904
485,Igfbp6,68,131.17242097617495,1899.048156661287
486,Slc38a2,209,133.51694052747513,1853.624534006737
487,Eif4b,37,138.61703518827727,1819.5843320176543
488,Slc38a2,209,138.79248283435075,1817.5061374495535
489,Eif4b,37,140.8250098590816,1878.5163079856084
490,Snx5,212,142.8929701607152,1878.6428432656217
491,Tpi1,237,144.94820167115262,1879.6935747207272
492,Igfbp6,68,146.76026477108752,1851.3849945984743
493,Eif3i,36,154.45743752080068,1813.7746304670927
494,Igfbp6,68,158.36354865734495,1820.6669488208552
495,Mtap,114,160.322807170504,1849.377092870238
496,Ehmt2,31,161.94952813019057,1829.3414308319047
497,Igfbp6,68,165.7164826745307,1802.567976356393
498,Mtap,114,165.3645040838645,1906.0414286967805
499,Mtap,114,169.57973098645078,1921.3370519073733
500,Slc38a2,209,170.44721941238868,1830.5285143933413
501,Mtap,114,170.08370864554706,1826.570169964388
502,Mtap,114,174.76308899841428,1823.0513076251727
503,Ncl,121,175.53033633144148,1823.2918754562088
504,Eif3i,36,176.92496370614182,1900.5124115408487
505,Eif4b,37,177.666576565649,1824.2551621667692
506,Tpi1,237,179.882487496035,1829.9079258237057
507,Slc38a2,209,181.82095748735395,1838.943974818679
508,Eif4b,37,183.11217299405456,1923.023730964438
509,Rpl21,188,184.07126979048127,1847.1588584483216
510,Eif4b,37,186.83154160890416,1915.893093663328
511,Eif4b,37,188.9421138867344,1819.985221619
512,Ehmt2,31,188.9248688603625,1833.9777454244995
513,Slc38a2,209,188.8590045202798,1893.7322159504777
514,Cct5,10,191.3664456888037,1925.843785223572
515,Eif4b,37,192.0289637941556,1903.3421468791284
516,Mtap,114,194.09811736893693,1915.19583331697
517,Prmt1,153,195.6770414392531,1809.6322134699185
518,Slc38a2,209,197.66123976531875,1824.2967104915256
519,Lamp1,74,197.0264158257233,1916.4028916908749
520,Mtap,114,201.95724409289127,1800.7283073316676
521,Ehmt2,31,203.03571078727165,1859.0533950875351
522,Raly,177,202.9506432211109,1874.1984824019808
523,Lrrc59,79,205.57492195676627,1895.7225016557843
524,Tnk2,234,204.9356711005043,1895.1822239777389
525,Mtap,114,205.18645212822463,1905.422262896139
526,Eif3a,32,205.35002801675992,1900.875184179257
527,Slc38a2,209,206.57617541297367,1911.5871459341115
528,Igfbp6,68,208.4722438678424,1905.6352397661512
529,Gsto1,54,209.34903935270225,1816.3020926116528
530,Tpi1,237,209.77021873656395,1848.3285836658588
531,Slc38a2,209,211.83057808043165,1840.3272158929635
532,Tpi1,237,211.83607109161537,1871.3925967499504
533,Igfbp6,68,212.7380894221164,1878.9787364679487
534,Ybx1,263,214.84911744856933,1915.9364623170447
535,Igfbp6,68,214.84847944030383,1853.4722438655797
536,Slc38a2,209,218.2209422627639,1898.2259791517376
537,Eif3i,36,218.91329501799888,1866.738593913863
538,Mtap,114,219.2097636358141,1836.1438221647072
539,Mtap,114,220.7426575475526,1841.2321056659664
540,Slc38a2,209,228.65606220673055,1845.2458867709245
541,Ybx1,263,232.1016733038263,1881.7980113403185
542,Eif4b,37,236.82579172377984,1903.1199734841728
543,Malat1,83,237.35709338864316,1902.609730568838
544,Eif4b,37,237.2210377082305,1870.573394193388
545,Tubb5,246,238.0752099286397,1891.069421050031
546,Vat1,259,237.57713946957523,1893.1270068834988
547,Eif3i,36,237.7189823592214,1891.2159442716563
548,Slc38a2,209,239.27075326949108,1885.5002562587583
549,Tpi1,237,250.0313292650466,1881.9695316917496
550,Rpn2,190,118.34306842414983,1887.5781592952967
551,Rac1,175,119.80056028300312,1897.28230033538
552,Rac1,175,120.97624184238876,1849.3088113653723
553,Hnrnpk,59,130.32213847251265,1872.3996842275976
554,Rpn2,190,132.64865525778282,1829.787748697844
555,Rpn2,190,136.59833091553156,1836.7433139733253
556,Rpn2,190,137.5607013068507,1870.3439791809244
557,Hnrnpk,59,137.44372235245834,1825.177852539774
558,Rpn2,190,138.975010482591,1896.4543606106567
559,Efemp1,29,138.93793674840032,1909.1376089017692
560,Hnrnpk,59,139.43262093791043,1882.6790784206237
561,Rac1,175,140.45968473179218,1814.6211094265848
562,Efemp1,29,142.73101016981906,1857.0339218312424
563,Rac1,175,144.1078735983861,1881.4507922679115
564,Efemp1,29,147.31631250390825,1838.6609315705125
565,Prrc2a,158,152.2190411040507,1812.491772777803
566,Rac1,175,154.1782275852126,1793.300374339192
567,Snx3,211,156.75106373033816,1828.617569404913
568,Prrc2a,158,156.9824350606169,1801.541992893923
569,Efemp1,29,164.2488455543123,1844.568827152634
570,Rpl21,188,165.13837502149278,1851.7335400865552
571,Snx3,211,166.5257333722255,1905.6966036124527
572,Malat1,83,165.58194289099873,1905.27660498076
573,Mta1,113,166.96373353448095,1905.0999019938456
574,Efemp1,29,166.47275593856972,1831.264634374619
575,Hnrnpk,59,167.92736552338783,1915.288488006861
576,Prrc2a,158,169.10647227811648,1815.120538374637
577,Rpl21,188,175.43430433291832,1822.194776903081
578,Snx3,211,176.36846320707224,1842.941113810311
579,Rac1,175,176.7699780408746,1848.8412238629203
580,Rac1,175,178.6115056828652,1835.7575884423457
581,Prrc2a,158,179.73748998180557,1885.815618794082
582,Efemp1,29,180.1321952476447,1928.294455815084
583,Efemp1,29,181.84658940538444,1883.4085917377608
584,Malat1,83,184.86053844829564,1816.34391426274
585,Hnrnpk,59,184.99409539599367,1919.1487360349413
586,Prrc2a,158,185.7778798142322,1806.4019658236607
587,Rac1,175,187.00213150660144,1808.662506086147
588,Prrc2a,158,188.91890554024116,1915.5547600279328
589,Efemp1,29,190.56965377306227,1819.925693264619
590,Hnrnpk,59,190.55182369993685,1811.015732370048
591,Rab5c,173,190.17343069237185,1810.136862461612
592,Efemp1,29,190.92181776675,1908.5108987752683
593,Tnc,232,192.7778152776133,1902.0786201928752
594,Mta1,113,204.7965378587366,1896.5585110322645
595,Prrc2a,158,214.86945826426745,1899.823357315081
596,Hnrnpk,59,217.529993343036,1896.1161738617488
597,Hnrnpk,59,216.7888211059648,1900.998090508946
598,Hnrnpk,59,222.7256370432124,1895.5206285300123
599,Prrc2a,158,224.46093258251884,1851.161437176576
600,Hnrnpk,59,231.32828563454115,1873.2811252549304
601,Rpl21,188,232.09577137522388,1867.4895061724187
602,Malat1,83,236.50912867833551,1862.2251625187523
603,Ndufs8,123,237.0099156090629,1862.78111065062
604,Prrc2a,158,238.152810372476,1866.3001935717743
605,Rpl21,188,243.403727580508,1904.306534400334
606,Prrc2a,158,243.32657744020145,1897.2569707592504
607,Prrc2a,158,244.27850112142585,1869.4276712855485
608,Malat1,83,107.05615295096106,1866.2342782535648
609,Actn4,3,107.36210930376338,1871.3787129153168
610,Malat1,83,111.14263872502656,1840.1973064685144
611,Malat1,83,113.56930393964096,1873.9330871331383
612,Malat1,83,113.75975924040924,1844.2339931147897
613,Malat1,83,114.41508172026964,1859.6644764370767
614,Malat1,83,116.46294660435072,1853.2148820540108
615,Rab5c,173,116.5714088849878,1879.2120828601064
616,Malat1,83,117.69417669054508,1839.841889670641
617,Malat1,83,118.8764929058536,1897.1436366195792
618,Mmp14,87,118.83076235959754,1888.4409944275292
619,Malat1,83,118.52251993253604,1795.0327602195844
620,Malat1,83,118.5150076392228,1832.223072266458
621,Malat1,83,120.84811716746334,1889.2927870585188
622,Malat1,83,121.11110463015216,1841.5132567188305
623,Malat1,83,120.94093893130156,1857.557745631044
624,Malat1,83,121.74382537719666,1825.0662245276765
625,Malat1,83,121.9105289530588,1864.893394628072
626,Cnn2,16,123.46631320752006,1915.141621384705
627,Malat1,83,123.6684258396754,1887.7081367496928
628,Malat1,83,123.67377985364335,1920.3334373751509
629,Malat1,83,124.43429114687622,1908.6530474401736
630,Puf60,171,125.28308810275443,1874.023878161656
631,Malat1,83,127.19979482251551,1828.3797049258
632,Rab5c,173,126.8607078597339,1901.6203899567345
633,Malat1,83,128.03095716622985,1822.0715526357355
634,Malat1,83,128.4533401797191,1889.1861249923145
635,Malat1,83,129.09960237686542,1839.2207910395036
636,Loxl1,78,130.96464061675726,1822.4438090458625
637,Actn4,3,129.53056478498291,1912.060874188072
638,Malat1,83,131.87796296901195,1854.732024697837
639,Malat1,83,131.56063952920866,1848.9003574010528
640,Cnn2,16,133.9221814972714,1864.1343722621848
641,Malat1,83,135.68685977199533,1835.728352995336
642,Malat1,83,136.99268429806563,1801.2122277393005
643,Malat1,83,137.97563853810902,1889.665255354853
644,Il1rl1,69,138.65017333878384,1917.295077933152
645,Malat1,83,137.66383599970885,1813.5195840720064
646,Malat1,83,139.35510795486505,1861.2225146260223
647,Mmp14,87,139.88329419571969,1869.189974099695
648,Actn4,3,139.97128313052627,1894.0313646517236
649,Il1rl1,69,140.16202307356767,1819.2827546718804
650,Spon2,213,141.28199437891843,1837.0469895435128
651,Malat1,83,140.9750520010249,1834.013494087873
652,Actn4,3,141.4741765667182,1868.2453414934707
653,Morf4l2,88,141.20506255413912,1813.6082010076807
654,Malat1,83,143.1028208325729,1820.69585614014
655,Psap,160,142.81240842428332,1823.9922304236952
656,Snrnp70,210,141.82396728062477,1824.022656959285
657,Malat1,83,142.76016254557635,1810.0643735363276
658,Malat1,83,144.45863141781234,1863.3101595557432
659,Malat1,83,144.92411092767483,1842.425563371672
660,Il1rl1,69,145.07610664081434,1895.8450170537817
661,Il1rl1,69,145.57494816703203,1810.828258568524
662,Malat1,83,146.4185291124873,1859.5079770982047
663,Malat1,83,147.5932659672838,1806.4682932220203
664,Malat1,83,148.09791033556107,1865.6227793478515
665,Actn4,3,149.4356514903252,1881.4871998321769
666,Malat1,83,149.16378034742434,1814.488404672894
667,Mrpl37,99,152.4342228111598,1850.9901931179463
668,Actn4,3,151.60292127875312,1904.3558373338697
669,Malat1,83,153.00631436521576,1794.388105522797
670,Malat1,83,153.29288429603565,1908.8804458407944
671,Malat1,83,153.72481419825863,1834.478441362801
672,Actn4,3,155.49408300661423,1801.3984075461624
673,Ckap4,14,156.2424517323598,1813.396694951074
674,Malat1,83,156.374084197835,1918.8978736076572
675,Il1rl1,69,157.29635828565443,1831.2356831875727
676,Malat1,83,157.98491327242974,1806.5756416975191
677,Actn4,3,159.1193931652306,1803.6642393879215
678,Malat1,83,159.6007748869165,1815.3998865332896
679,Malat1,83,160.6219598364058,1904.004139157423
680,Il1rl1,69,160.71623109401838,1848.907001762292
681,Il1rl1,69,161.587449353838,1818.2808959609624
682,Il1rl1,69,161.36616851562326,1833.7020108436716
683,Malat1,83,163.345195879022,1830.3001651817196
684,Malat1,83,163.53452938403845,1812.2107868415703
685,Morf4l2,88,165.04217698768272,1809.27676322788
686,Malat1,83,164.2692517155533,1844.857605351558
687,Malat1,83,165.13424852774332,1873.777661516604
688,Malat1,83,166.2942172016405,1838.17052201816
689,Mmp14,87,166.5104700992053,1846.2458636750357
690,Malat1,83,166.3945831678363,1796.3547040867356
691,Malat1,83,168.39666176005483,1801.509867951865
692,Il1rl1,69,171.06201751044506,1822.516288451343
693,Malat1,83,171.83666322022785,1860.849441377584
694,Malat1,83,171.61501809144454,1887.3924537407468
695,Malat1,83,172.72552000049197,1831.8496262273025
696,Malat1,83,173.35357304510197,1842.8580378615288
697,Malat1,83,174.93324282927102,1796.813755651718
698,Malat1,83,175.52713854884686,1817.7454737295188
699,Actn4,3,175.65152976288533,1834.1438893130248
700,Malat1,83,177.22139938710598,1921.9355663160345
701,Il1rl1,69,177.94585970977363,1910.35635668871
702,Malat1,83,178.13488257255932,1804.337446078036
703,Malat1,83,178.30368035996185,1861.8135982471117
704,Malat1,83,177.88772155033888,1822.3844201600173
705,Malat1,83,178.82851491297205,1837.2598179752024
706,Malat1,83,178.71950695638645,1828.2224783479708
707,Malat1,83,179.64268571549002,1813.47088426192
708,Il1rl1,69,179.34880759274168,1874.6167496320072
709,Zyx,271,178.58146212696758,1930.051877929168
710,Rab5c,173,179.2309393431347,1885.60883700239
711,Malat1,83,180.6645436389995,1926.8651479385687
712,Morf4l2,88,181.76247268182624,1824.0825890102487
713,Il1rl1,69,181.61801344229428,1889.6405525313037
714,Malat1,83,182.90446804384027,1892.4947497581152
715,Il1rl1,69,183.0319258440229,1869.7034199385805
716,Malat1,83,183.25704921535123,1928.8568761203376
717,Mbd3,84,183.8626884433381,1901.0515356269536
718,Il1rl1,69,184.38835738751413,1900.9044458743747
719,Cnn2,16,184.44163963944416,1795.2840456700424
720,Malat1,83,184.66440168400024,1839.2008996552984
721,Tubb5,246,185.8859317885918,1841.5061697968044
722,Malat1,83,186.15941082043827,1916.5233139584536
723,Malat1,83,186.3502801463665,1911.682451700516
724,Malat1,83,186.9460867020229,1894.7513822259511
725,Nudt9,132,188.42024816983647,1847.9832674049449
726,Malat1,83,186.37502462114327,1908.7748334936173
727,Il1rl1,69,186.90537933397,1811.73968446314
728,Malat1,83,188.45031692034075,1842.385884276662
729,Malat1,83,191.9039086493565,1834.9608838368877
730,Malat1,83,191.95752743992745,1918.449682362336
731,Malat1,83,192.24230909714132,1930.748515324912
732,Ybx1,263,190.6501921075485,1930.6218026431663
733,Malat1,83,191.9567052130893,1817.3032252500536
734,Malat1,83,193.48309742975312,1807.9524793865585
735,Ddx17,26,193.45353568271403,1828.7627759907127
736,Il1rl1,69,193.46948308024375,1827.2291821435956
737,Malat1,83,193.52111976157207,1823.7081495654927
738,Mmp14,87,194.63810832026095,1874.156031411827
739,Actn4,3,193.852665908703,1898.5754685586717
740,Malat1,83,195.2733986128624,1829.003573312477
741,Il1rl1,69,195.52992872457943,1857.3954769543843
742,Malat1,83,198.22708563433065,1915.6995899542555
743,Il1rl1,69,200.28064090082228,1919.6404025814363
744,Malat1,83,200.62317630029952,1814.644707028139
745,Malat1,83,200.5161261067287,1837.3794130580904
746,Malat1,83,200.60145322476865,1831.4640327949417
747,Malat1,83,201.4784501540509,1903.15846107711
748,Malat1,83,202.1274366278286,1931.857700935428
749,Cnn2,16,203.38282056736807,1908.4087762455308
750,Malat1,83,204.23140138160457,1861.470690551298
751,Rab5c,173,204.4014920176204,1886.081851142177
752,Malat1,83,204.46196515708664,1818.298352810069
753,Malat1,83,204.33746463666805,1918.2171278873957
754,Malat1,83,205.1532563269162,1834.2848256520897
755,Rpl18a,187,204.0643709249568,1903.9268643404537
756,Malat1,83,206.7327543177026,1887.7955388324576
757,Psap,160,208.0503819986808,1854.34423982383
758,Malat1,83,207.04206975026872,1802.842216175964
759,Malat1,83,210.3946722495992,1820.8617629248888
760,Malat1,83,212.18292530892933,1856.89816995497
761,Malat1,83,212.8303148854272,1908.5759957327296
762,Malat1,83,212.7007466592325,1887.000866816019
763,Ptbp1,167,212.58001718040924,1918.55815023846
764,Morf4l2,88,212.476665001882,1889.9028394907043
765,Morf4l2,88,213.74252965647912,1824.112625514178
766,Malat1,83,213.51704769688476,1873.67641082906
767,Il1rl1,69,214.80408225107053,1828.3149994029204
768,Malat1,83,216.01078586128213,1819.4554700099663
769,Malat1,83,218.47109958771952,1881.0736819356875
770,Malat1,83,218.62524877579915,1899.6346318417404
771,Malat1,83,219.66870884777413,1866.4730957059624
772,Malat1,83,220.85153423961813,1876.7613337474488
773,Malat1,83,220.67237433139687,1904.6248138442877
774,Rpl18a,187,222.93325857788145,1825.547998668258
775,Malat1,83,221.9376213307906,1824.145900130021
776,Malat1,83,222.16032573635735,1860.16461834366
777,Malat1,83,225.9283535629724,1874.6666437495533
778,Malat1,83,226.4728477073981,1908.6143861160808
779,Malat1,83,226.32735644914996,1829.683168753272
780,Malat1,83,226.8308032718178,1841.0412261108636
781,Il1rl1,69,227.22442814207997,1881.8936859248563
782,Malat1,83,230.99599945012565,1861.6534879289784
783,Rab5c,173,230.876704872922,1888.7616189606213
784,Malat1,83,232.2596524864502,1908.7547474483888
785,Il1rl1,69,234.10241854113616,1879.0591585561788
786,Malat1,83,234.3042311655965,1868.207768894228
787,Malat1,83,233.79482438226444,1850.70396984182
788,Malat1,83,234.6094202700009,1840.3619041950265
789,Malat1,83,235.4136698154909,1893.9620831204272
790,Ncl,121,235.2080743243733,1907.2951279225736
791,Malat1,83,235.96728145532265,1908.249714403732
792,Malat1,83,238.0999056768743,1874.192091545967
793,Cnn2,16,240.54172448122236,1876.0948599956992
794,Actn4,3,240.36585230509965,1854.152788635918
795,Malat1,83,240.4408694110168,1894.536234238937
796,Malat1,83,240.7630389809318,1886.319701829156
797,Malat1,83,240.75378806545936,1863.7413231026544
798,Malat1,83,243.7128417706993,1902.2542731173407
799,Malat1,83,243.9271465392245,1895.993767308529
800,Malat1,83,245.05878556181167,1869.3599869686868
801,Ptbp1,167,245.25147036248364,1880.7778659151336
802,Malat1,83,246.0352466048273,1863.6600425245524
803,Malat1,83,247.00911649583915,1898.457169684165
804,Eif3d,33,250.33384391076208,1873.6425576071972
805,Myh9,118,250.7532345550405,1873.660821027128
806,Igfbp4,67,251.19138514727825,1873.2375551373236
807,Ran,178,251.02540634143745,1872.121521239647
808,Pdia3,140,110.97273587583236,1865.2581998394144
809,Ybx1,263,113.44104342987433,1891.119331751769
810,Tubb5,246,114.24932662805456,1856.1634421141243
811,Cct5,10,116.29481482296192,1840.1641165143528
812,Npc2,128,117.87343563678245,1844.1489856708672
813,Pdia3,140,118.70173862354687,1869.833674626947
814,Tubb5,246,119.9796555831812,1878.6732069305197
815,Npc2,128,121.3186278878978,1900.3165208115415
816,Aqp1,5,121.69519170702056,1891.826239512872
817,Tubb5,246,121.68174973746324,1826.024340249312
818,Pdia4,141,124.5496033573,1879.3259522542896
819,Npc2,128,123.25417460042748,1879.0564098702416
820,Tubb5,246,123.40869982155786,1835.8061739726
821,Tubb5,246,124.8004635408448,1921.3200307988884
822,Tubb5,246,124.3797457135816,1892.4843136182888
823,Tsc22d1,244,126.20713774750588,1897.8204454064007
824,Tubb5,246,125.93919607691348,1911.3591601120877
825,Hspd1,64,127.41419803017853,1810.46353292552
826,Fkbp8,45,130.6803861771839,1863.6528208697075
827,Tubb5,246,131.2389269629955,1886.582889811221
828,Aco2,2,131.67763634774764,1869.261719041131
829,Tubb5,246,132.98551997166837,1813.5679461479929
830,Tubb5,246,132.4111748169696,1901.4710602061168
831,Pdia3,140,133.1983233583387,1828.0861437980868
832,Pdia3,140,134.7644523071177,1879.385422329376
833,Npc2,128,137.23381563211973,1902.9105819433107
834,Hspd1,64,139.0207061446382,1898.638711488968
835,Tubb5,246,138.27123115242193,1833.1240562128412
836,Timp2,229,141.98019604592085,1849.038193226379
837,Mtch1,115,142.92107520215183,1810.4160698152089
838,Hspd1,64,143.8781412313581,1820.045501088692
839,Tubb5,246,143.89152656802398,1823.077935064105
840,Tubb5,246,147.52073094469893,1900.088587386677
841,Timp2,229,149.80641935494498,1900.7101048941863
842,Npc2,128,149.02840682982304,1889.6422428021565
843,Aco2,2,150.1848963975038,1800.640265788437
844,Aqp1,5,150.09704646217455,1862.184431816372
845,Pdia3,140,151.1414648000417,1841.3386614811025
846,Fkbp8,45,152.22392548369584,1817.306156774748
847,Hspd1,64,153.62344303390356,1909.9146644141117
848,Aco2,2,155.43175442584254,1909.2236309978905
849,Npc2,128,156.18569275498962,1902.4928177657569
850,Pdia3,140,157.24550068771848,1854.9121979850268
851,Tubb5,246,157.64993129445935,1810.723161783653
852,Tubb5,246,161.9538900154701,1828.8604418785671
853,Mtch1,115,161.0791340399091,1857.2042283005608
854,Tubb5,246,161.53842717737527,1835.9233948559956
855,Tubb5,246,167.05424970194537,1842.3853172207612
856,Hspd1,64,167.5246797687495,1913.8808542475815
857,Tubb5,246,170.11603331042747,1845.823633923604
858,Pdia3,140,170.7785959558407,1852.1764554985125
859,Hspd1,64,173.16497339567078,1796.6072979270048
860,Prps2,155,174.44514963435338,1906.5267586032696
861,Npc2,128,175.2829303777193,1889.071628587743
862,Pdia3,140,175.72643755465293,1811.563299790677
863,Tubb5,246,178.11073694973794,1921.3228275132765
864,Tubb5,246,177.7106506969202,1838.95842738618
865,Mtch1,115,179.0257011340988,1823.48597162598
866,Snx5,212,176.68896632514443,1824.519675868174
867,Tubb5,246,182.12742880437636,1816.1052017077468
868,Mtch1,115,182.5809701869836,1882.6380151341757
869,Ybx1,263,181.63842735039785,1882.012736964136
870,Hspd1,64,182.8998563292866,1915.9913645863885
871,Timp2,229,184.83134194773487,1806.2460926033768
872,Tubb5,246,184.49161536137345,1885.2561890059928
873,Tubb5,246,186.76880934134851,1828.802979428969
874,Hspd1,64,186.5947522887321,1909.1606862805977
875,Tubb5,246,188.20436145029265,1891.8547376704676
876,Tubb5,246,189.608170593206,1801.6809714585088
877,Tubb5,246,190.6551556079745,1795.5559260765183
878,Pdia3,140,193.72056739017452,1843.0186143384904
879,Tubb5,246,194.15135945712612,1833.984547985825
880,Tubb5,246,198.6441516931202,1904.794433426365
881,Hspd1,64,202.58229303702888,1833.6820891056484
882,Pdia3,140,207.20011127600884,1827.310928162758
883,Hspd1,64,208.25604083914783,1873.8908086107976
884,Rpl15,186,211.0359933378897,1850.5663724652263
885,Pdia3,140,211.51778330851076,1822.1192742227067
886,Mtch1,115,216.49866959953684,1825.3510645593365
887,Tubb5,246,218.70389954555856,1830.5366440883524
888,Npc2,128,221.10662039888655,1884.0967048193936
889,Hspd1,64,220.30299221538615,1917.3739201309384
890,Tsc22d1,244,220.9467829124589,1911.6517841535197
891,Ybx1,263,221.17849892193587,1910.9573785750008
892,Tubb5,246,224.27050172003703,1890.6717789986544
893,Tubb5,246,224.94761592738053,1873.5151200843895
894,Tubb5,246,225.51661891647973,1882.250374458161
895,Npc2,128,227.485540661595,1830.776656479791
896,Npc2,128,231.12724516317087,1863.6042654939488
897,Tubb5,246,231.6306141381201,1846.4608886975643
898,Npc2,128,232.13160615173095,1876.1162447824504
899,Pdia3,140,239.9916981137513,1853.3705409471545
900,Tubb5,246,240.261295251823,1855.632892869857
901,Mtch1,115,241.8208344139126,1890.7456981448145
902,Sf3b2,205,245.23795345226608,1899.3672864711796
903,Snx5,212,117.14139912142274,1893.20143866724
904,St13,220,119.32983232167648,1858.6756848157256
905,Stip1,221,123.84489854146784,1854.3223619929788
906,St13,220,128.68053857806095,1828.373816846596
907,Mdh2,85,130.1265605089311,1877.5051535908224
908,Stip1,221,129.06578430356538,1876.691225108746
909,Ncl,121,131.34706633985232,1808.9176918933915
910,Snx5,212,134.10772296467155,1862.2289001859003
911,Ncl,121,137.4778369667032,1834.6411641607551
912,Ncl,121,141.589532150741,1886.1025422131463
913,Ncl,121,142.10240314744811,1866.516800536544
914,Snx5,212,144.9925897169366,1891.5575404295737
915,Trap1,240,146.5584769497163,1819.9047496860735
916,Ncl,121,150.13436577746637,1822.3241631060705
917,Ncl,121,150.9722931453136,1833.24113965478
918,Ncl,121,158.8251616467027,1894.4163537311724
919,Fxr1,48,161.36147849937294,1797.603422558695
920,Stip1,221,163.9418939197667,1847.2225671150024
921,Hsd17b12,61,164.91379517463304,1812.8347525308384
922,Rrp1,198,164.53067603340446,1850.177100657032
923,Stip1,221,171.76614067672986,1798.3602756679402
924,Ncl,121,177.19032926943788,1819.3060943770677
925,Trap1,240,176.51999327440643,1832.4840974393724
926,Hsd17b12,61,180.7200732251577,1831.591387020129
927,Ncl,121,180.61530594596235,1911.894682028074
928,Ncl,121,180.8735685635133,1921.774686864479
929,Oxct1,134,182.2342971458695,1824.5713227272647
930,Snx5,212,182.56964082022955,1851.5142931742844
931,Ncl,121,183.03297570680127,1844.4351874943764
932,Rpl15,186,185.4421550818336,1899.910855344753
933,Fxr1,48,187.01443023452487,1827.6045255897511
934,Stip1,221,189.1439942648654,1840.6847570468508
935,Ncl,121,189.5382795624096,1854.6807469301864
936,Rrp1,198,193.71947865807277,1868.408638454728
937,Hsd17b12,61,193.8495495876808,1872.2744319181572
938,Ncl,121,197.1723864901976,1909.473578515181
939,Snx5,212,199.0104043510432,1928.461724630936
940,Stip1,221,203.61435781675985,1899.875805292677
941,Oxct1,134,203.1535863140448,1808.5126694640776
942,Ncl,121,203.58545373361076,1812.6238337040536
943,Ncl,121,203.55944120750783,1856.9671826909275
944,Oxct1,134,203.6353895464268,1931.0078011230053
945,Hsd17b12,61,206.40826192334396,1922.950068342152
946,Stip1,221,209.02897699607885,1821.7333808583871
947,Paics,137,210.1215135063285,1833.705354913981
948,Hsd17b12,61,209.13416873658747,1832.423900750145
949,Ncl,121,210.72540210822183,1897.333328843234
950,Ncl,121,212.33586709995492,1926.9461655067137
951,Ncl,121,214.86245348064216,1831.823371754761
952,Ncl,121,216.4219285357768,1917.7433122026007
953,Ncl,121,217.2204207152949,1921.286534062359
954,Rrp1,198,218.9645988811259,1828.4713318928848
955,Ncl,121,219.3337403458304,1838.4034128393575
956,Ncl,121,221.99476480406412,1823.6587534197624
957,Oxct1,134,226.37296708055743,1849.858607025934
958,Snx5,212,229.45458073297,1887.3096697366805
959,Stip1,221,230.38378550549663,1903.8719426376915
960,Psmd7,165,231.0862875049909,1882.634070953762
961,Snx5,212,233.7118131799373,1854.7232867114492
962,Ncl,121,235.42577805381092,1888.3975719543475
963,Ncl,121,237.72673530918556,1865.592561605422
964,Ncl,121,242.79951611033303,1878.6372889029149
965,Ncl,121,242.8530358453234,1886.9954465697576
966,Gsto1,54,244.3790131524952,1867.7231156174632
967,Paics,137,242.0899775021967,1867.5740179934248
968,Rars,180,243.98381896499384,1894.5337706346183
969,Ncl,121,244.25007430982345,1895.8228338323129
970,Stip1,221,247.51941361847807,1880.6886899670797
971,Hspa9,63,110.6064396105866,1853.5433001200563
972,Eif3f,35,115.2860682906792,1915.34842540951
973,Ckap4,14,119.82975706921474,1869.4303558668037
974,Hspa9,63,119.67981042329916,1851.3312217756804
975,Rps6ka2,192,127.9876353069911,1867.984445044915
976,Ptbp1,167,131.65553273267304,1815.3321584669332
977,Ptbp1,167,133.7067296670349,1891.3482799256767
978,Csf1,21,135.8620831700673,1868.1144394917
979,Ckap4,14,138.4528324060312,1875.3002785437184
980,Hspa9,63,140.66427485934148,1877.1452233055188
981,Ckap4,14,146.16078016751172,1911.4896174999144
982,Mrps5,110,154.22007090632852,1891.633963564216
983,Ptbp1,167,158.62992833941885,1881.9353720463828
984,Igfbp4,67,169.4951929354936,1805.2185309412475
985,Ptbp1,167,176.42051580006628,1795.631116947126
986,Rad21,176,178.60544002853743,1895.6820241087323
987,Rad21,176,179.26487946114474,1867.2315671508009
988,Use1,258,181.29067234581584,1845.9107965772796
989,Ckap4,14,185.41894141161507,1811.0607831838352
990,Ptbp1,167,188.0239169221812,1811.164307225794
991,Ptbp1,167,189.2990334698454,1827.5328836694175
992,Eif3f,35,201.0045725503308,1910.536096731716
993,Csf1,21,205.154646065312,1822.8028010310748
994,Hspa9,63,209.9874491740665,1841.759208750439
995,Zfp36l2,270,210.4270871782776,1895.633279227011
996,Ptbp1,167,215.7030526534677,1843.2444662130424
997,Hspa9,63,217.6461802696975,1910.7048775240764
998,Ptbp1,167,218.88350033932272,1907.9403691622572
999,Hspa8,62,219.10907388938523,1830.0623056643728
1000,Myh9,118,219.67175123238587,1829.954337243544
1001,Ptbp1,167,223.3613266657299,1902.602997918947
1002,Hspa9,63,226.871207766104,1886.854682704387
1003,Gsto1,54,229.86809175573737,1832.234067522891
1004,Idh2,65,232.44586197673252,1906.7204635395128
1005,Ckap4,14,231.96912795584035,1858.9897026117685
1006,Ptbp1,167,233.57805969584047,1872.744086420985
1007,Rad21,176,237.07593583781116,1869.2786640772008
1008,Mbd3,84,108.3041187808816,1872.5406540178928
1009,Gpi1,52,116.06359867614164,1864.3223722541188
1010,Polr2e,148,126.33703853303298,1829.5332346190908
1011,Sat1,200,129.73085935899084,1821.645463907029
1012,Fkbp9,46,130.68344140325394,1871.391570426427
1013,Gpi1,52,136.48973038489913,1820.6853148960784
1014,Gpi1,52,151.16360152037856,1900.0096753451269
1015,Mbd3,84,159.81919570447175,1918.624631499928
1016,Mbd3,84,162.63426710915724,1854.9283981849408
1017,Mbd3,84,172.25104384624123,1915.9146234710463
1018,Mbd3,84,175.87204147788492,1901.619572618302
1019,Gpi1,52,177.26242128242896,1858.58405069171
1020,Polr2e,148,189.93635535226457,1804.6100899745668
1021,Gpi1,52,189.59927417556656,1836.6530127750489
1022,Gpi1,52,193.6667323555571,1895.02052769195
1023,Laptm4a,76,196.00412817017548,1923.132912966164
1024,Gpi1,52,197.29777814181347,1928.9990207832627
1025,Gpi1,52,197.50571260225675,1908.859184078768
1026,Mbd3,84,201.26298261456407,1854.5260472143304
1027,Gpi1,52,204.92423805225732,1797.6078271434076
1028,Laptm4a,76,212.19248105916265,1918.8332091765424
1029,Polr2e,148,214.83800368651572,1925.2542143356384
1030,Rcn3,184,216.89163436831308,1867.121617914452
1031,Laptm4a,76,221.0854531134873,1905.73744500486
1032,Mbd3,84,223.2004840581377,1835.7888149659648
1033,Rpl18a,187,223.75386122852015,1849.9623460115615
1034,Mbd3,84,230.82242052106704,1903.6181273726245
1035,Mbd3,84,245.67419891704387,1874.8004355941123
1036,Gpi1,52,246.8887031230202,1882.5884866065649
1037,Lrrc59,79,118.86263422831932,1914.9417942114824
1038,Vat1,259,126.593024468889,1827.3096773022985
1039,Cited2,13,132.07874378293403,1873.623218317771
1040,Vat1,259,149.7716734504923,1806.974380541669
1041,Vat1,259,150.56744112242887,1906.164311349516
1042,Top2a,236,161.4884156507528,1840.10816387982
1043,Vat1,259,164.1782412354849,1875.412366424504
1044,Rcc2,183,166.1251345908637,1819.0039073545167
1045,Vat1,259,180.65198171072183,1812.66156896666
1046,Cited2,13,186.04696999837432,1819.4570413691629
1047,Vat1,259,186.22690725274435,1865.4687276941677
1048,Ybx1,263,191.87787225470709,1915.553210284702
1049,Timp2,229,196.1664672329273,1910.5661529212248
1050,Junb,71,195.7889262671814,1824.7401131767865
1051,Vat1,259,196.19790402938315,1791.7551606484535
1052,Vat1,259,200.9662009795697,1916.460177866116
1053,Tcp1,227,203.40383186412748,1803.885355738865
1054,Vim,261,208.40122357456733,1922.3676455545049
1055,Tcp1,227,207.83265732790775,1888.559820092526
1056,Vim,261,215.39329988525117,1901.1395379210087
1057,Vat1,259,222.83176097752408,1871.7086084287596
1058,Rcc2,183,227.24609017318463,1906.776606707606
1059,Rcc2,183,235.54537613394464,1876.5199419341895
1060,Rcc2,183,239.7979412649949,1877.1032238075268
1061,Ptgs2,170,108.95124670178332,1866.2242031507728
1062,Thy1,228,120.02888406519904,1870.6530520540512
1063,Ergic1,41,127.73531675523022,1824.795404753706
1064,Pgrmc1,143,129.19761608135192,1859.3062259259536
1065,Ergic1,41,129.9507191893282,1919.899341810721
1066,Efemp2,30,138.69327159283344,1878.505521589365
1067,G3bp1,49,144.12636774179106,1857.1430025193952
1068,Ergic1,41,144.9058996960297,1875.980002973598
1069,Ptgs2,170,147.62552572007863,1827.7074808007649
1070,Ergic1,41,154.22803051041282,1813.5909754556849
1071,Cs,20,156.43422318086607,1821.673235846035
1072,Ergic1,41,163.59782223850326,1864.1052733495692
1073,Ergic1,41,194.63170205920076,1917.809766423764
1074,Efemp2,30,195.31805697112907,1842.278237873392
1075,Ptgs2,170,197.78284136516905,1853.2954550916013
1076,Ergic1,41,205.92350215392568,1836.534667803391
1077,Pgrmc1,143,206.362642150501,1916.1765304648588
1078,Pafah1b3,136,217.01675813067823,1921.2749001418165
1079,Ergic1,41,225.902540503026,1872.8933219745336
1080,Ercc1,40,106.3172448106138,1843.722571495951
1081,Hspa8,62,107.5793050497937,1873.593589573969
1082,Ercc1,40,108.75838766856806,1849.400809456576
1083,Hspa8,62,113.18421657190292,1877.011026967957
1084,Hspa8,62,113.07163466217683,1884.1755706834645
1085,Oaf,133,114.40815347359025,1873.5494755047096
1086,Hspa8,62,114.47226747366346,1843.0156287781083
1087,Hspa8,62,117.80239607961116,1875.7557807534608
1088,Hspa8,62,118.3480431378573,1854.5480479033715
1089,Oaf,133,118.36860052277191,1902.4354064598897
1090,Ercc1,40,120.30276025541929,1842.0601162041755
1091,Hspa8,62,121.45347646820768,1906.134377789114
1092,Hspa8,62,122.99796126307884,1843.7032124709283
1093,Hspa8,62,123.70178306863858,1824.8370179220065
1094,Oaf,133,123.69482854887065,1850.390361602892
1095,Hspa8,62,124.89553366737654,1872.6521395757784
1096,Mrfap1,89,126.60904152854135,1831.0430683334505
1097,Raly,177,131.21463340136742,1873.346198725988
1098,Hspa8,62,131.08449984294197,1901.76663199488
1099,Mrfap1,89,132.70967853609008,1908.8177407596604
1100,Hspa8,62,132.96987073707226,1895.373994741292
1101,Mrfap1,89,134.63757012474292,1820.0681056293463
1102,Ercc1,40,140.69223075759845,1868.4841195895567
1103,Raly,177,140.7510318389893,1856.516812834298
1104,Mrfap1,89,146.54617943499943,1796.729269597688
1105,Oaf,133,147.85083341948305,1833.9910318704724
1106,Hspa8,62,147.7037396542927,1887.711590893954
1107,Raly,177,148.56661799704335,1865.0315323780824
1108,Hspa8,62,150.53026175087294,1899.1881450139936
1109,Ercc1,40,151.6482778383097,1790.990448195174
1110,Hspa8,62,150.80543111827677,1916.602096624072
1111,Txn2,248,152.3795152633165,1904.5395329619191
1112,Hspa8,62,153.9008233473756,1801.2363088398288
1113,Txn2,248,154.4886302763182,1819.8489221778427
1114,Oaf,133,154.555120679176,1917.005607468516
1115,Oaf,133,155.6270075037553,1838.92812839912
1116,Raly,177,156.68939936338194,1904.4328499609371
1117,Ercc1,40,161.18210984479927,1922.2781134563988
1118,Hspa8,62,162.1550670606658,1821.8294058677584
1119,Hspa8,62,166.0879359933027,1925.8260872164851
1120,Hspa8,62,167.72296939627037,1816.690991405724
1121,Hspa8,62,169.04762861248204,1824.7737158502964
1122,Ercc1,40,176.32612274493056,1823.7500600290923
1123,Mrfap1,89,177.10621421841745,1846.5894171945088
1124,Raly,177,181.22952399220924,1917.9937079317197
1125,Hspa8,62,181.7696148625083,1816.3864265317045
1126,Tbrg1,225,182.40062748733044,1892.687860022537
1127,Hspa8,62,185.56535975900937,1886.205924004134
1128,Hspa8,62,185.21248136009277,1898.9786392675528
1129,Ercc1,40,184.8112631695379,1925.91855430899
1130,Oaf,133,187.5819685717496,1906.745785183513
1131,Hspa8,62,189.6969773374715,1899.269640219232
1132,Oaf,133,189.2364882932585,1817.265069126341
1133,Raly,177,194.1484291438137,1887.8685183503133
1134,Mrfap1,89,196.43339576548212,1930.426058089648
1135,Hspa8,62,196.4083498361277,1838.8318503030944
1136,Hspa8,62,200.9928463162005,1801.0952526094363
1137,Eif4g2,38,201.38910664565407,1838.5341658337784
1138,Txn2,248,201.47632531926584,1903.659208713136
1139,Oaf,133,203.7600605291292,1830.172997777617
1140,Mrfap1,89,204.5481982969664,1801.6822887722724
1141,Raly,177,206.59865626412076,1902.196645000067
1142,Hspa8,62,216.6676413089621,1852.4675358594536
1143,Hspa8,62,216.5456100960566,1839.2172744402387
1144,Vim,261,224.30690806574924,1881.0475277880423
1145,Raly,177,227.5106622668996,1908.6778954712784
1146,Raly,177,228.82499266262136,1877.4714238984795
1147,Raly,177,228.37969374754493,1883.9906239628576
1148,Hspa8,62,234.1217746263184,1867.8010118605616
1149,Mrfap1,89,239.63260165915372,1873.2653993997776
1150,Hspa8,62,240.79055309772448,1892.3976814417456
1151,Txn2,248,245.55526999792932,1874.787836298756
1152,Hspa8,62,245.699978760102,1890.2425962395423
1153,Hspa8,62,246.77842292744825,1870.4910439453213
1154,Zyx,271,114.55879508084246,1869.5437191153208
1155,Zyx,271,118.8352373303198,1832.9552405788763
1156,Zyx,271,124.05993695005282,1872.3619294364032
1157,Zyx,271,124.46063704206428,1882.7163613998016
1158,Idh3g,66,124.54225126471805,1858.13921514884
1159,Zyx,271,124.7823864204535,1909.6621059707784
1160,Ppp2r1a,151,126.3651575001731,1845.4270173984912
1161,Lmna,77,125.45226261815904,1919.1933611056936
1162,Zyx,271,130.57994410577254,1876.1118866932795
1163,Lmna,77,130.8073854397844,1851.492765415396
1164,Zyx,271,134.2697471120899,1883.759700244021
1165,Rars,180,134.7317889481447,1817.0766124565455
1166,Cebpd,12,140.14037281648416,1814.9195637511143
1167,Zyx,271,142.9849784674625,1914.0840068082816
1168,Zyx,271,142.934232028829,1877.664421558408
1169,Zyx,271,144.58543467839132,1855.697658524151
1170,Lmna,77,146.29899008981832,1857.7851687003304
1171,Idh3g,66,147.03082259893904,1824.980668906292
1172,Zyx,271,149.4954069947053,1831.4707074621256
1173,Lmna,77,149.27330351833405,1897.4480881960728
1174,Zyx,271,149.70650618396203,1803.0791518065475
1175,Zyx,271,153.2038334587381,1908.4073158245071
1176,Zyx,271,153.7728069971698,1821.14254074736
1177,Zyx,271,157.38829692390817,1895.735083364364
1178,Zyx,271,162.2529399091215,1852.0767618732343
1179,Zyx,271,163.09817195725518,1908.829504303208
1180,Lmna,77,162.8025849761547,1905.1576127799824
1181,Jun,70,164.990320764555,1820.7402881189628
1182,Zyx,271,171.0708105722771,1854.585984428326
1183,Zyx,271,172.9467125417582,1829.66105614815
1184,Zyx,271,180.29115395741036,1847.4822126136971
1185,Zyx,271,181.8460974709984,1795.649505847705
1186,Lmna,77,184.19738964455615,1831.745686173176
1187,Idh3g,66,184.84609531003616,1921.6754060082644
1188,Lmna,77,184.67030704805356,1928.600125016096
1189,Zyx,271,187.6145724307842,1910.4952168149996
1190,Lmna,77,190.16953855859884,1829.8812612733927
1191,Zyx,271,191.2862645108769,1813.93844147702
1192,Lmna,77,195.9528479901197,1881.906602445064
1193,Zyx,271,199.1141301828,1837.5913259408785
1194,Lmna,77,202.5135659136128,1910.539253551548
1195,Zyx,271,205.7137978955547,1886.7630630150356
1196,Arf1,6,208.22830103528523,1830.556308823694
1197,Jun,70,209.32078318211575,1880.4263311082616
1198,Lmna,77,209.99610683638028,1885.945795454171
1199,Zyx,271,214.047328364549,1919.107980373187
1200,Zyx,271,215.450103783635,1845.4354152439907
1201,Zyx,271,216.0165128555933,1830.3960659558288
1202,Zyx,271,216.48624074102617,1849.7560994232117
1203,Lmna,77,216.98954974754423,1894.125881526888
1204,Zyx,271,217.5914727815077,1863.6057052892577
1205,Zyx,271,218.46599699856375,1834.013231007963
1206,Zyx,271,222.21980712582445,1891.8173576948284
1207,Zyx,271,228.91903410119127,1883.3386599520063
1208,Zyx,271,232.17259259849328,1849.7135254884056
1209,Zyx,271,233.52732681350253,1886.8501997071212
1210,Zyx,271,239.2324023233056,1858.5738499281324
1211,Zyx,271,243.94700111432144,1864.8975949761395
1212,Zyx,271,245.81558550301085,1879.6455084788024
1213,Lmna,77,248.2572381346084,1870.9075769016408
1214,Msn,112,111.44258452222624,1881.9877920056836
1215,Msn,112,111.70756611303172,1890.3866980889736
1216,Msn,112,113.06036427073306,1844.390652348768
1217,Ubxn1,253,120.83831015154551,1838.9152268788005
1218,Hdgf,56,121.56636987822954,1887.6048533230744
1219,Ubxn1,253,122.84865181753344,1858.749454536899
1220,Tomm40,235,123.26379352735476,1868.6762291519065
1221,Hdgf,56,129.14999625545175,1905.533899212919
1222,Ubxn1,253,133.7886788727019,1834.614139554866
1223,Hdgf,56,135.50381994774904,1909.478583897536
1224,Hdgf,56,145.86585501990194,1829.1433809388116
1225,Hdgf,56,146.66719398071825,1892.3760452946135
1226,Hdgf,56,148.841114611651,1845.9424878180864
1227,Ubxn1,253,156.35101971459602,1822.0655247571904
1228,Nr2f2,129,160.41743866895598,1912.252455102247
1229,Ubxn1,253,161.52413719619295,1838.6667744124068
1230,Srebf2,215,171.2209602061061,1835.985490174816
1231,Msn,112,178.91910971763627,1803.6100244263864
1232,Nr2f2,129,185.0120385670719,1830.681064032392
1233,Nr2f2,129,194.10245685598176,1925.521039765908
1234,Spon2,213,193.2282108387051,1834.2533791142675
1235,Nr2f2,129,193.79992310218856,1832.603112353496
1236,Hdgf,56,199.22310426961795,1797.493561613692
1237,Ubxn1,253,200.4977750493749,1809.7983126799447
1238,Hdgf,56,200.42389838873103,1829.0954724961616
1239,Hdgf,56,202.77056977938597,1893.7464505919636
1240,Eif3d,33,205.15826697439556,1921.8013762048768
1241,Hdgf,56,206.13375476718844,1924.5776348821348
1242,Ubxn1,253,213.04507076340755,1890.09342500621
1243,Nr2f2,129,214.88573504837584,1895.7513805825115
1244,Tomm40,235,216.26210017870383,1883.5075497565044
1245,Msn,112,220.2054174288301,1836.512140567982
1246,Ubxn1,253,218.24567771148335,1837.7238578371223
1247,Tomm40,235,222.68439610971797,1897.4959239493453
1248,Ubxn1,253,230.065324315779,1840.9374090098709
1249,Hdgf,56,230.077065928246,1897.2294622383763
1250,Tomm40,235,231.2864205586707,1852.1030245382085
1251,Hdgf,56,231.55078204431868,1902.746332451758
1252,Hdgf,56,231.15438902207416,1860.4948057534216
1253,Psap,160,112.34010988150705,1841.387423201926
1254,Psap,160,119.10050263150411,1873.6629297319143
1255,Eif4g2,38,127.93923580139484,1830.650417612609
1256,Eif4g2,38,127.73186559601136,1906.256925080808
1257,Ctbp1,24,139.31890088914378,1823.5063154865816
1258,Ctbp1,24,143.07509010590977,1875.333208822442
1259,Eif4g2,38,149.71851024382488,1809.1791810936863
1260,Psap,160,150.58749617018714,1798.7535827021102
1261,Eif4g2,38,151.5276058974382,1816.7847014882384
1262,Psap,160,157.22295468067767,1894.012114649281
1263,Ctbp1,24,165.62574795241358,1799.0353890001834
1264,Psap,160,166.5659514187085,1840.561009204769
1265,Ctbp1,24,167.86888503466898,1822.575586141036
1266,Eif4g2,38,169.55296012956865,1812.7497974439984
1267,Eif4g2,38,170.7837620287379,1804.4948198075
1268,Psap,160,183.67638322293485,1820.5658734334584
1269,Ctbp1,24,189.1763131750696,1921.231800978276
1270,Ctbp1,24,193.1176353827648,1832.4193570351893
1271,Psap,160,194.15104659585324,1839.6271988508488
1272,Psap,160,211.21100454124343,1821.1262721777032
1273,Eif4g2,38,219.2746095712496,1903.970637071046
1274,Psap,160,223.2801458348975,1835.337326553095
1275,Eif4g2,38,224.0120103259189,1841.5930558060757
1276,Eif4g2,38,226.8575956513438,1881.4486880237032
1277,Eif4g2,38,232.57117767709855,1862.6931208317635
1278,Ctbp1,24,236.80974665054296,1849.7222055609852
1279,Rps15a,191,111.8195683612566,1918.5666764942744
1280,Rpl18a,187,113.16293848362008,1869.4756875607716
1281,Rps15a,191,115.12347398386092,1843.2078449152548
1282,Rpl18a,187,119.91810999544546,1902.795239309581
1283,Rpl18a,187,119.44867911742404,1892.846748909808
1284,Sdc4,202,130.02294600178362,1853.2718494267776
1285,Prpsap1,156,130.50727251302413,1878.064275601128
1286,Puf60,171,130.442737612068,1912.49571816998
1287,Rpl18a,187,134.70083801154863,1814.879972721254
1288,Rps15a,191,142.67681858055775,1850.9445837496544
1289,Sfpq,206,145.465252236357,1843.8870554257992
1290,Rps15a,191,148.78272633853916,1833.9957574935331
1291,Puf60,171,152.10049854108712,1798.120612644978
1292,Sdc4,202,152.16987736767732,1886.7338654153623
1293,Rpl18a,187,156.13555486282326,1918.925436045375
1294,Rpl18a,187,158.06231786152014,1867.594979529549
1295,Rpl18a,187,159.494916526938,1800.5581750654476
1296,Rpl18a,187,167.3696186102669,1911.969710535176
1297,Rpl18a,187,167.96591611667938,1917.2633970210395
1298,Rpl18a,187,170.01449216110967,1860.5691282697564
1299,Sdc4,202,170.11414944697003,1820.3749802178208
1300,Prpsap1,156,172.81113798443107,1927.6060192544203
1301,Sdc4,202,173.35071728274184,1850.2049328753228
1302,Ran,178,179.9662123379516,1922.133129419847
1303,Rpl18a,187,180.1672852511328,1877.375608039903
1304,Sdc4,202,181.98520618086727,1914.5598831270304
1305,Rpl18a,187,195.8522961222804,1839.4137551631957
1306,Rps15a,191,195.72205700931863,1882.1632796088236
1307,Puf60,171,198.84940169958367,1921.880901748765
1308,Ywhah,266,200.5003154604804,1868.8596315308944
1309,Rpl18a,187,201.8557916345324,1803.3410746946709
1310,Rpl18a,187,204.49331204619503,1848.99739179432
1311,Rpl18a,187,204.9313988950746,1885.1711376898515
1312,Rps15a,191,209.39154052160225,1896.1582554144209
1313,Rpl18a,187,210.799536705494,1926.702938521104
1314,Rpl18a,187,212.5942299108177,1834.425728835943
1315,Ywhah,266,217.40820659475105,1864.4808360687664
1316,Sfpq,206,218.86295613619325,1847.8840830623749
1317,Rpl18a,187,221.16262535038015,1887.3065721535752
1318,Rps15a,191,224.56482413146807,1874.3389312318068
1319,Puf60,171,227.73543225611587,1846.1188835023995
1320,Puf60,171,228.292845751008,1833.1118246215497
1321,Rpl18a,187,229.0425946001216,1837.905290823064
1322,Rpl18a,187,229.9879579142712,1897.2580867564916
1323,Rpl18a,187,230.5296642151601,1852.1979557426312
1324,Rps15a,191,234.3248963783361,1854.75191865692
1325,Rps15a,191,235.77230948300524,1867.6566150667863
1326,Sdc4,202,241.15810325561415,1887.1857952371552
1327,Sdc4,202,242.0729947069184,1904.9990071663055
1328,Srebf2,215,120.28990621485636,1837.60144269154
1329,Paics,137,122.6746559018261,1907.4961608864537
1330,Arf1,6,123.5941370659258,1888.4985119296289
1331,Srebf2,215,125.59733659054427,1889.5547118601528
1332,Arf1,6,142.4028546563915,1816.857371832098
1333,Paics,137,148.24145281139928,1864.3797492288204
1334,Paics,137,151.3391822240799,1902.020065866252
1335,Srebf2,215,152.2594710243363,1848.0976704911557
1336,Paics,137,177.4878119370856,1910.7434982794955
1337,Paics,137,178.71983442643008,1928.9545706416927
1338,Paics,137,178.67338608922472,1876.035837977553
1339,Arf1,6,183.12852128850568,1806.0963508021923
1340,Srebf2,215,183.67791935309185,1887.3414314529596
1341,Srebf2,215,188.16480832752072,1822.2566730934957
1342,Paics,137,191.6810709884536,1928.1452647439264
1343,Arf1,6,199.9630669347781,1896.6976682089307
1344,Arf1,6,207.1642585559748,1903.5565910776463
1345,Srebf2,215,207.39899410733784,1821.815881871384
1346,Ndufs8,123,208.07062806121584,1833.1363128092144
1347,Srebf2,215,214.30894980913004,1824.0716621744868
1348,Vim,261,214.79296918525057,1869.4827040754087
1349,Arf1,6,230.5919964024111,1907.472894765576
1350,Arf1,6,231.1961970398354,1880.712096255576
1351,Arf1,6,232.7898234863303,1870.8035767070733
1352,Nfe2l1,127,116.9066677508646,1895.5938790057676
1353,Timp2,229,125.01804020251404,1877.374672147515
1354,Timp2,229,130.86900687395558,1844.9075929808787
1355,Nfe2l1,127,136.63869337192887,1854.376249965289
1356,Timp2,229,144.18462466709934,1882.6023477194408
1357,Timp2,229,144.69611088214822,1840.380772318756
1358,Nfe2l1,127,151.6772737825107,1818.1208177533408
1359,Nfe2l1,127,161.37692845818847,1804.7764718945175
1360,Timp2,229,172.0418121165901,1920.824292059688
1361,Timp2,229,179.32309103209178,1884.0430488895825
1362,Timp2,229,195.94095290923997,1853.1406580514213
1363,Timp2,229,203.1931777750625,1859.9427774042665
1364,Timp2,229,203.42312347854465,1836.1765284712176
1365,Timp2,229,206.95044361560767,1826.7661293182616
1366,Timp2,229,212.8614042857462,1911.9239246800687
1367,Sfpq,206,109.38933672204791,1882.313420504854
1368,St13,220,110.32761466574009,1840.0390604725449
1369,Sfpq,206,111.2533784335632,1896.9080824051716
1370,Spon2,213,110.54052205470772,1872.1556720821911
1371,St13,220,114.12034617235322,1890.6711916725983
1372,Ssrp1,219,118.59419607785256,1830.159450575472
1373,Csnk1a1,22,119.88005710791523,1912.5013456618865
1374,Csnk1a1,22,124.36072095275388,1906.760012659718
1375,Sfpq,206,131.21139058660555,1822.5375282121408
1376,Sfpq,206,137.17357717638987,1894.797052449426
1377,Csnk1a1,22,155.5855434580104,1884.985305838508
1378,St13,220,160.9062464753256,1811.865401651568
1379,Sfpq,206,165.03913105635934,1833.5110275352968
1380,Hif1a,57,167.01834418221077,1824.2331006043944
1381,Sfpq,206,169.59899400492452,1834.6981171690984
1382,Sfpq,206,173.68522328647134,1837.807190596006
1383,Sfpq,206,175.2862291559508,1830.941251136029
1384,Csnk1a1,22,178.59859369102176,1831.014214662026
1385,Ssrp1,219,180.893514089149,1912.834485205066
1386,St13,220,183.7503321294232,1804.7668604662108
1387,Csnk1a1,22,190.26905643601376,1805.0631265993288
1388,Sfpq,206,192.71280387850132,1826.379074989174
1389,Sfpq,206,202.79672267877237,1839.000809213151
1390,St13,220,203.9128807236976,1911.4816635773768
1391,Ssrp1,219,204.01678781354315,1859.1239811648084
1392,Sfpq,206,213.3469426917492,1834.0631514372017
1393,Hif1a,57,214.70656752893112,1908.4250848527456
1394,Sfpq,206,215.7429841975733,1828.0732440283907
1395,Sfpq,206,216.95361144049696,1832.656892568704
1396,Vim,261,220.12977788524304,1852.1746224279375
1397,Hif1a,57,219.42547402360964,1854.3066063880476
1398,Sfpq,206,229.61389551365284,1850.4175215769776
1399,Vdac1,260,233.3204025642024,1875.1485796703855
1400,St13,220,238.3506070487373,1887.9262014494395
1401,Csnk1a1,22,243.36482945584544,1864.855568828394
1402,St13,220,251.74210497794715,1873.5749035034744
1403,Cs,20,114.2243156518723,1884.268053093117
1404,Ran,178,125.21783133891417,1855.8658028525697
1405,Lamp1,74,126.24633319817156,1851.9727957213404
1406,Lamp1,74,129.48026144231125,1902.1420359008348
1407,Lamp1,74,131.10271584651372,1885.608207111588
1408,Lamp1,74,136.42119602404293,1892.2931462121255
1409,Lamp1,74,138.499434774488,1838.7781347385708
1410,Cs,20,138.99297654107957,1903.6512737300563
1411,Lamp1,74,144.66542616391803,1820.2256128275412
1412,Ran,178,145.37876220123624,1883.736222419613
1413,Lamp1,74,145.59805997553494,1860.1571159010896
1414,Lamp1,74,146.36187020593087,1842.025272736786
1415,Ran,178,147.05120188982283,1815.5973184905436
1416,Cs,20,149.19272586135372,1803.870513801836
1417,Ran,178,153.02030491784444,1845.796000925783
1418,Pla2g4a,145,157.63875699673594,1809.5800851957529
1419,Cs,20,159.6864181618962,1844.2414571347424
1420,Lamp1,74,158.7648699423942,1912.1386866547448
1421,Lamp1,74,161.75893451045053,1851.162949787216
1422,Lamp1,74,173.66182411264194,1837.445907387498
1423,Ran,178,182.12121404798188,1845.5071705077607
1424,Lamp1,74,182.0498599645064,1834.928789454351
1425,Ran,178,186.09826269303568,1834.7903244505237
1426,Lamp1,74,204.62758529505143,1836.4682664451332
1427,Pla2g4a,145,206.0377698561454,1827.886552789112
1428,Cs,20,220.68667440995287,1841.6064670441688
1429,Ran,178,224.07051751613545,1882.066339632152
1430,Cct5,10,133.58450232362702,1858.7796078939612
1431,Prmt1,153,138.22148418948234,1842.8702112639223
1432,Prmt1,153,140.46381142746668,1811.530006854021
1433,Zfp36l2,270,145.3261865620724,1823.483135104202
1434,Cct5,10,146.43229415130423,1796.3347179369623
1435,Cct5,10,148.0614130113899,1807.9168707685585
1436,Cct5,10,156.23737709729866,1901.5047190574928
1437,Prmt1,153,162.57727997192802,1810.060144028353
1438,Zfp36l2,270,164.9957863448337,1813.271433869289
1439,Cct5,10,165.892715360879,1834.131338558641
1440,Cct5,10,175.34461316875723,1818.276852339788
1441,Prmt1,153,187.79013253107877,1919.124876767925
1442,Zfp36l2,270,193.2712161610005,1859.9925171216464
1443,Ppp2r1a,151,195.6191944161512,1895.5590571610544
1444,Zfp36l2,270,195.48254669944936,1855.1379222403389
1445,Zfp36l2,270,196.71500020928943,1902.61367113344
1446,Zfp36l2,270,197.2344040584373,1859.2402625375885
1447,Zfp36l2,270,206.57035758467475,1924.736474057536
1448,Cct5,10,209.65428889037676,1865.567418847212
1449,Cct5,10,211.8012320867967,1851.349874649325
1450,Prmt1,153,219.0704728745166,1844.880002878142
1451,Cct5,10,219.1500370180476,1915.331363739877
1452,Cct5,10,223.63983743996044,1854.712484065084
1453,Cct5,10,233.25768602030436,1853.1531000095829
1454,Zfp36l2,270,235.61891102746023,1894.2016181624529
1455,Ppp2r1a,151,243.604013368051,1867.7644835574745
1456,Prmt1,153,245.6741658575471,1883.2800734983784
1457,Nucb1,131,108.98699558583836,1854.946932873532
1458,Tmbim6,230,132.40428665293277,1859.2903474417053
1459,Mdh2,85,135.23739741653293,1829.716328341557
1460,Tmbim6,230,136.75600522780934,1819.3419799591547
1461,Loxl1,78,139.08330532749775,1888.7735237375289
1462,Tmbim6,230,139.77705883609184,1860.0936598170272
1463,Uba1,250,141.1649595041743,1857.6839128553845
1464,Nucb1,131,140.17366816190204,1839.9703998614052
1465,Loxl1,78,146.24816857244977,1880.9361151415696
1466,Nucb1,131,145.5521579942121,1858.997580732864
1467,Mdh2,85,148.21573234056734,1865.5084826564175
1468,Mdh2,85,148.75016109862852,1825.4715750259445
1469,Skp1a,207,154.327252729766,1919.350627289936
1470,Tmbim6,230,157.20214739423284,1831.8550842903344
1471,Sae1,199,158.72139940649728,1801.2480450536148
1472,Mdh2,85,163.10705868977078,1828.5588695862284
1473,Tmbim6,230,174.5433040000393,1825.3575175619496
1474,Mdh2,85,175.43688918691907,1923.547757360616
1475,Tmbim6,230,180.417986426371,1891.117807972761
1476,Nucb1,131,180.94157555240872,1836.4487759874771
1477,Mdh2,85,183.97385649807225,1858.972793775475
1478,Tmbim6,230,183.7514710025967,1842.1940180341312
1479,Tmbim6,230,185.356892912792,1913.2802361346248
1480,Loxl1,78,195.7170729294917,1864.8874263413768
1481,Mdh2,85,198.2637239103645,1800.6934471671154
1482,Tmbim6,230,200.50952183673243,1882.1297992992331
1483,Tmbim6,230,210.32897006269573,1855.8354394655687
1484,Loxl1,78,212.1993199865082,1879.3244127303776
1485,Mdh2,85,222.84229244352733,1913.4128015439087
1486,Mdh2,85,235.596543028216,1895.8604669805757
1487,Mdh2,85,239.1201423174008,1861.725990674358
1488,Fkbp9,46,119.06630443631776,1901.937816012596
1489,Ptgs1,169,121.66341269984396,1851.3784565336264
1490,Myh9,118,124.55915851530936,1914.1499667874225
1491,Myh9,118,125.60475772593212,1875.804317345952
1492,Myh9,118,132.12124463763783,1841.0921828927903
1493,Thy1,228,132.922092513822,1829.3007351152569
1494,Lrrc59,79,134.01479720907483,1904.313151876337
1495,Fkbp9,46,135.8270569754113,1801.959168208886
1496,Thy1,228,135.86883184254177,1811.5406920437515
1497,Thy1,228,139.1630687793113,1886.0636220235745
1498,Ptgs1,169,138.98988253872176,1819.330084526744
1499,Myh9,118,140.58477031618708,1825.0494178941324
1500,Myh9,118,141.03411842335248,1802.8428412562453
1501,Thy1,228,141.8038656832329,1901.668206490482
1502,Fkbp9,46,142.79457031138452,1838.958141291844
1503,Ptgs1,169,145.2859422825888,1887.8315456559924
1504,Vim,261,147.76028623205437,1803.704322958452
1505,Ptgs1,169,148.8338942410622,1841.8619768532965
1506,Ssr2,217,149.99862513717338,1870.4695757849815
1507,Myh9,118,151.84238962585633,1903.0941629735685
1508,Ssr2,217,152.60218998548726,1836.6622895107537
1509,Myh9,118,153.37583054093938,1852.420229316574
1510,Ptgs1,169,156.46596344418293,1908.004980495184
1511,Ptgs1,169,163.17165003824977,1907.0765685068068
1512,Thy1,228,165.48085827934517,1807.331225801188
1513,Lrrc59,79,165.5811424852801,1851.3137156897385
1514,Ptgs1,169,169.65897289638363,1816.2375133644116
1515,Thy1,228,170.54802285469847,1854.8683021439488
1516,Thy1,228,172.46492027085748,1811.5192816868985
1517,Lrrc59,79,174.6414670411649,1921.626881623727
1518,Ptgs1,169,177.8456355391056,1900.788075734287
1519,Myh9,118,179.31281042072752,1926.9602538143256
1520,Thy1,228,180.895558135928,1915.4962025962864
1521,Thy1,228,182.98130585293023,1799.3365157573164
1522,Fkbp9,46,185.0651593239496,1855.998542881765
1523,Thy1,228,192.6686524615056,1867.6992027656252
1524,Fkbp9,46,193.11418055144335,1904.185166825228
1525,Lrrc59,79,198.2151709708088,1891.6390126024548
1526,Lrrc59,79,202.8988781048697,1819.799105777976
1527,Ptgs1,169,204.23004908342,1902.3743656373167
1528,Ptgs1,169,208.1328068118169,1899.2020470168457
1529,Thy1,228,211.521161138463,1906.5390205046692
1530,Ssr2,217,212.3700768570968,1874.2500768293085
1531,Ssr2,217,213.38914482175744,1829.333909017476
1532,Ssr2,217,214.990909495904,1868.892849157288
1533,Thy1,228,216.9459915546943,1841.7893273942184
1534,Ssr2,217,220.31169406479705,1847.162156249813
1535,Myh9,118,223.15477865003567,1840.0585937316268
1536,Myh9,118,224.554653898618,1844.855319008943
1537,Lrrc59,79,226.7530753233079,1866.2023097481288
1538,Fus,47,226.7530260038763,1899.3560207997264
1539,Fkbp9,46,229.6401827445112,1878.192534923972
1540,Lrrc59,79,229.3309302270127,1903.1088176624576
1541,Ptgs1,169,232.19709066181252,1878.4957378292847
1542,Lrrc59,79,231.9479156297155,1838.0696214292136
1543,Thy1,228,233.63412780422016,1863.24741920823
1544,Lrrc59,79,236.64392478161332,1905.4770358097708
1545,Myh9,118,245.453631251006,1888.3344724253864
1546,Nap1l1,120,106.78599645642048,1915.5839366352543
1547,Uqcrc1,256,110.33273539782653,1886.2852090681065
1548,G3bp1,49,113.82159201837943,1835.6904854935
1549,Gsto1,54,117.10545154783964,1850.1682594806289
1550,Gsto1,54,117.73225526525012,1895.0602305038224
1551,Gsto1,54,121.88989051326286,1916.188129857769
1552,Gsto1,54,129.0358117988782,1879.487919681376
1553,Gsto1,54,131.04682352783564,1905.8232593296411
1554,Gsto1,54,133.9984217776193,1827.3178864299744
1555,Polr2m,149,141.8761514987233,1886.5269815233448
1556,Gsto1,54,149.2808213986635,1811.81909134142
1557,Gsto1,54,152.79034237101294,1818.186995350488
1558,Gsto1,54,163.1787864411923,1823.952280245781
1559,G3bp1,49,166.4002179655365,1916.19613586208
1560,H1f0,55,166.94291514038164,1925.5350652600264
1561,G3bp1,49,171.06669065218415,1817.5287676537675
1562,G3bp1,49,174.6030268145491,1819.4612265999235
1563,Nap1l1,120,175.7672499583539,1926.008841659578
1564,Gsto1,54,178.60593177562,1847.340250881248
1565,G3bp1,49,181.1749861729957,1809.906634638675
1566,Gsto1,54,182.6332571303962,1804.2590235924692
1567,Gsto1,54,189.42635720539045,1889.625518984275
1568,G3bp1,49,191.78751335406548,1837.7838566992195
1569,Gsto1,54,195.40697689023307,1894.1829170960884
1570,Gsto1,54,195.5459139519928,1820.8621224449855
1571,Polr2m,149,202.56825106485076,1913.530189503824
1572,Nap1l1,120,202.4259206100433,1855.90723965816
1573,Gsto1,54,202.76297624511403,1824.9793914713323
1574,Nap1l1,120,208.8713189224225,1904.152680129028
1575,Gsto1,54,210.42333423854967,1927.9496962473756
1576,Gsto1,54,212.3428724209796,1823.280646733223
1577,G3bp1,49,216.0852581055491,1910.376928263219
1578,Fgf7,43,225.76019769555643,1853.2353900085595
1579,Uqcrc1,256,236.96797371303575,1893.993905672508
1580,Nap1l1,120,239.56761317026485,1889.6953597201225
1581,Uqcrc1,256,244.20088291036888,1890.8573371734217
1582,Mrpl37,99,118.74551723551988,1866.1742300791304
1583,Hnrnpul1,60,119.36958377467388,1883.9975508553064
1584,Hnrnpul1,60,225.22556094328817,1847.112726265621
1585,Psmd4,164,143.45611793649164,1887.4593299667515
1586,Sf3b2,205,146.85928152795762,1809.2169084732973
1587,Sf3b2,205,153.11671076792294,1886.756122796803
1588,Sf3b2,205,153.20400327113452,1899.4039147745837
1589,Mrpl17,95,217.8988545517372,1841.586664315384
1590,Psmd4,164,220.0148663720108,1904.0142810426787
1591,Sf3b2,205,236.84966906604723,1859.9826647331745
1592,Mrpl28,97,143.14143235282666,1817.38283928754
1593,Mrpl28,97,149.8958393302035,1802.2693608056788
1594,Mrpl28,97,167.97307200704915,1852.2903062702787
1595,Xdh,262,200.3044255517492,1835.9092425570684
1596,Xdh,262,220.41726692182,1910.4004543403123
1597,Vim,261,108.0192475095511,1846.965771015973
1598,Vim,261,110.37501441554537,1894.7104514732764
1599,Vim,261,111.36482920303648,1835.494777150012
1600,Vim,261,112.57846300330876,1878.637207422251
1601,Vim,261,112.42872698957106,1841.60269924595
1602,Vim,261,112.9695259961664,1867.6346046691149
1603,Vim,261,115.64478273830896,1855.4877994694411
1604,Vim,261,116.7983313107539,1844.1724548383452
1605,Vim,261,117.7262008190055,1794.7863748644172
1606,Vim,261,117.81317062119945,1851.9494466064384
1607,Vim,261,122.7517256689235,1836.110198669316
1608,Vim,261,124.93595944422492,1862.543227138338
1609,Sec13,204,125.72701906510925,1893.7094926883256
1610,Vim,261,125.18502053761156,1910.8797424472227
1611,Vim,261,126.50085538351306,1906.3354083485665
1612,Vim,261,127.17366006795832,1849.5358902488715
1613,Vim,261,131.07633965283867,1880.8309958001728
1614,Vim,261,131.7109814614754,1887.4367149807165
1615,Vim,261,132.0009971582785,1826.264914170917
1616,Vim,261,132.36962307777418,1864.9815877597157
1617,Vim,261,133.17326060865025,1900.5995632939384
1618,Vim,261,135.74442551628437,1909.975561517644
1619,Vim,261,136.330836327705,1812.244648822234
1620,Vim,261,138.507805574509,1862.0711389858352
1621,Vim,261,140.95269356984932,1834.4913680125264
1622,Vim,261,141.28339275997237,1877.682374794236
1623,Vim,261,143.11708695641937,1862.225643726256
1624,Vim,261,144.96060661162505,1858.6260631204284
1625,Vim,261,145.4255058821498,1900.273744268543
1626,Vim,261,148.71458304798162,1893.836852624731
1627,Vim,261,149.1686384910139,1823.8263205239373
1628,Vim,261,149.29790882992364,1820.109438601248
1629,Vim,261,152.6134654520646,1906.6576118620137
1630,Vim,261,153.722365534964,1866.7698106926816
1631,Fgf7,43,156.20439821233978,1803.1768173410285
1632,Vim,261,159.5242793850254,1810.0839201986137
1633,Vim,261,160.3422708168269,1813.884492471924
1634,Vim,261,163.2502325474655,1925.6815621784312
1635,Vim,261,164.50655534212962,1807.7516527939115
1636,Vim,261,168.70351177671307,1827.0561594670437
1637,Vim,261,170.64963635785753,1810.752558669692
1638,Vim,261,171.67558729001365,1799.808734624854
1639,Vim,261,172.44420051469314,1921.1748519459932
1640,Vim,261,173.34500230084356,1850.6204258415876
1641,Vim,261,175.21465990459131,1817.395829816867
1642,Vim,261,175.34836525033725,1841.1200197422847
1643,Vim,261,176.08437543689303,1927.317958698245
1644,Vim,261,176.60277488132965,1806.1529951403852
1645,Vim,261,177.27317862586793,1829.4930334459516
1646,Vim,261,178.31985319070532,1910.264247038635
1647,Vim,261,179.4410227091226,1838.90892896631
1648,Vim,261,180.3783664397108,1912.19398848924
1649,Vim,261,182.74907849714063,1820.2825443634235
1650,Vim,261,184.94497409139876,1913.6077490861312
1651,Vim,261,186.19341334056028,1909.331800065609
1652,Vim,261,186.84449220258,1925.6660577934492
1653,Vim,261,190.84472762946905,1815.9263866473884
1654,Vim,261,191.107702117452,1925.6207555916571
1655,Vim,261,194.8245170994419,1792.450063241292
1656,Tnfrsf1a,233,195.15751615777717,1891.2163853209345
1657,Vim,261,197.3155153176509,1884.638160003861
1658,Vim,261,198.07186755665109,1836.8848169204105
1659,Vim,261,199.2764155771517,1827.5009209331183
1660,Vim,261,201.76242591815029,1823.692503683652
1661,Vim,261,203.31727112125012,1857.905147756201
1662,Vim,261,202.933050519794,1840.0861905246584
1663,Vim,261,206.68658284317465,1830.733364347641
1664,Vim,261,212.6988057599622,1903.9385285700791
1665,Vim,261,214.5868685886025,1834.8871182413916
1666,Vim,261,215.26417627692837,1916.6102433912629
1667,Vim,261,215.7345814257561,1828.1067731205453
1668,Vim,261,216.87585498208816,1877.9065462956428
1669,Vim,261,219.20476721758664,1831.430656772028
1670,Vim,261,219.5915172334013,1847.03137593614
1671,Vim,261,219.67344441338636,1823.9608958965189
1672,Vim,261,222.908504415706,1903.8254134155795
1673,Vim,261,223.1763412029632,1891.0687141762287
1674,Vim,261,226.58594985380483,1914.425793162124
1675,Vim,261,230.7352264787405,1853.4439200638988
1676,Vim,261,231.2951253133506,1846.302505038345
1677,Vim,261,231.3303957047371,1860.543494064549
1678,Vim,261,232.56386748610927,1858.211493410383
1679,Vim,261,233.04701786453927,1907.4017776295327
1680,Vim,261,233.8215896502956,1899.9588534809611
1681,Vim,261,236.41394416987865,1867.0212084218044
1682,Vim,261,237.458537728547,1904.862551298993
1683,Vim,261,237.8654246899399,1886.0459240209595
1684,Vim,261,240.2281514317308,1887.9197300184528
1685,Vim,261,249.39031031769983,1884.934319061561
1686,Maged1,82,114.01760324769528,1845.9723865338392
1687,Uba1,250,139.32146134375213,1811.9502133495992
1688,Psma7,161,148.67310984525406,1907.257152484381
1689,Psma7,161,173.22775081750336,1857.6813217208985
1690,Psma7,161,182.85265438121084,1870.2373004989463
1691,Trim28,241,189.7001018782481,1930.7589786496776
1692,Trim28,241,196.6389423938071,1892.8841372120955
1693,Trim28,241,203.66425378865543,1810.629929441955
1694,Trim28,241,213.13209479982825,1902.2223479133515
1695,Psma7,161,214.88344906122109,1821.259442832068
1696,Trim28,241,239.67341721991804,1871.0025539743128
1697,Kars,72,114.85994504469296,1915.2549173061284
1698,Twist2,247,129.78121745762968,1897.5927359496309
1699,Kars,72,147.327539679813,1883.259888985458
1700,Kars,72,174.24942237928437,1804.213440887076
1701,Kars,72,185.078040391998,1804.510440880888
1702,Kars,72,194.5180003512463,1910.7175398547768
1703,Kars,72,196.70016655890103,1893.7872498557613
1704,Kars,72,248.25094798348135,1868.727776447063
1705,Pdha1,139,116.16683889586608,1862.9871674891413
1706,Clta,15,124.61610079507608,1921.6398366539952
1707,Ly6e,81,153.6630236490978,1813.7184793910997
1708,Clta,15,161.3366458593098,1808.0991678733872
1709,Clta,15,169.82027344679662,1854.1501248413017
1710,Ly6e,81,183.0387335435285,1802.478807846652
1711,Clta,15,192.42605126933256,1897.3113448555043
1712,Pdha1,139,199.7116738854005,1842.0570469200009
1713,Clta,15,216.898146801666,1850.1739264504904
1714,Nudt9,132,114.85088564968896,1886.999071872868
1715,Rpl15,186,107.72036047576128,1859.410020473689
1716,Rpl15,186,117.89866023073728,1855.1634289386516
1717,Rpl15,186,122.74651290511378,1894.2075259665653
1718,Rpl15,186,125.75923572782386,1824.719766010004
1719,Rpl15,186,135.3287519014824,1875.0903418411035
1720,Rpl15,186,138.55194017485283,1898.4249397934177
1721,Rpl15,186,147.7298764737189,1874.5500466588956
1722,Csnk2b,23,162.02036262751466,1813.561626144706
1723,Ssr3,218,169.142726548038,1830.5587494742715
1724,Ybx1,263,170.27083319826852,1835.950571748148
1725,Ssr3,218,179.510389208598,1814.891852737775
1726,Rpl15,186,190.5351424998396,1833.627809103496
1727,Rpl15,186,193.2545113716868,1812.536718519608
1728,Rpl15,186,195.75331960282887,1794.7889341107712
1729,Rpl15,186,196.562729397537,1837.8197658759727
1730,Rpl15,186,201.76461259192385,1836.8777750554605
1731,Rpl15,186,205.3984119490709,1875.357078995244
1732,Rpl15,186,215.9623644720648,1821.6652153194748
1733,Ssr3,218,221.7590328459915,1848.3184809868771
1734,Rpl15,186,227.22856269212235,1901.4648098599216
1735,Csnk2b,23,231.57205614280093,1885.949341909489
1736,Rpl15,186,238.4315627895733,1855.847836175728
1737,Csnk2b,23,238.69993401178664,1894.301164454843
1738,Vdac1,260,118.41531916847256,1849.8018350641837
1739,Fgf7,43,134.16821127071188,1827.9437407116936
1740,Fgf7,43,144.63929579623962,1875.7990546742176
1741,Fgf7,43,189.94888102511396,1793.6269878431344
1742,Ywhaq,267,135.72663698721277,1865.3468651932492
1743,Fus,47,147.6592786212343,1871.5703774165056
1744,Fus,47,153.35860225684547,1807.4400581169264
1745,Fus,47,174.3979096856781,1924.4156883862784
1746,Ywhaq,267,179.31967463956155,1822.4432541060685
1747,Ywhaq,267,179.54029493798507,1919.7312401091824
1748,Ywhaq,267,180.12394177473573,1829.3239799098644
1749,Fus,47,189.0835713888137,1905.872768049176
1750,Fus,47,202.7293680579739,1825.4978345708296
1751,Ywhaq,267,216.27536217361944,1833.3127778070184
1752,Fus,47,230.97857008582048,1917.295289503748
1753,Mrpl12,92,247.2721338461608,1888.343004201403
1754,Grina,53,111.25266936852964,1866.2205402299403
1755,Snrnp70,210,165.15873643898095,1811.1536337729196
1756,Snrnp70,210,191.73777922561771,1867.726070656191
1757,Snrnp70,210,198.653419180766,1833.645724868416
1758,Snrnp70,210,209.0214905264976,1824.705082157595
1759,Snrnp70,210,214.70417524645111,1838.269685369602
1760,Snrnp70,210,224.1267006462684,1886.0417550831453
1761,Snrnp70,210,236.53902288215545,1881.415007697351
1762,Snrnp70,210,242.6732329891,1888.393571443876
1763,Stt3a,222,140.202037568151,1906.675640329938
1764,Rbbp7,181,121.03517122646268,1834.7184070081523
1765,Rbm3,182,139.87942858682743,1903.2221780433797
1766,Rbm3,182,204.73642103683747,1919.102671621716
1767,Maged1,82,118.67728471851602,1893.8005494940485
1768,Maged1,82,135.8309229125496,1906.550915527247
1769,Maged1,82,137.392190438469,1918.3154964807395
1770,Maged1,82,176.75231036352045,1848.1459518641127
1771,Maged1,82,186.7254472293724,1834.458992970261
1772,Maged1,82,186.270242740726,1843.9553443527195
1773,Maged1,82,187.7556915150165,1855.2276071499427
1774,Maged1,82,216.33598278794844,1833.5246889374623
1775,Maged1,82,220.7343131897796,1848.9149796246024
1776,Maged1,82,230.2765968294342,1867.9177946238349
1777,Uba1,250,123.10305541815806,1902.4996911135077
1778,Uba1,250,123.93838288736686,1829.066293045095
1779,Uba1,250,128.98674275478214,1815.5272260570052
1780,Uba1,250,149.350894817059,1827.5893603869367
1781,Fkbp4,44,166.31147439086828,1874.388702665286
1782,Fkbp4,44,166.97540859006725,1828.9696040279307
1783,Uba1,250,169.9019953617211,1804.1294312505688
1784,Fkbp4,44,185.19609359666737,1929.0107917742448
1785,Uba1,250,192.01562653970055,1912.0141898121487
1786,Fkbp4,44,193.9935710335003,1813.5884081907616
1787,Fkbp4,44,195.92380224208844,1919.3508600051068
1788,Uba1,250,207.7297261025562,1928.681712281053
1789,Fkbp4,44,210.241525510132,1924.57878066052
1790,Uba1,250,239.25614844085703,1888.2921199197008
1791,Ybx1,263,107.06074114997315,1854.3555322979332
1792,Ybx1,263,121.09498012699324,1792.452410246221
1793,Ybx1,263,129.3249934122431,1834.67050197095
1794,Ybx1,263,135.11873609261465,1890.6077469263869
1795,Ybx1,263,138.27898957538585,1816.7728099160188
1796,Ybx1,263,141.55072409410826,1876.2236477357203
1797,Ybx1,263,148.8171549748331,1840.2834675011195
1798,Ybx1,263,151.76764807440932,1855.9628593717944
1799,Ybx1,263,162.78282494736078,1914.8881610017256
1800,Ybx1,263,165.11561337450445,1920.3195394474976
1801,Ybx1,263,166.8865230284878,1908.4692617702085
1802,Ybx1,263,171.51561559561426,1904.048353200795
1803,Ybx1,263,189.34811717282628,1811.609454761463
1804,Ybx1,263,190.2152706109075,1896.113489754768
1805,Ybx1,263,194.26253956866407,1795.928761432316
1806,Ybx1,263,201.11005970225847,1839.015531188998
1807,Ybx1,263,209.8670619081651,1842.5299385651088
1808,Ybx1,263,213.3653565805234,1891.4816421601708
1809,Ybx1,263,214.1586084182785,1898.7084051817824
1810,Ybx1,263,219.44080990307972,1875.1063046584795
1811,Ybx1,263,225.44505364619985,1843.183680576152
1812,Ybx1,263,227.73627075881825,1914.18358213725
1813,Ybx1,263,235.20378283841112,1865.2302363943425
1814,Trp53,242,185.7651904277756,1835.280276809549
