gene,Block1,Block2,Block3,Block4,Block5,Block6,Block7,Block8,Block9,Block10
Fth1,0,0,4,0,0,0,0,9,1,1
Eef2,0,1,0,10,3,0,10,0,0,0
Rps20,0,7,0,0,8,6,2,0,0,0
Spp1,1,0,0,9,4,5,0,0,0,0
Vim,0,0,0,4,0,7,1,0,7,0
Hsp90ab1,0,10,10,0,0,0,0,0,3,5
Rpl4,3,0,0,0,0,8,0,3,2,0
Actg1,5,0,2,1,0,0,5,0,0,0
Pabpc1,0,0,8,6,2,0,0,0,0,7
Bgn,0,0,0,0,7,0,4,10,0,4
Ctsl,0,10,7,3,0,0,0,0,0,10
Col1a2,8,0,0,7,5,0,6,0,0,0
Pkm,4,4,0,0,0,0,0,10,2,0
Eif5a,0,4,0,0,0,0,6,5,0,4
Hspa8,0,6,0,0,7,0,0,0,3,9
Rps6,8,0,2,0,2,0,0,0,0,3
Cfl1,0,0,3,0,0,0,0,4,9,9
Tubb5,10,0,0,0,0,4,7,0,10,0
Rps3,0,5,0,3,6,0,0,0,0,4
Eef1g,4,9,9,0,0,3,0,0,0,0
Lox,3,0,0,0,9,1,0,0,10,0
Scd2,0,6,6,0,0,0,0,0,4,3
Lars2,9,0,0,0,9,0,8,4,0,0
Rpsa,2,3,0,0,0,0,0,0,6,3
Anxa1,5,0,0,2,0,0,4,0,3,0
Gsto1,0,0,9,0,0,0,0,1,5,5
Ldha,2,0,0,5,9,0,0,0,4,0
Slc25a4,0,0,0,0,1,0,4,0,9,7
Col1a1,0,9,0,0,0,9,0,8,4,0
Rpl3,7,9,0,0,0,9,0,0,0,1
Ybx1,0,0,0,0,0,3,5,0,10,10
Slc25a3,0,2,1,8,1,0,0,0,0,0
Calr,6,4,0,0,10,0,0,5,0,0
Thy1,0,0,8,0,0,0,0,7,2,2
Il1rl1,9,8,0,0,0,0,0,0,5,8
Rps24,0,0,10,0,0,1,8,0,0,9
Eef1b2,7,0,0,0,5,7,0,0,0,5
Pgam1,10,3,0,0,2,0,0,1,0,0
Psap,0,9,0,0,0,5,3,0,0,8
Hnrnpa2b1,0,0,1,8,0,0,0,1,8,0
Uqcrq,6,5,0,4,0,4,0,0,0,0
Anxa2,0,5,0,2,1,0,0,5,0,0
Tpi1,7,0,0,0,0,0,5,0,5,9
Bsg,0,0,0,7,2,2,0,0,8,0
Lmna,0,7,0,0,0,0,5,6,0,7
Rpl18a,0,10,2,8,0,0,0,0,6,0
Serpinf1,0,0,0,0,0,4,7,2,0,8
Akr1a1,0,0,1,8,0,0,9,0,0,10
Mrfap1,0,6,0,0,0,8,1,6,0,0
Ywhae,0,0,0,6,0,2,0,10,9,0
Hsp90b1,7,0,3,0,9,0,0,0,8,0
Hspa9,0,2,0,0,0,0,3,8,0,2
Psat1,0,0,0,0,4,2,5,2,0,0
Neat1,3,0,2,0,0,0,6,8,0,0
Fn1,9,0,0,0,5,3,0,0,8,0
Sparc,0,3,1,2,0,0,0,0,0,3
Cdk4,0,8,1,6,0,0,0,6,0,0
Eif3h,0,2,3,0,8,0,0,0,7,0
Pcolce,0,0,0,1,0,1,4,8,0,0
H3f3b,8,9,0,0,0,8,9,0,0,0
Atp5a1,0,6,0,2,0,10,9,0,0,0
Pcbp1,0,5,0,0,5,0,8,2,0,0
Tpm1,4,0,0,0,0,10,0,7,0,2
Timp2,0,0,3,0,0,3,0,7,10,0
Eif4b,7,0,5,8,0,0,7,0,0,0
Nedd4,5,8,9,8,0,0,0,0,0,0
Fbln2,2,4,0,0,0,0,0,6,0,6
Serpinh1,9,0,7,0,10,0,0,0,4,0
Laptm4a,0,3,7,0,0,2,0,0,0,2
Atf4,0,0,3,0,0,4,6,0,5,0
Mdh2,0,0,7,0,0,2,3,0,8,0
P4hb,9,0,5,0,5,0,0,0,0,2
Gnb2,0,0,0,0,5,0,6,4,0,6
Hdgf,0,8,0,5,0,4,0,0,0,6
Tpm4,1,1,0,0,0,0,0,8,6,0
Pgrmc1,0,5,0,0,0,4,9,0,0,2
Pgk1,10,9,0,0,0,0,0,8,0,8
Emp1,4,6,0,5,0,0,0,3,0,0
Cct5,0,0,6,0,0,10,2,8,0,0
Cct2,2,0,9,6,0,9,0,0,0,0
Calu,0,0,0,8,0,10,0,6,1,0
H1f0,0,0,9,5,0,7,0,0,10,0
Dap,0,0,6,9,0,2,0,0,0,10
Aebp1,2,0,1,3,0,0,0,2,0,0
Gas1,6,0,3,0,0,2,8,0,0,0
Arpc1b,10,9,0,0,10,1,0,0,0,0
Ddb1,7,8,0,5,5,0,0,0,0,0
Pebp1,6,0,0,5,7,0,0,1,0,0
Cpe,0,0,0,8,0,0,7,5,0,6
Hnrnpl,6,0,0,3,8,0,0,0,0,3
Hspa5,0,9,0,4,0,3,0,0,10,0
Cnbp,4,0,0,0,4,0,0,0,9,8
Zfp36l2,0,0,6,0,0,0,8,1,6,0
Mmp2,0,9,0,7,0,0,9,0,7,0
Atf5,1,0,0,0,0,10,0,1,8,0
Maged1,0,0,0,0,9,0,2,5,0,2
Hnrnpu,0,0,9,7,0,0,9,2,0,0
Hnrnpa0,0,0,9,2,0,0,0,0,9,7
Tagln2,7,2,0,8,0,0,0,0,0,4
Arf1,0,0,1,0,0,1,0,6,7,0
Arhgdia,0,5,0,0,0,10,8,0,9,0
Phb2,0,5,0,8,0,0,9,3,0,0
Tsc22d1,10,6,6,0,0,2,0,0,0,0
Cct6a,4,0,0,2,0,0,9,6,0,0
Eif3i,7,0,1,0,0,3,0,0,0,6
Aqp1,10,0,3,0,0,0,9,1,0,0
Rpl27a,9,0,0,0,8,9,0,0,0,8
Lamp1,0,0,5,8,9,8,0,0,0,0
Cd81,2,0,0,0,2,0,3,7,0,0
Eif4a1,0,0,0,0,1,10,0,8,0,8
Morf4l2,9,10,0,0,6,0,0,0,6,0
Tcp1,0,4,10,0,0,3,0,0,7,0
Pdia3,10,8,0,0,0,9,0,0,9,0
Axl,6,0,8,0,5,0,4,0,0,0
Prmt1,0,0,6,0,0,3,0,0,8,9
Cyr61,5,8,0,0,0,8,0,0,0,7
Hnrnpf,0,1,2,0,0,0,0,5,0,9
Ctsd,1,0,0,8,0,0,4,0,0,7
Cyb5r3,0,6,0,6,0,0,0,0,9,2
Tm4sf1,0,0,6,5,0,4,0,4,0,0
Ran,0,0,5,3,0,0,8,0,9,0
Cald1,0,0,9,0,4,0,3,0,0,10
Cct4,0,4,0,1,0,0,0,7,0,2
Dlk1,6,0,3,9,0,0,0,6,0,0
Cct3,5,0,0,0,2,0,10,0,9,0
Naca,9,0,7,0,0,9,0,7,0,0
Mlf2,0,0,10,0,0,0,0,6,8,8
Cebpd,0,7,10,0,3,0,0,9,0,0
Cnn2,9,0,0,10,0,9,0,0,10,0
Clta,0,0,0,7,5,8,0,0,0,8
Ndufb8,9,2,0,0,0,0,9,7,0,0
Igfbp6,7,3,0,0,0,0,2,0,8,0
Col6a1,2,0,0,0,3,2,0,0,0,3
Snrnp70,0,0,0,0,3,0,1,0,5,10
Paics,0,0,1,0,1,4,8,0,0,0
Canx,0,0,0,0,9,10,3,10,0,0
Tecr,2,0,7,0,8,0,0,1,0,0
Hspd1,10,0,0,5,0,0,6,4,0,0
Rcn3,0,3,9,0,6,0,0,7,0,0
Capns1,0,0,5,0,6,4,0,6,0,0
Ctnnb1,5,0,0,10,0,2,0,7,0,0
Prrx1,2,0,0,4,0,3,0,5,0,0
Mtap,7,0,0,5,0,0,10,0,2,0
Gnai2,7,0,5,0,0,0,0,6,0,5
Egr1,0,0,0,1,0,10,3,0,10,0
Efemp1,8,0,0,7,0,0,0,7,0,5
Idh2,0,2,0,0,10,4,0,7,0,0
Vdac1,0,0,0,10,0,0,0,6,9,10
Cav1,8,0,10,0,6,1,0,0,0,0
Gsn,0,0,0,9,0,9,3,6,0,0
St13,0,0,4,2,5,2,0,0,0,0
Sqstm1,0,0,8,0,10,0,6,1,0,0
Asns,6,0,0,0,0,9,2,0,6,0
Rpl22,5,0,0,0,0,0,0,10,5,7
Ubxn1,0,8,3,0,9,0,9,0,0,0
Cited2,0,4,5,0,0,0,1,0,6,0
Cct7,0,0,0,4,7,2,0,8,0,0
Eif4a2,7,4,0,0,0,0,7,3,0,0
Eif3f,0,2,0,0,0,10,0,0,6,9
Actn4,9,7,0,0,9,2,0,0,0,0
Ywhaz,4,0,0,0,0,7,0,4,10,0
Stip1,0,1,3,0,0,0,2,0,0,2
Cap1,9,0,7,7,0,0,0,0,0,1
Itgb1,0,3,5,0,10,10,0,0,0,0
Pdia6,6,0,1,0,0,6,0,1,0,0
Calm3,0,0,6,0,10,0,2,0,0,3
Itm2b,8,0,6,0,10,0,0,4,0,0
Cox7a2l,4,0,0,7,1,0,0,8,0,0
Zyx,0,7,0,1,0,0,0,3,4,0
2310022B05Rik,2,0,0,0,0,7,0,0,8,6
Rhoa,0,0,0,0,6,0,6,2,4,0
Npc2,10,4,0,0,0,0,0,0,8,4
Acly,6,8,8,0,0,10,0,0,0,0
Scpep1,0,0,7,4,0,1,0,1,0,0
Ssr3,0,0,0,9,0,0,9,0,10,8
Cnn3,3,0,0,6,0,10,0,2,0,0
Lamp2,0,2,10,0,0,1,0,8,0,0
Eif3e,6,0,0,0,0,0,0,1,6,4
Eif4h,0,0,0,7,0,4,10,0,4,0
Anxa5,2,0,0,1,0,2,0,0,1,0
Cct8,0,2,0,0,0,10,4,2,0,0
Efemp2,0,5,0,3,0,6,0,7,0,0
Raly,0,6,0,5,7,0,5,0,0,0
Hnrnpk,8,0,1,6,0,0,8,0,0,0
Gars,6,0,1,1,0,0,0,0,0,8
Ddx5,0,0,0,0,0,0,1,6,4,6
Eif3d,0,8,1,0,10,0,0,0,6,0
Csde1,0,0,3,5,0,10,10,0,0,0
Col6a2,0,0,0,3,6,0,0,3,8,0
Tmbim6,0,0,7,0,9,5,0,0,0,7
Ywhag,3,9,0,6,0,0,7,0,0,0
Ctsb,2,0,0,0,0,9,0,2,5,0
Fads1,0,0,5,0,10,0,0,5,0,10
Eef1d,8,3,4,0,5,0,0,0,0,0
Rcc2,0,4,0,2,6,0,0,0,4,0
Cyc1,4,0,0,0,0,3,0,0,5,1
Nars,0,0,10,0,0,0,10,0,4,2
Atp1a1,4,0,0,0,0,7,3,0,0,7
Hnrnpm,10,2,8,0,0,0,0,6,0,0
Msn,0,8,5,0,0,0,0,7,0,6
Ppp2r1a,0,0,6,1,0,0,6,5,0,0
Eif4g1,9,6,0,9,0,0,0,0,2,0
Sqle,0,0,0,10,0,0,2,7,6,0
Hmgcs1,6,0,9,0,0,0,0,2,0,9
Eif1ax,0,0,0,5,0,2,1,0,0,5
Arpc2,6,1,0,0,0,0,0,7,0,7
Ddx39b,3,0,7,0,0,1,4,0,0,0
Gnb1,0,5,0,0,0,0,3,4,4,0
Eif3a,7,3,0,0,0,0,0,10,0,10
Bcap31,0,8,6,0,1,1,0,0,0,0
Fstl1,0,0,6,0,0,0,1,3,0,2
Ly6e,0,0,0,7,0,5,8,0,0,7
Gpi1,0,3,0,0,8,9,0,0,6,0
Mfge8,7,0,0,9,0,0,2,5,0,0
Ctbp1,0,9,0,0,0,1,7,9,0,0
Cdc42,2,0,6,0,0,0,9,0,1,0
Ppp2ca,0,10,0,6,1,0,0,0,0,8
Rac1,8,0,4,0,0,10,7,0,0,0
Txndc5,0,0,0,7,8,0,5,5,0,0
Eif3c,0,0,0,4,6,3,0,0,0,3
Ptgs1,0,0,8,4,10,4,0,0,0,0
Psma7,0,0,0,5,10,0,0,5,6,0
Ugdh,5,6,0,7,0,7,0,0,0,0
Ociad1,0,5,3,3,0,0,1,0,0,0
Csnk1a1,0,0,4,0,7,1,0,7,0,0
Sf3b2,0,0,0,1,9,0,7,7,0,0
Prkar1a,0,0,0,7,10,0,3,0,0,9
Fkbp4,0,0,0,0,10,5,7,5,0,0
Sgk1,0,7,0,3,0,9,0,0,0,8
Eif4g2,0,9,5,0,7,0,0,10,0,0
Rab7,4,2,5,2,0,0,0,0,0,0
Ptgs2,0,5,0,0,0,0,6,0,5,7
Atp5c1,5,0,0,3,10,0,1,0,0,0
Csf1,0,2,0,3,7,0,0,2,0,0
Fkbp1a,8,3,0,9,0,9,0,0,0,0
Snd1,3,0,5,0,0,2,0,0,4,0
Slc38a2,7,0,6,0,8,5,0,0,0,0
Pcdhgc3,0,0,7,2,0,0,9,0,6,0
Ndufv3,2,1,0,0,5,0,0,0,5,0
Ncl,0,1,1,0,0,0,0,0,8,6
Set,0,6,5,3,0,1,0,0,0,0
Sfpq,0,0,4,0,5,0,3,6,0,0
Gpc1,0,8,0,0,0,0,0,4,7,2
Nap1l1,0,0,9,0,2,5,0,2,0,0
Trim28,0,0,0,5,3,0,0,8,0,9
Mtch1,10,0,10,0,0,0,0,4,7,0
Fus,0,0,0,0,1,10,6,0,2,0
Slc25a39,3,2,0,0,5,0,0,8,0,0
Xdh,0,0,0,3,0,8,9,0,8,0
Eif3l,0,7,1,0,0,8,0,0,4,0
Akt1,6,3,2,3,0,0,0,0,0,0
Ier3,0,0,0,10,0,10,7,3,0,0
Shmt2,0,0,5,7,0,0,0,5,7,0
Ube2m,4,8,0,0,0,0,9,0,3,0
Capzb,4,3,0,6,6,0,0,0,0,0
Thbs1,0,7,1,0,0,0,7,1,0,0
Scd1,0,0,0,7,4,9,0,3,0,0
Rpl15,0,0,0,9,6,0,0,0,9,6
Cyp51,0,0,9,0,3,0,4,8,0,0
Ptbp1,0,2,6,0,4,0,0,1,0,0
Thbs2,0,0,0,9,0,10,0,0,3,1
Cs,0,0,5,0,2,1,0,0,5,0
Rnf187,8,6,2,0,0,0,0,7,0,0
Myadm,8,0,2,0,0,0,3,0,4,0
Hsp90aa1,0,8,3,4,0,5,0,0,0,0
Flna,6,0,10,0,2,0,0,3,0,0
Gdi2,0,0,4,0,8,0,0,4,0,8
Ergic1,0,5,0,1,0,9,0,0,8,0
Uba1,0,0,0,0,10,9,0,0,10,1
Eif3b,3,0,5,0,1,0,0,7,0,0
Srsf5,0,0,0,2,4,0,0,2,9,0
Myh9,0,0,8,1,0,10,0,0,0,6
Eif3g,0,0,8,0,7,0,3,0,9,0
Junb,0,4,5,10,0,0,0,0,0,4
Grn,5,10,0,0,0,0,3,0,1,0
Rbbp7,0,0,0,0,7,0,6,0,8,5
Plin2,3,0,0,0,6,7,0,1,0,0
Fkbp9,0,0,8,0,4,1,0,0,0,8
U2af2,6,0,2,0,10,9,0,0,0,0
Coro1b,0,0,3,4,4,0,0,5,0,0
Ddx17,0,0,5,0,7,0,0,0,10,6
Nr4a1,3,0,0,4,0,0,0,4,0,6
Skp1a,0,0,7,0,0,4,10,0,0,3
Sdc4,0,10,5,7,5,0,0,0,0,0
Ptprn,1,6,0,0,0,6,0,0,0,8
Psmd7,0,1,0,0,0,7,0,2,0,4
Taldo1,8,0,10,0,0,0,0,0,5,6
Fads2,0,7,9,0,0,1,0,0,0,1
Serbp1,1,3,0,2,0,0,6,0,0,0
Ndufs8,0,0,1,0,8,0,0,0,2,10
Loxl1,0,0,7,9,6,9,0,0,0,0
Vdac2,0,0,3,0,6,0,0,3,0,6
Kpnb1,10,5,7,5,0,0,0,0,0,0
Rab5c,9,0,0,0,1,7,9,0,0,0
Rpn2,8,5,0,0,0,0,7,0,6,0
Polr2m,0,0,9,2,10,0,7,0,0,0
Hnrnpul1,0,0,10,6,6,0,0,2,0,0
Cd164,0,0,10,0,9,0,0,10,0,9
App,0,5,0,6,4,0,6,0,0,0
Slc25a1,0,0,0,4,9,0,0,2,0,5
Ghitm,10,0,7,0,2,4,0,0,0,0
Ywhah,0,10,0,0,10,0,5,4,0,0
Cttn,0,3,0,0,0,0,4,9,9,0
Rarg,1,4,0,0,0,0,3,0,0,5
Psmd2,2,0,6,0,6,0,0,0,0,9
Psmd4,0,0,0,1,0,0,9,4,5,0
9530068E07Rik,4,0,4,5,10,0,0,0,0,0
Shisa5,0,5,0,0,8,0,5,0,0,8
Mybbp1a,5,0,0,0,0,7,0,6,0,8
Snx3,8,0,0,0,9,0,0,9,0,10
Kars,0,0,0,6,0,0,10,2,8,0
Actn1,4,0,0,1,0,0,0,2,6,0
Ap1s1,10,0,0,1,0,8,0,0,0,2
Brk1,0,0,0,0,0,2,1,8,1,0
Prrc2a,8,0,0,5,0,1,0,9,0,0
Nr2f2,0,8,0,4,0,0,10,7,0,0
G3bp1,0,0,9,0,7,0,0,9,0,7
Sars,0,3,0,0,0,3,0,10,5,0
Mmp14,9,0,0,8,0,0,5,0,1,0
Ckap4,0,2,7,6,0,0,0,0,10,0
Eps8,0,0,0,10,0,6,0,1,0,3
Uqcrc1,0,0,9,0,0,1,7,0,4,0
Stmn1,0,3,0,0,0,9,1,0,0,10
Zfp36l1,1,2,0,0,1,10,0,0,0,0
Hsd17b10,0,2,0,10,9,0,0,0,0,6
Rsl1d1,0,0,3,0,0,6,0,10,0,2
Anapc5,0,0,9,0,1,0,2,0,6,0
Nhp2,0,6,0,0,0,1,3,0,2,0
Taf15,0,0,6,0,0,5,7,0,0,1
Ndufs2,3,3,0,0,0,0,0,2,7,0
Pls3,5,0,0,0,0,0,8,3,4,0
Hsph1,8,0,0,1,0,0,2,0,7,0
Pdha1,0,0,0,7,2,0,0,9,0,6
Ndufv1,0,0,2,0,1,3,0,0,0,2
Ywhaq,0,0,0,0,1,2,0,0,1,10
Cd248,0,8,0,7,0,3,0,9,0,0
Tcf25,6,8,0,0,3,0,2,0,0,0
Grb10,1,0,7,0,0,0,0,4,0,7
Ier2,0,0,0,4,1,0,8,0,0,2
Fgf7,0,0,0,10,0,7,0,2,4,0
Ssrp1,0,0,4,0,0,0,4,0,6,3
Lrrc59,0,0,8,0,0,0,5,4,0,10
Oaf,0,6,0,0,10,2,8,0,0,0
Tmed9,0,0,0,0,6,8,8,0,0,10
Arl6ip5,10,0,2,0,0,3,0,0,6,0
Mrpl12,0,0,0,0,1,6,4,6,0,0
Top2a,0,4,0,3,0,0,10,0,0,9
Fscn1,0,0,0,0,7,3,0,0,7,4
Foxg1,0,0,10,0,0,9,0,4,0,3
Tbrg1,0,0,0,0,0,0,9,10,3,10
Psmd3,10,0,9,9,0,0,0,0,0,6
Rnf10,0,0,0,0,1,0,1,4,8,0
Flot1,0,0,0,10,2,0,4,4,0,0
Vat1,0,4,8,0,0,0,0,9,0,3
Kdelr1,0,9,8,0,3,0,0,0,4,0
Plk2,0,0,0,2,6,0,4,0,0,1
Cops7a,1,0,9,0,0,8,0,0,5,0
Rraga,0,0,0,6,5,3,0,1,0,0
Ahsa1,10,0,4,0,0,0,0,7,0,4
Ctnna1,0,0,0,10,6,0,0,5,0,7
Esd,0,0,0,0,3,6,0,0,3,8
Srebf2,0,0,1,2,0,0,1,10,0,0
Rrp1,0,1,10,0,8,0,8,0,0,0
Hnrnpc,5,0,0,8,0,0,3,2,0,0
Aup1,0,0,6,0,0,6,0,3,9,0
Rad23b,0,0,0,5,6,0,7,0,7,0
Snx5,0,1,10,0,0,0,0,1,2,0
Igfbp4,0,2,0,9,6,0,9,0,0,0
Trp53,0,0,0,0,0,8,0,8,10,9
Ssr2,0,0,8,5,0,0,8,3,0,0
Mta1,0,0,0,0,8,7,7,0,0,6
Tnc,8,0,0,6,10,7,0,0,0,0
Psmd8,2,0,0,0,6,8,0,0,3,0
Twist2,0,0,0,6,0,9,10,0,0,6
Sat1,0,3,8,0,0,0,0,3,6,0
Txndc12,0,10,0,0,0,0,6,8,8,0
Sdhc,7,0,0,10,0,0,0,9,5,0
Oxct1,0,1,6,0,0,8,0,0,0,8
Tars,5,0,0,7,6,0,0,0,10,0
Errfi1,0,0,0,8,6,0,1,1,0,0
Slc3a2,0,0,8,0,0,4,0,0,7,1
Pla2g4a,0,0,5,0,0,0,3,10,5,0
Txn2,0,6,5,0,0,0,0,6,1,0
Pdia4,0,0,5,7,0,0,1,0,0,6
Insig1,0,0,4,6,0,5,0,0,0,3
Sec13,0,0,0,10,0,5,0,0,7,6
Ganab,0,0,0,6,4,0,0,0,6,4
Ctdsp2,0,2,10,10,0,0,7,0,0,0
Sae1,0,0,7,5,0,6,0,0,0,8
Lgals3bp,0,5,0,0,10,0,2,0,7,0
Calm1,8,8,0,0,0,0,0,9,4,0
Prkcsh,6,0,0,0,9,6,0,0,0,9
Mthfd2,4,0,0,0,4,0,6,3,0,0
Tnfrsf1a,0,0,0,4,7,0,10,0,10,0
Psmc5,1,0,0,0,0,5,3,3,0,0
Myc,2,5,2,0,0,0,0,0,0,4
Aco2,10,7,0,0,0,0,8,0,0,6
Aars,2,8,5,0,0,0,0,0,2,0
Puf60,0,10,0,3,0,0,0,9,1,0
Slc39a7,0,0,0,2,0,0,10,4,0,7
Ddost,3,0,6,0,7,0,0,0,5,0
Idi1,0,0,2,0,7,0,8,0,0,1
Mmd,6,4,0,0,0,6,4,0,0,0
Cdc37,0,0,0,2,0,0,2,0,1,3
Kctd10,0,0,5,0,9,0,1,2,0,0
Nop56,0,0,0,10,1,0,3,0,3,0
Tomm40,0,8,0,0,0,0,7,2,2,0
Angptl4,0,0,7,2,2,0,0,8,0,0
Cdc42se1,0,0,0,0,3,8,0,2,0,2
Rad21,0,2,0,0,1,0,2,0,0,1
Nono,0,0,7,1,0,0,0,7,1,0
Pafah1b3,0,5,8,0,0,7,0,0,0,7
Ahcyl1,0,4,0,2,0,0,5,9,0,0
Crlf1,3,0,0,3,0,7,10,0,0,0
Capza2,10,0,8,0,8,0,0,0,0,1
Net1,6,0,4,0,0,0,1,5,0,0
Ank,0,0,3,0,1,0,5,10,0,0
Ppm1g,1,8,0,0,0,1,8,0,0,0
Cfdp1,0,9,4,5,0,0,0,0,1,0
Hspa4,0,0,2,0,0,4,0,3,0,5
Tspan3,2,8,0,0,0,6,0,3,0,0
Grina,0,0,0,0,3,0,3,1,2,0
Arf4,1,0,0,0,1,0,0,0,5,2
Nudt9,0,0,0,8,1,6,0,0,0,6
Mapkapk2,0,1,0,0,0,5,0,0,3,10
Psmc2,0,0,0,7,0,6,0,8,5,0
Tapbp,3,10,0,0,0,0,0,0,9,10
Rab34,3,0,0,1,0,0,0,0,5,3
Prdx6,0,0,5,0,0,3,10,0,1,0
Use1,0,2,0,0,1,0,0,10,3,0
Itgb5,0,0,2,1,8,1,0,0,0,0
Rbm3,0,0,0,0,7,0,7,6,1,0
Ddx3x,6,0,0,3,0,6,0,0,3,0
Sec61a1,0,1,0,9,0,4,0,0,6,0
Fkbp8,10,0,0,0,10,0,0,0,6,9
Crtap,0,10,5,0,0,3,0,0,0,3
Ube2d3,0,0,7,0,4,10,0,4,0,0
Tkt,0,0,7,0,0,9,0,0,2,5
Eid1,0,0,8,3,4,0,5,0,0,0
Psmc1,0,8,0,0,2,0,0,0,4,1
Dpy19l1,0,3,0,6,0,7,0,0,0,5
Rnf11,0,0,6,0,0,1,0,9,0,4
Mtpn,10,0,0,2,7,6,0,0,0,0
Nsdhl,0,0,0,0,0,5,1,0,2,2
Aimp1,0,0,8,3,0,9,0,9,0,0
Ltbp3,1,2,0,0,0,0,5,0,9,0
Hadh,0,7,0,0,1,4,0,0,0,3
Hsd17b12,0,1,0,0,2,0,7,0,8,0
Dazap2,0,0,0,0,7,8,0,5,5,0
Csnk2b,0,0,0,9,0,0,4,3,1,0
Ddx1,4,0,0,0,3,0,7,0,0,1
Cdc20,0,2,8,0,0,0,6,0,3,0
Surf4,0,7,0,7,0,0,0,0,5,6
Polr2e,0,3,0,1,0,5,10,0,0,0
Stt3a,0,0,0,0,6,5,0,4,0,4
Got2,6,0,6,0,0,0,0,9,2,0
Mbd3,0,3,0,0,4,6,0,5,0,0
Cenpa,0,0,0,0,3,5,0,10,10,0
Trap1,0,1,0,9,0,0,8,0,0,5
Bzw1,9,0,0,0,0,6,0,2,0,10
Spon2,0,0,4,0,3,0,5,0,0,2
Cers2,0,0,6,4,0,0,10,0,0,5
Nfe2l1,0,0,3,9,0,6,0,0,7,0
Ptges3,5,3,0,1,0,0,0,0,0,6
Dctn2,3,0,0,2,0,0,1,0,0,10
Hdlbp,0,0,0,5,6,8,0,10,0,0
Ercc1,0,6,0,0,6,0,3,9,0,0
Jun,0,7,0,0,0,5,0,3,0,6
Scarb1,5,0,0,5,0,8,2,0,0,0
Hif1a,0,0,4,0,0,0,8,2,0,5
Pa2g4,4,0,8,0,2,0,0,0,3,0
Lonp1,1,0,0,10,0,3,0,0,0,9
Fxr1,0,1,4,0,0,0,3,0,7,0
Rars,0,7,0,0,7,0,9,5,0,0
Tnk2,7,0,0,1,4,0,0,0,3,0
Ehmt2,7,0,0,2,3,0,8,0,0,0
Chmp4b,0,10,0,9,0,5,0,0,0,2
Pabpc4,9,9,0,0,3,0,0,0,0,4
Ddit4,2,7,6,0,0,0,0,10,0,0
Nucb1,0,0,7,1,0,0,8,0,0,4
Aldh18a1,0,1,0,0,7,0,0,3,0,5
Srm,0,2,0,0,4,0,3,0,5,0
Idh3g,0,7,0,2,4,0,0,0,0,10
Khdrbs1,1,0,0,0,0,8,0,10,0,6
Chmp2a,0,5,4,0,0,0,10,0,0,10
Uck2,5,0,0,0,0,0,7,8,0,5
Hsbp1,0,7,0,4,10,0,4,0,0,0
Arpc5,1,0,0,0,0,0,7,0,7,6
Khsrp,0,10,0,2,0,0,3,0,0,6
Mvd,1,0,0,8,10,0,0,0,2,0
Ipo5,9,10,3,10,0,0,0,0,0,0
Malat1,9,2,0,6,0,6,0,0,0,0
Btg1,1,0,0,0,3,4,0,0,7,0
Mrpl28,0,0,0,3,0,7,0,0,1,4
Mrpl43,10,0,0,0,3,0,0,3,0,7
Mrpl20,4,7,2,0,8,0,0,0,0,0
Rpl7l1,1,4,8,0,0,0,0,0,1,0
Mrps7,1,0,8,0,0,0,2,10,0,0
Mrpl38,3,0,8,9,0,8,0,0,0,0
Mrpl10,3,0,0,0,4,6,3,0,0,0
Rps6ka4,0,6,4,0,6,0,0,0,0,5
Mrpl37,0,0,10,0,0,6,9,0,2,0
Mrps23,0,0,0,5,3,3,0,0,1,0
Prpsap1,0,10,0,0,1,8,0,0,9,0
Mrps18b,0,0,8,0,1,6,0,0,8,0
Mrpl3,0,2,4,0,0,0,0,10,0,7
Mrpl9,1,0,5,0,10,0,8,0,0,0
Mrpl49,10,0,0,0,6,0,0,8,1,0
Mrpl51,5,7,5,0,0,0,0,0,0,10
Mrps9,0,0,5,0,8,0,0,9,3,0
Rps15a,0,10,0,0,5,0,10,0,0,5
Mrpl16,10,5,0,0,3,0,0,0,3,0
Mrpl4,5,0,0,0,3,10,5,0,0,0
Mrps5,0,2,0,6,0,0,0,9,0,1
Mrpl39,0,0,0,10,1,5,0,9,0,0
Mrpl15,0,6,0,0,0,6,0,9,10,0
Mrps2,5,1,4,0,0,0,0,3,0,0
Mrpl45,8,1,0,0,0,0,0,0,2,1
Mrpl46,0,0,4,0,2,6,0,0,0,4
Prps1l3,8,7,7,0,0,6,0,0,0,0
Mrpl11,5,0,0,0,3,0,0,4,6,0
Mrps27,0,2,0,0,7,8,10,0,0,0
Mrps31,0,10,0,0,4,0,0,8,0,6
Rps6ka3,0,0,8,0,0,0,8,0,1,6
Rps6ka2,0,2,2,0,0,0,0,0,5,1
Rpl21,8,0,0,9,3,0,0,0,5,0
Rps6kb2,0,1,0,0,10,3,0,0,2,0
Prps2,10,0,0,1,8,0,0,9,0,0
Mrpl44,0,0,4,6,3,0,0,0,3,0
Mrpl17,0,0,0,1,10,6,0,2,0,0
Mrpl1,9,0,4,0,3,0,0,10,0,0
Mrpl41,0,0,4,1,0,8,0,0,2,0
Prpsap2,3,6,0,0,0,0,0,9,0,9
Mrps25,8,9,0,8,0,0,0,0,3,0
Mrpl19,0,1,0,2,0,6,0,0,0,9
Mrpl35,1,7,0,0,0,0,0,0,3,7
Rps6kb1,0,0,0,0,0,0,7,9,6,9
Rps6kc1,5,0,6,4,0,6,0,0,0,0
Trps1,0,10,4,2,0,0,0,2,0,0
Rps6ka6,0,1,0,1,4,8,0,0,0,0
Rps6ka5,0,7,4,0,1,0,1,0,0,0
Rps6ka1,1,7,0,4,0,0,0,9,0,0
