tracking_id,3T3 B1
Fth1,2070.7
Eef2,1968.6
Spp1,1749.67
Vim,1603.74
Hsp90ab1,1431.54
Actg1,1217.09
Pabpc1,996.998
Bgn,995.14
Ctsl,794.268
Col1a2,781.804
Pkm,769.836
Eif5a,759.868
Hspa8,739.803
Cfl1,722.403
Tubb5,691.267
Eef1g,646.68
Lox,628.268
Scd2,622.922
Lars2,611.147
Anxa1,580.392
Gsto1,546.7
Ldha,526.531
Slc25a4,492.707
Col1a1,491.172
Ybx1,450.926
Slc25a3,449.936
Calr,447.179
Thy1,446.845
Il1rl1,438.398
Eef1b2,425.707
Pgam1,423.452
Psap,416.422
Hnrnpa2b1,408.858
Uqcrq,399.632
Anxa2,395.752
Tpi1,394.362
Bsg,390.789
Lmna,390.656
Serpinf1,382.128
Akr1a1,363.68
Mrfap1,356.563
Ywhae,352.476
Hsp90b1,346.875
Hspa9,344.738
Psat1,343.935
Neat1,341.591
Fn1,340.395
Sparc,338.464
Cdk4,334.61
Eif3h,333.86
Pcolce,328.34
H3f3b,319.778
Atp5a1,314.668
Pcbp1,311.925
Tpm1,310.553
Timp2,300.839
Eif4b,294.156
Nedd4,288.788
Fbln2,288.273
Serpinh1,284.912
Laptm4a,279.358
Atf4,276.549
Mdh2,276.374
P4hb,271.553
Gnb2,271.181
Hdgf,268.788
Tpm4,268.382
Pgrmc1,265.392
Pgk1,263.687
Emp1,260.981
Cct5,260.391
Cct2,254.666
Calu,253.931
H1f0,251.931
Dap,247.593
Aebp1,245.36
Gas1,243.192
Arpc1b,239.738
Ddb1,238.738
Pebp1,238.737
Cpe,237.356
Hnrnpl,235.772
Hspa5,233.782
Cnbp,232.152
Zfp36l2,230.033
Mmp2,226.968
Atf5,225.544
Maged1,223.783
Hnrnpu,223.591
Hnrnpa0,221.444
Tagln2,220.711
Arf1,218.424
Arhgdia,215.484
Phb2,213.937
Tsc22d1,213.627
Cct6a,213.426
Eif3i,213.096
Aqp1,212.695
Lamp1,210.999
Cd81,210.556
Eif4a1,209.01
Morf4l2,205.127
Tcp1,204.827
Pdia3,204.178
Axl,204.019
Prmt1,203.823
Cyr61,203.616
Hnrnpf,201.604
Ctsd,200.05
Cyb5r3,199.564
Tm4sf1,198.683
Ran,198.552
Cald1,198.154
Cct4,198.053
Dlk1,195.995
Cct3,195.94
Naca,195.928
Mlf2,195.636
Cebpd,194.955
Cnn2,194.286
Clta,194.032
Ndufb8,193.959
Igfbp6,191.66
Col6a1,191.043
Snrnp70,190.104
Paics,189.413
Canx,189.387
Tecr,189.27
Hspd1,188.965
Rcn3,188.896
Capns1,187.105
Ctnnb1,185.579
Prrx1,185.547
Mtap,184.168
Gnai2,183.889
Egr1,183.288
Efemp1,181.394
Idh2,180.162
Vdac1,179.449
Cav1,179.237
Gsn,178.874
St13,177.173
Sqstm1,174.912
Asns,174.911
Ubxn1,174.238
Cited2,173.035
Cct7,172.758
Eif4a2,171.589
Eif3f,171.458
Actn4,170.651
Ywhaz,170.622
Stip1,170.596
Cap1,170.358
Itgb1,170.049
Pdia6,167.608
Calm3,167.364
Itm2b,167.264
Cox7a2l,165.589
Zyx,164.862
2310022B05Rik,164.139
Rhoa,163.942
Npc2,163.452
Acly,162.241
Scpep1,161.889
Ssr3,161.318
Cnn3,160.29
Lamp2,159.78
Eif3e,159.702
Eif4h,159.473
Anxa5,158.391
Cct8,157.067
Efemp2,156.974
Raly,156.21
Hnrnpk,155.944
Gars,155.43
Ddx5,155.112
Eif3d,154.577
Csde1,154.482
Col6a2,153.878
Tmbim6,152.162
Ywhag,150.533
Ctsb,149.538
Fads1,149.17
Eef1d,149.026
Rcc2,148.847
Cyc1,148.686
Nars,148.22
Atp1a1,148.105
Hnrnpm,146.875
Msn,146.761
Ppp2r1a,145.861
Eif4g1,145.63
Sqle,145.395
Hmgcs1,145.19
Eif1ax,145.154
Arpc2,144.84
Ddx39b,144.416
Gnb1,144.305
Eif3a,143.866
Bcap31,143.608
Fstl1,143.417
Ly6e,142.853
Gpi1,142.745
Mfge8,142.73
Ctbp1,140.901
Cdc42,140.842
Ppp2ca,140.786
Rac1,140.682
Txndc5,140.626
Eif3c,140.32
Ptgs1,139.717
Psma7,139.684
Ugdh,139.456
Ociad1,138.806
Csnk1a1,138.576
Sf3b2,137.881
Prkar1a,137.805
Fkbp4,137.573
Sgk1,137.367
Eif4g2,137.161
Rab7,137.15
Ptgs2,136.922
Atp5c1,136.841
Csf1,136.381
Fkbp1a,135.81
Snd1,135.375
Slc38a2,135.227
Pcdhgc3,134.515
Ndufv3,134.513
Ncl,134.335
Set,134.324
Sfpq,134.286
Gpc1,134.277
Nap1l1,133.509
Trim28,133.218
Mtch1,131.969
Fus,131.684
Slc25a39,130.61
Xdh,130.562
Eif3l,130.409
Akt1,130.404
Ier3,129.873
Shmt2,129.848
Ube2m,129.516
Capzb,128.861
Thbs1,127.269
Scd1,126.964
Cyp51,125.608
Ptbp1,125.432
Thbs2,125.343
Cs,125.247
Rnf187,125.226
Myadm,125.031
Hsp90aa1,124.891
Flna,124.786
Gdi2,124.53
Ergic1,122.219
Uba1,121.967
Eif3b,121.627
Srsf5,120.701
Myh9,120.497
Eif3g,120.458
Junb,120.142
Grn,120.042
Rbbp7,119.564
Plin2,119.372
Fkbp9,118.788
U2af2,118.519
Coro1b,118.301
Ddx17,118.108
Nr4a1,117.026
Skp1a,116.938
Sdc4,116.856
Ptprn,116.246
Psmd7,116.12
Taldo1,115.977
Fads2,115.732
Serbp1,115.549
Ndufs8,115.499
Loxl1,115.485
Vdac2,115.199
Kpnb1,114.921
Rab5c,114.525
Rpn2,114.352
Polr2m,114.142
Hnrnpul1,114.012
Cd164,113.929
App,113.387
Slc25a1,113.097
Ghitm,112.617
Ywhah,112.249
Cttn,112.239
Rarg,112.215
Psmd2,112.074
Psmd4,111.713
9530068E07Rik,111.217
Shisa5,111.136
Mybbp1a,111.116
Snx3,111.053
Kars,110.682
Actn1,110.457
Ap1s1,110.146
Brk1,110.104
Prrc2a,109.867
Nr2f2,109.803
G3bp1,109.354
Sars,109.126
Mmp14,109.12
Ckap4,109.018
Eps8,108.781
Uqcrc1,108.777
Stmn1,108.319
Zfp36l1,108.15
Hsd17b10,107.907
Rsl1d1,106.936
Anapc5,106.895
Nhp2,106.892
Taf15,106.236
Ndufs2,106.028
Pls3,105.753
Hsph1,105.386
Pdha1,105.319
Ndufv1,105.114
Ywhaq,105.019
Cd248,104.99
Tcf25,104.733
Grb10,104.393
Ier2,104.263
Fgf7,104.247
Ssrp1,103.848
Lrrc59,103.664
Oaf,103.65
Tmed9,103.139
Arl6ip5,103.099
Top2a,102.28
Fscn1,102.248
Foxg1,102.235
Tbrg1,102.23
Psmd3,101.926
Rnf10,101.233
Flot1,101.226
Vat1,100.649
Kdelr1,100.606
Plk2,100.497
Cops7a,100.475
Rraga,100.434
Ahsa1,99.3862
Ctnna1,99.367
Esd,99.3469
Srebf2,98.8991
Rrp1,98.4918
Hnrnpc,98.2932
Aup1,98.1319
Rad23b,97.9492
Snx5,97.8168
Igfbp4,97.7603
Trp53,97.6066
Ssr2,97.4915
Mta1,97.2886
Tnc,97.2703
Psmd8,97.2181
Twist2,97.1677
Sat1,96.8609
Txndc12,96.8559
Sdhc,96.7375
Oxct1,96.7078
Tars,96.6727
Errfi1,96.0343
Slc3a2,95.9491
Pla2g4a,95.1715
Txn2,95.0599
Pdia4,95.0213
Insig1,94.8061
Sec13,94.7861
Ganab,94.7758
Ctdsp2,94.675
Sae1,94.5323
Lgals3bp,94.362
Calm1,93.8407
Prkcsh,93.6715
Mthfd2,93.6301
Tnfrsf1a,93.4971
Psmc5,93.1986
Myc,93.1185
Aco2,92.8752
Aars,92.8473
Puf60,92.806
Slc39a7,92.595
Ddost,92.4774
Idi1,92.2066
Mmd,92.0604
Cdc37,91.9301
Kctd10,91.8335
Nop56,91.5021
Tomm40,91.2535
Angptl4,90.9002
Cdc42se1,90.6725
Rad21,90.5812
Nono,90.0253
Pafah1b3,90.0061
Ahcyl1,89.9388
Crlf1,89.7518
Capza2,89.4285
Net1,89.3998
Ank,89.3365
Ppm1g,89.323
Cfdp1,89.2276
Hspa4,88.8994
Tspan3,88.7874
Grina,88.7437
Arf4,88.6894
Nudt9,88.4817
Mapkapk2,88.3939
Psmc2,88.1282
Tapbp,88.0397
Rab34,88.0102
Prdx6,87.9166
Use1,87.8586
Itgb5,87.8047
Rbm3,87.7488
Ddx3x,87.6562
Sec61a1,87.6171
Fkbp8,87.5867
Crtap,87.5824
Ube2d3,87.5428
Tkt,87.3728
Eid1,87.3287
Psmc1,87.3196
Dpy19l1,87.2002
Rnf11,87.1176
Mtpn,87.103
Nsdhl,86.9528
Aimp1,86.8199
Ltbp3,86.8147
Hadh,86.7476
Hsd17b12,86.7153
Dazap2,86.6844
Csnk2b,86.4948
Ddx1,86.1129
Cdc20,85.9295
Surf4,85.9256
Polr2e,85.678
Stt3a,85.6333
Got2,85.6319
Mbd3,85.6143
Cenpa,85.5851
Trap1,85.152
Bzw1,85.1468
Spon2,84.9759
Cers2,84.9353
Nfe2l1,84.775
Ptges3,84.7145
Dctn2,84.705
Hdlbp,84.6795
Ercc1,84.491
Jun,84.4442
Scarb1,84.4227
Hif1a,84.3619
Pa2g4,84.2859
Lonp1,84.1971
Fxr1,84.1231
Rars,84.0625
Tnk2,83.888
Ehmt2,83.8838
Chmp4b,83.7365
Pabpc4,83.7136
Ddit4,83.6523
Nucb1,83.3936
Aldh18a1,83.1325
Srm,82.6921
Idh3g,82.5974
Khdrbs1,82.4623
Chmp2a,82.3949
Uck2,82.3279
Hsbp1,82.0598
Arpc5,82.0361
Khsrp,82.0051
Mvd,81.8671
Ipo5,81.6548
Malat1,81.3369
Btg1,81.1722
Rps20,1790.61
Rpl4,1310.46
Rps6,722.752
Rps3,659.042
Rpsa,596.52
Rpl3,451.459
Rps24,432.777
Rpl18a,385.397
Rpl27a,211.677
Rpl22,174.685
Rpl15,126.391
Mrpl12,102.284
Mrpl28,71.2866
Mrpl43,54.193
Mrpl20,50.7759
Rpl7l1,49.5937
Mrps7,48.2508
Mrpl38,44.9723
Mrpl10,43.8738
Rps6ka4,39.616
Mrpl37,39.4458
Mrps23,38.524
Prpsap1,38.497
Mrps18b,37.4613
Mrpl3,36.3606
Mrpl9,34.4153
Mrpl49,32.9774
Mrpl51,31.2785
Mrps9,30.5329
Rps15a,30.1726
Mrpl16,29.0773
Mrpl4,28.4092
Mrps5,24.4482
Mrpl39,23.9225
Mrpl15,21.7891
Mrps2,20.1839
Mrpl45,17.845
Mrpl46,17.8049
Prps1l3,16.4521
Mrpl11,15.6279
Mrps27,14.3823
Mrps31,14.1111
Rps6ka3,13.6848
Rps6ka2,12.5244
Rpl21,12.3917
Rps6kb2,11.7202
Prps2,11.6029
Mrpl44,11.5127
Mrpl17,10.4515
Mrpl1,9.16086
Mrpl41,8.60772
Prpsap2,7.69769
Mrps25,7.65844
Mrpl19,7.55765
Mrpl35,7.29343
Rps6kb1,7.22953
Rps6kc1,7.10162
Trps1,7.02726
Rps6ka6,5.82798
Rps6ka5,1.72553
Rps6ka1,0.0312816
