gene,x,y
St13,114.12034617235322,1890.6711916725983
Ybx1,113.44104342987433,1891.119331751769
negative_control,110.84326089073176,1889.990336429772
Msn,111.70756611303172,1890.3866980889736
Rarg,114.98124159937882,1918.554848161501
Khdrbs1,117.60340067343562,1892.8331637676984
Eif4b,118.61292544928614,1866.1996099623648
Spp1,119.05712261443276,1867.66637418289
Spp1,119.15014621211763,1862.082401026997
Ubxn1,122.84865181753344,1858.749454536899
Idh3g,124.54225126471805,1858.13921514884
Tpm4,127.45444819803126,1903.9593670815832
Ltbp3,134.99609828890877,1865.722543753216
Ywhaq,135.72663698721277,1865.3468651932492
Khdrbs1,139.28957099823864,1906.246224514776
Spp1,141.4954968039205,1877.1897800499585
Prrx1,140.1821923782755,1888.8237310109064
Arpc5,140.62678108001705,1888.44957242441
Spp1,141.3558650869801,1872.8240980049595
Tpm4,145.7568519035524,1849.9720616768384
Rpsa,145.9031812312276,1902.327340508076
Spp1,146.26835885709738,1875.8767862091795
Ltbp3,147.69803739245438,1889.548027538991
negative_control,152.46911560384015,1820.628825873088
negative_control,159.11562355034218,1801.037223184985
Rcc2,166.1251345908637,1819.0039073545167
Ywhag,165.70405083453528,1819.405585216501
Trp53,164.72971179349503,1818.285354751314
Eif3a,164.6358189427867,1817.9564107137949
negative_control,165.18061094491466,1817.6221955398012
Vim,164.80992484860536,1836.7993001841212
Tubb5,165.2389891764942,1836.9350038248344
Spp1,168.66505025433287,1851.745229426529
Ppm1g,171.31493832263996,1819.106429722312
Tpm4,173.4568906517192,1907.9148710857776
Zfp36l1,172.3595722135207,1825.48227620283
Tpm4,172.8737556612786,1800.7903205205716
Trp53,174.81594933436526,1795.8739366696443
Spp1,173.74637052869963,1846.994681058904
Rarg,176.69183263013667,1811.7843736485088
Mta1,179.42547243144895,1843.3681550434933
Spp1,179.28672312496838,1842.0395956928287
Efemp1,180.1321952476447,1928.294455815084
Psmd2,179.7713676253721,1927.4840102261585
Malat1,186.15941082043827,1916.5233139584536
Eif4b,186.83154160890416,1915.893093663328
negative_control,185.3766052278729,1915.189947504268
Rarg,187.77959351121444,1898.9519071306397
Khdrbs1,188.2505754816704,1827.8957537940764
Ptbp1,189.2990334698454,1827.5328836694175
Tpi1,189.97632753581917,1911.5379014112632
Uba1,192.01562653970055,1912.0141898121487
Malat1,190.50731158501085,1911.701098151662
Rpsa,189.35720679922304,1910.7710556399172
Snx5,189.8296438323743,1911.3079797319915
negative_control,191.2801672780856,1911.4252844005316
Vim,186.84449220258,1925.6660577934492
Cct5,191.3664456888037,1925.843785223572
negative_control,191.11732383021857,1924.270849436748
Vim,191.107702117452,1925.6207555916571
Ckap4,191.58276467572557,1924.0492431258915
Tmed9,191.845341633393,1925.397912433446
Rab34,188.6269103468896,1925.9923571190172
Spp1,194.5323646268834,1816.8627409641692
Spp1,194.2421862534605,1919.340335513701
Khdrbs1,198.87311494504115,1821.372615119201
Spp1,198.76173018921705,1914.7531469062585
Cops7a,201.5031119590302,1841.3460484238176
Msn,204.3889899667336,1910.2504341098
Khdrbs1,207.23108663932896,1887.9626602367264
negative_control,207.8999318244276,1888.7579478802568
Paics,210.1215135063285,1833.705354913981
Ndufs8,208.07062806121584,1833.1363128092144
negative_control,209.3430794833934,1833.4265051274435
Ppm1g,207.6230796051295,1834.894969440066
negative_control,207.14718950756932,1833.6460857103648
negative_control,207.8652333160421,1834.3430678482696
Khdrbs1,212.12498974074043,1820.4386537686612
Ncl,214.86245348064216,1831.823371754761
Rpsa,218.8541115278145,1835.475830910277
Mta1,217.9710528112161,1834.7434633040712
Msn,220.2054174288301,1836.512140567982
Zyx,218.46599699856375,1834.013231007963
Mtap,219.2097636358141,1836.1438221647072
Ubxn1,218.24567771148335,1837.7238578371223
negative_control,223.3775943025792,1849.975405659888
Sat1,224.49277020582304,1849.18218911761
Ppm1g,223.7471536729612,1903.7630361469232
negative_control,223.44206759612055,1903.7552334242032
negative_control,224.45090065389888,1903.111625831145
Ptbp1,223.3613266657299,1902.602997918947
negative_control,223.22919485002163,1903.8956611273377
negative_control,224.04185029610093,1904.3395125254328
Tpm4,225.02915756093356,1894.6804585327395
Ppm1g,235.2895265340877,1887.0330312722288
Zyx,233.52732681350253,1886.8501997071212
Khdrbs1,235.7622001598141,1841.420044788051
Vim,237.458537728547,1904.862551298993
negative_control,237.0804364211689,1904.924954865901
negative_control,237.23521107695416,1903.9272151104828
negative_control,236.97260096378392,1903.3329383614448
negative_control,237.41740900706515,1903.3759435100224
Eif4b,236.82579172377984,1903.1199734841728
Lrrc59,236.64392478161332,1905.4770358097708
Malat1,237.35709338864316,1902.609730568838
Prrx1,245.11723073764415,1889.167008026352
negative_control,243.89300330169755,1890.5556584580263
Hspa8,245.699978760102,1890.2425962395423
negative_control,243.6261735554993,1889.755184419285
Snrnp70,242.6732329891,1888.393571443876
negative_control,112.78042453937104,1886.756136747705
Rpsa,114.54754393366102,1859.3053135939197
Rpsa,113.66277623007409,1894.60252248319
Psmd8,113.7145863922976,1856.7103533329368
Zyx,114.55879508084246,1869.5437191153208
Rpl18a,113.16293848362008,1869.4756875607716
Pkm,113.25881997181222,1870.36120020521
negative_control,114.32049527048156,1869.911237729174
Malat1,114.41751299786829,1870.9634482486383
Tpi1,115.07392033809718,1870.326946664714
Pkm,115.514996685628,1874.646291898062
Aebp1,115.43136494206396,1873.3114577429008
Oaf,114.40815347359025,1873.5494755047096
Psmd8,117.79811080221955,1912.6292842787143
Vim,117.81317062119945,1851.9494466064384
negative_control,117.29300478874777,1852.9106097727008
negative_control,117.07480434735136,1852.69825028971
Malat1,116.46294660435072,1853.2148820540108
Prrx1,117.40835339662428,1859.330536134666
negative_control,118.52562901569564,1887.6397461189392
Rpsa,120.35222412730522,1856.1103839259229
Eif4b,119.47296150913697,1856.0099889942232
negative_control,122.01840795275118,1836.000044187508
Vim,122.7517256689235,1836.110198669316
Fbln2,122.50660340981376,1837.106285278848
Rpsa,123.02261418886964,1911.4791282973683
Rpsa,123.2794629319358,1883.8332755407948
Hspa8,125.59277867091583,1883.1421588034827
Aebp1,123.3869882811848,1860.3173698164085
Rpsa,125.35667514276366,1895.150733181938
Zyx,126.0824833010596,1878.4445284541796
Pdia4,124.5496033573,1879.3259522542896
Npc2,123.25417460042748,1879.0564098702416
negative_control,123.38624684283032,1879.3847298136395
Ywhag,123.49677605505926,1877.477438641869
negative_control,124.1340139295111,1877.664847229854
Rpsa,126.4597137061922,1888.8713822516288
negative_control,125.8893341788392,1889.4141449218464
negative_control,126.83517278208694,1889.1921826903024
Rpsa,125.75856385528206,1900.5572623883609
Ctsb,127.14241446220548,1842.2755793508736
Rpsa,127.46463535673622,1817.7668122734583
Aars,127.3379202225892,1860.9605685874508
Fbln2,131.139059321736,1883.8974650632344
Aars,132.38672481470857,1887.7010610391976
Tmbim6,132.40428665293277,1859.2903474417053
Igfbp6,133.6961397198087,1842.9012565267312
Rpsa,134.02006798223593,1909.6210174581397
Gsto1,132.95198694920873,1910.2090349340613
Hspd1,133.51434714677185,1910.9950956899495
negative_control,134.18566612359174,1910.227540226548
negative_control,133.4623107513076,1853.608132997657
Rpsa,134.18791889347094,1853.8815610932024
negative_control,136.41778743910862,1875.8949359480648
Emp1,135.7822615556747,1875.5601655681755
Lamp1,138.499434774488,1838.7781347385708
Fbln2,138.0640516002708,1839.5315533278929
Rpsa,139.92369151117197,1911.4510930406832
Prrx1,140.41350933390464,1892.28389642356
Rpl18a,142.76681221258806,1806.511178280397
Psmd8,140.9943763128402,1822.9258716398756
Fbln2,141.61762170613235,1829.637650938596
negative_control,140.7913456305087,1870.1693528700337
Rpsa,142.27146061964382,1863.1582742443677
Psmd2,143.27663153236392,1802.716836380895
Aebp1,143.9088058580362,1836.7709688476152
Tubb5,143.86751308237888,1835.423508962419
Rpsa,144.11472127098983,1850.8208863833056
Aebp1,144.5417530833235,1893.5738895321133
Tubb5,145.99762036271156,1894.460459053652
negative_control,145.05090314896137,1880.9835764846164
negative_control,146.8880915085754,1880.689298126932
Rac1,144.1078735983861,1881.4507922679115
Prrx1,148.94088875954702,1826.3677826066487
Rpsa,151.02483918115013,1854.54107927446
Rpsa,152.13165600782,1802.2130594268797
Rpsa,152.06307015880355,1864.778089673864
Fbln2,152.0610055000556,1856.932892472979
Psmd2,154.10820420055734,1886.415793153801
Ctsb,154.35813077041516,1881.0606262967
Psmd2,154.609703991319,1822.8288896748245
Aebp1,156.82725384459792,1821.468407885156
Slc25a1,158.17553934596322,1794.9927679085497
Psmd8,159.8595233807087,1798.133490412289
Fbln2,160.81015257362353,1815.3838273483311
Mdh2,163.10705868977078,1828.5588695862284
Rpsa,161.74200148085862,1828.5071090554036
Ehmt2,161.94952813019057,1829.3414308319047
Tubb5,161.9538900154701,1828.8604418785671
Fbln2,163.26091405791288,1908.0562740676717
Fbln2,164.79330071939893,1921.2092943577695
Efemp1,164.2488455543123,1844.568827152634
Ctsb,164.5471567104445,1844.2356729447024
Rpl21,165.13837502149278,1851.7335400865552
Lrrc59,165.5811424852801,1851.3137156897385
Crlf1,166.58027626114236,1849.94180077052
Vim,166.34622616667554,1800.0135739984112
Hspa8,167.53727795755222,1799.4773468512255
Ran,165.8766630395729,1799.899942578131
Rpsa,166.65905463876902,1864.36518950737
negative_control,167.77643689857803,1926.607000253535
Hspa8,166.0879359933027,1925.8260872164851
negative_control,167.0298326385971,1926.128779252681
H1f0,166.94291514038164,1925.5350652600264
Rpsa,168.23820736206574,1821.9879546407333
Myc,169.25193631853338,1903.102995122453
negative_control,171.7080926835715,1799.2162885719456
Rpsa,172.57103520813084,1807.4896148404057
negative_control,173.5629010068732,1853.9113967523692
Aebp1,172.69087652311583,1854.8196845498464
Aebp1,173.23540963942702,1842.3071761331216
Fbln2,174.15640339115097,1857.361981631915
Rpsa,174.3221793784206,1868.217686812858
Fbln2,174.92262464227298,1864.5551898745096
Rpsa,175.11949856493976,1862.70262514778
Rpsa,175.6651644480188,1919.244915836768
Aars,176.92648108773102,1927.9572436239316
Fbln2,178.93059450720688,1891.4208181711456
Sfpq,179.98981871664228,1825.3538192140088
Fbln2,179.54001993090657,1836.229646149657
Neat1,178.05851323121988,1836.236306385284
negative_control,178.24794664530742,1836.389805557504
Lamp1,180.529330026916,1814.359632126399
Rpn2,180.3955073243154,1814.2913923292488
Rpsa,184.67569788317883,1908.5121535097544
Aebp1,184.817968463896,1810.937625765922
Aars,185.9560232475658,1858.4721130550377
Rpsa,187.47427894738075,1794.687638687892
Aars,188.4457182993685,1808.2233226596895
U2af2,190.7685575258641,1916.3570618569172
Sfpq,190.68228588020435,1917.0403650172848
Cited2,189.9650827337622,1917.602185850464
Hnrnpk,190.55182369993685,1811.015732370048
negative_control,189.482001514324,1811.5813350523936
negative_control,188.15975128293093,1811.17992060976
Rab5c,190.17343069237185,1810.136862461612
Rpsa,191.0813120379785,1898.921561444229
Mtch1,194.73568629505576,1886.7719169077816
Prrx1,192.74360981105656,1886.856576867886
Ctsb,193.44628164494776,1835.584048490384
Fbln2,194.10655772040008,1868.92109957808
Fbln2,194.4878262506802,1853.464805404575
Prrx1,194.60068952469388,1865.0945469850155
Rpsa,194.81842309982943,1824.630766270028
Slc38a2,197.66123976531875,1824.2967104915256
Junb,195.7889262671814,1824.7401131767865
Rpsa,195.47758191764984,1806.6966158795
negative_control,195.363888934076,1839.393038802932
negative_control,196.25989741342883,1838.3666104696567
Rpl18a,195.8522961222804,1839.4137551631957
Psap,194.15104659585324,1839.6271988508488
Rpsa,196.5361034365488,1836.095502245322
Vim,198.07186755665109,1836.8848169204105
Zfp36l2,196.71500020928943,1902.61367113344
negative_control,197.87998419997612,1903.0845612499957
Rpl15,200.5525848215075,1929.8935848919343
negative_control,200.3928423804975,1930.9641124551017
negative_control,201.50756802319995,1930.5912769301472
Ubxn1,200.28002122703933,1930.132822929815
Rpsa,200.6668104461297,1889.530691693477
Malat1,200.5161261067287,1837.3794130580904
negative_control,201.9074110475766,1839.6408647180308
Eif4g2,201.38910664565407,1838.5341658337784
Fbln2,202.8606529538796,1819.011676365736
Psmd2,201.99591658271092,1915.4726123812973
Prrx1,204.2058901164684,1817.9230512650197
Rpsa,206.1053153268965,1810.299509849415
Ptgs1,208.1328068118169,1899.2020470168457
Arf1,204.60361035265996,1899.70532066314
Stip1,203.61435781675985,1899.875805292677
Gsto1,204.06353721996896,1899.8850402919115
Aars,206.66121516091457,1899.3189365276
Fbln2,206.86447207260065,1855.429796470546
Rpsa,207.27234837035823,1825.7342113327245
negative_control,211.32568735309655,1920.1173541360408
Ercc1,210.0888403827067,1919.2543825504251
negative_control,209.787767528929,1919.802910269398
Ptbp1,212.58001718040924,1918.55815023846
Laptm4a,212.19248105916265,1918.8332091765424
negative_control,212.53730193381264,1920.160950374955
Rpsa,210.5476777087251,1865.7071963486333
Psmd8,211.38891927699427,1924.6367584287325
negative_control,213.6006029541528,1903.9848770925469
Vim,212.6988057599622,1903.9385285700791
Ctsb,213.680784546069,1849.2251141711563
Gpi1,213.8662497811602,1850.5705660928556
Timp2,213.8285537518536,1824.268477925896
Gsto1,212.3428724209796,1823.280646733223
Srebf2,214.30894980913004,1824.0716621744868
Aars,214.0780227999794,1824.145343917888
Morf4l2,213.74252965647912,1824.112625514178
Rpsa,215.37148099603507,1838.877619618661
Rpsa,215.1061298426783,1898.0806702895356
Ncl,215.68832215993484,1909.211801463372
Hif1a,214.70656752893112,1908.4250848527456
U2af2,215.53142541977468,1908.642124706212
Rpsa,216.07590400329025,1908.5430277666944
Emp1,215.63685308236097,1908.844847032777
Malat1,212.8303148854272,1908.5759957327296
Rpsa,220.11642193701772,1893.272629413245
Rpsa,222.3147807827682,1860.2481753616944
Malat1,222.16032573635735,1860.16461834366
Malat1,222.3997979029152,1914.557711158558
Mdh2,222.84229244352733,1913.4128015439087
negative_control,222.4449547601863,1914.3749864799263
negative_control,222.0275722209947,1913.0339940746185
Msn,222.9280912808735,1915.123185659943
Mtap,222.56894846950965,1913.7400349491647
Fbln2,224.66569259290708,1898.2293353562472
Taldo1,223.38775584938944,1899.6051568953403
Rpsa,224.95000453841803,1839.6582666348413
Rpsa,226.0928641823296,1908.162438612092
Prrx1,229.6861479926365,1911.0391283601416
Rpsa,230.06796144284257,1831.601117989112
Aebp1,230.7648985528992,1895.720760388527
Rpsa,232.41414090198663,1861.3494503202664
Prrx1,235.1402568677877,1892.61106182557
Rpsa,236.55521113725456,1866.48056336466
Rpsa,235.7300206116622,1876.0194137280005
Nedd4,237.8181260992877,1859.7315556456572
Malat1,236.50912867833551,1862.2251625187523
Vim,237.4286355728717,1860.71812152295
negative_control,237.05877697411893,1860.1355581912176
negative_control,237.4273951142374,1860.117498167094
negative_control,236.45039151665503,1859.923844768624
Ndufs8,237.0099156090629,1862.78111065062
Ddx17,236.7020098448073,1860.852512686652
Sf3b2,236.84966906604723,1859.9826647331745
Ehmt2,238.96350196033563,1860.192794731356
negative_control,240.82858611412144,1860.7985854178369
Rpsa,243.1544906808241,1902.4154331620512
Rpsa,248.27784074467888,1893.6785647837555
Mrpl38,120.6844317691418,1832.520898316584
Psmd4,123.34953765784024,1905.8721785413568
Paics,122.6746559018261,1907.4961608864537
Ptges3,123.76067860719796,1906.8300707614865
negative_control,124.12007302648136,1906.0978334922877
negative_control,128.50049664812104,1878.6833208157636
Ywhag,132.10942190824346,1819.9740049972345
Crlf1,132.23894382869548,1842.5659869738868
Plin2,133.6464989473077,1867.0607068509544
Ywhag,134.00917731883334,1878.8967535803608
Pgrmc1,143.70306174594828,1864.4008206594708
Neat1,144.193505343444,1864.5195591339664
Vim,143.11708695641937,1862.225643726256
Ncl,143.6838246561382,1864.252709170624
Malat1,144.45863141781234,1863.3101595557432
Loxl1,144.63207025491937,1863.672284988114
Eef1g,145.79300212175173,1864.2896917631076
Lmna,143.17373645290894,1862.9681896427144
Neat1,148.39293490124365,1906.3950111953104
Crlf1,158.24255880205016,1853.5324106256844
Fkbp4,164.5777811720794,1912.6867547316608
Neat1,173.05957305266412,1852.449181626102
Ywhag,176.16940100123924,1928.583841309179
Thy1,187.8223804050245,1816.974621115933
Malat1,187.1902673712987,1824.6757368137191
Ndufs2,191.26207696489095,1830.094212780729
Rpl15,190.5351424998396,1833.627809103496
Nedd4,190.77297240067327,1833.426693245056
negative_control,192.29139786686235,1832.5468702466767
Crlf1,193.8729515279375,1817.702685782329
Zyx,216.48624074102617,1849.7560994232117
Clta,216.898146801666,1850.1739264504904
Sec13,216.11366404710293,1853.0069454818224
Crlf1,217.2346269492594,1854.2747092294585
Rpl4,224.8391653002621,1886.0133127243453
negative_control,227.71703122375277,1859.4988678523769
Plin2,231.11517324586572,1843.1127115404083
Ndufs2,238.8236143927405,1850.578665463689
Plin2,239.0931500368412,1869.1826965775588
Ywhag,247.72982390126072,1873.4887598983337
Neat1,249.79518970641837,1869.7540094754463
Eef1g,107.68161515597022,1870.9996734302167
Ercc1,108.75838766856806,1849.400809456576
Ywhaz,111.63248145098272,1852.595631553011
negative_control,115.12717922495273,1883.0996804633528
Tpm1,115.04041789927672,1854.680814644924
negative_control,120.94831288805568,1860.6538692529969
St13,119.32983232167648,1858.6756848157256
Cox7a2l,119.5586570179241,1859.7210271761144
negative_control,120.7130774951129,1860.388556214061
Emp1,119.10402184283456,1847.490321218968
Csnk1a1,119.88005710791523,1912.5013456618865
Pkm,120.56653553828916,1912.232618135539
Ywhaz,121.87079697401026,1889.683302707239
Ywhaz,120.58953939927602,1895.8142636402815
U2af2,121.74769368441405,1877.32822672955
Emp1,122.66372809023412,1878.256890130628
Tpm1,124.23448606569426,1868.7736356032624
Eef1g,124.8900678713224,1834.9580263870653
Eef1g,125.366133055818,1919.1552680271016
negative_control,125.26847015595654,1900.950101368859
Rab7,126.9183872289327,1823.422085552893
Pkm,127.74821282541862,1880.587971047752
Rab7,130.47721457247223,1904.506035614165
Eef1g,132.01655840632233,1812.427271141176
Ywhaz,132.87723845957967,1876.0957547445616
Rab7,133.50897521310435,1819.2065966955915
Ywhaz,133.54788793958718,1852.838309442258
Eef1g,134.68545436087484,1919.4018535935309
Pkm,135.3351535799198,1892.702743228394
Thy1,137.75396269036327,1859.120521297671
Eef1g,138.8145004197014,1832.489930400819
Pkm,139.47681130154714,1820.6088545772088
Trim28,142.26338717533133,1887.123522419463
Ncl,141.589532150741,1886.1025422131463
Polr2m,141.8761514987233,1886.5269815233448
Emp1,140.63996851077172,1910.2563147084163
negative_control,144.00382773954584,1856.157205703292
negative_control,143.08249697308756,1856.210029401365
Efemp1,142.73101016981906,1857.0339218312424
negative_control,143.7114191187908,1856.583480702666
negative_control,144.19323729198473,1856.8836461871397
Spon2,141.28199437891843,1837.0469895435128
Emp1,142.158644882345,1837.182519240389
Pkm,143.37104977803983,1868.692133087912
Tpm1,144.05988720679682,1895.2659166407511
Emp1,143.3389330709663,1823.1220674677088
Vim,145.4255058821498,1900.273744268543
negative_control,146.08877295322526,1901.265819041095
Tubb5,145.4696414843574,1902.3245467686645
Emp1,145.13513845944755,1901.7601919503245
Pa2g4,146.56852363416277,1815.8132098703504
Pkm,146.6274924289484,1805.060039634743
Ssr3,145.95791745846267,1842.7684663871123
negative_control,146.00241462352162,1843.2535886104724
Vim,148.71458304798162,1893.836852624731
negative_control,147.25719256806974,1892.576348345756
Ywhaz,149.4943764629838,1906.740782571792
Vat1,150.56744112242887,1906.164311349516
Psma7,148.67310984525406,1907.257152484381
Pkm,150.13181574789397,1794.0962927970184
Emp1,151.38128429760292,1886.2914604155485
Nfe2l1,151.6772737825107,1818.1208177533408
Gsto1,152.79034237101294,1818.186995350488
negative_control,152.00336028079903,1816.8531953280624
Tpm1,153.402688677116,1817.9084642600333
Eef1g,153.4494732915982,1795.047499054298
Rab7,154.6163218092669,1796.0992701221687
Eef1g,153.96805769158678,1840.16025248548
Tpm1,154.1557137869314,1811.2505419833965
Emp1,154.6528300115128,1920.5194990754997
Pkm,156.18871494035355,1884.6365912342208
Rab7,158.11131168314176,1826.007842987207
Pkm,159.04855449177438,1912.5578801416264
negative_control,158.68797237835977,1819.7892605443728
Emp1,159.4672478184484,1805.6091008800056
Pkm,159.95439726885365,1812.0615349886973
Nap1l1,161.57794273788895,1833.2594632233595
Eef1g,162.25999057547477,1826.681629978428
Pkm,164.00266844416458,1925.5329980681624
Snx3,166.5257333722255,1905.6966036124527
Tpm1,165.45630350458265,1906.4414775026416
Mtap,165.3645040838645,1906.0414286967805
Malat1,165.58194289099873,1905.27660498076
Mta1,166.96373353448095,1905.0999019938456
Emp1,169.0087259234902,1847.4288443328464
Tubb5,170.11603331042747,1845.823633923604
Eef1g,169.68030207600333,1845.1025948631288
Got2,171.1908559154156,1845.2595958735387
Pa2g4,170.22759863470068,1919.4992469633
negative_control,171.7875288155356,1799.996193616184
negative_control,171.33001462755175,1798.463033340135
Pkm,172.20202721280788,1795.1378302120957
Eef1g,173.80656024509474,1825.8138822198384
Emp1,175.0643729328905,1811.853175602258
Pa2g4,175.4736910541762,1906.87856560132
Sfpq,176.27658470558234,1842.9666486760048
negative_control,176.36484160666512,1842.875578899403
negative_control,175.77157116667243,1843.1663288472157
Emp1,176.9657161065443,1804.527404815512
Pkm,178.6481358830584,1820.2261202843863
Vat1,179.46204377980672,1845.9538732202736
Zyx,180.29115395741036,1847.4822126136971
Tpm1,178.8231301111263,1841.1852382798013
Emp1,180.463717897231,1914.158520864617
Emp1,181.80831013564904,1831.7235500556403
Emp1,181.7432727529132,1922.445701407646
Emp1,182.9353858895223,1860.232550104267
Mbd3,183.8626884433381,1901.0515356269536
Tpm1,184.53484242050612,1900.1427157408093
Ybx1,184.1527677464852,1900.7179196906604
U2af2,183.70966410153787,1900.9309796034584
Il1rl1,184.38835738751413,1900.9044458743747
Emp1,185.07504916291612,1808.463210051709
Tpm1,186.03304622443144,1922.1850308467249
Pkm,188.9752108084584,1915.2125139074203
Emp1,190.33440849479047,1881.4186728922105
Pkm,190.7066018360308,1869.897634940065
Pkm,191.30260398572105,1810.207887716728
Eif4b,192.0289637941556,1903.3421468791284
Emp1,192.1186697334556,1902.8372277931949
Emp1,194.33991506840917,1922.16419310284
Emp1,196.05241429485403,1889.270957951497
Rab7,196.3758324040296,1909.2803620596176
Jun,196.79431561864607,1914.1574767385137
Eef1g,201.13334085016967,1896.4433926203649
negative_control,200.75353811965397,1835.626371698796
Emp1,201.6454790599309,1844.8934041357904
Emp1,201.77879965225569,1910.4598400019825
negative_control,201.96329096768997,1816.2576134978867
Fus,204.20324598268652,1809.6797299520292
Oxct1,203.1535863140448,1808.5126694640776
Ncl,203.55944120750783,1856.9671826909275
Nap1l1,202.4259206100433,1855.90723965816
Emp1,204.44356661013796,1913.8915415293025
Emp1,205.33979560337488,1816.649863355272
Emp1,206.07243302665373,1875.7785957101405
Gas1,207.59112248300104,1920.005715039055
Ugdh,206.475969444749,1920.053272460904
Tpm1,207.45386936972625,1920.6412669828212
Vim,208.40122357456733,1922.3676455545049
Emp1,209.26673166036727,1895.426153604995
Emp1,210.16178820681037,1820.193966982421
Tpm1,211.6460572609159,1912.913709291735
Emp1,212.98113997523612,1841.4035174799549
Vim,215.39329988525117,1901.1395379210087
Eef1g,216.5117900885569,1900.163644087624
Cct3,216.24010925718105,1900.4959766088928
Hnrnpk,216.7888211059648,1900.998090508946
Vim,220.12977788524304,1852.1746224279375
Emp1,219.37133653928265,1852.7995006254268
Hif1a,219.42547402360964,1854.3066063880476
Pkm,221.1544356926175,1826.8469182412875
Emp1,222.72935857501352,1836.3678931892584
Mbd3,223.2004840581377,1835.7888149659648
Psap,223.2801458348975,1835.337326553095
negative_control,224.5033920648312,1832.899704750949
negative_control,223.65666089313,1834.183661445884
Emp1,223.4350273961564,1900.9495239222952
Ywhaz,223.3399089610338,1855.9705320360108
Eef1g,222.92310741092456,1891.046165249812
Eef1g,224.89962468458904,1886.0971702979864
Tpm1,228.04444574703516,1850.7701089041857
Cox7a2l,228.21681647923165,1911.9401782736757
Tpm1,229.42975045261804,1874.8829796553891
Emp1,228.75426002253863,1901.38910274996
Pkm,229.64376189349943,1844.138911445228
Psmd7,231.0862875049909,1882.634070953762
negative_control,232.13650089105627,1882.8756367087487
Ybx1,232.1016733038263,1881.7980113403185
Eef1g,232.1571052909627,1869.750017267467
Pkm,234.300293127144,1898.6169067884164
Eif4g2,238.3919902946211,1882.8678587871848
Ube2m,239.8311484950599,1867.249930934648
Pkm,244.7394676475156,1878.083469319748
Pkm,245.71937219588887,1862.835333314996
Fus,251.3587074602273,1891.3494676906712
Cox7a2l,253.60151636146085,1878.476413896037
Nedd4,113.34590175615298,1851.708862390284
Nedd4,113.70039867123693,1897.943629012926
negative_control,116.03275863016174,1854.5397035314609
negative_control,118.7221994003596,1832.2717269295383
negative_control,118.01019840863373,1831.5357053524144
Zyx,118.8352373303198,1832.9552405788763
Ugdh,119.00133765963646,1833.098761118016
negative_control,125.106258727578,1855.2006068646856
negative_control,135.6764110381416,1905.0111743762332
Ptges3,136.29450981672562,1925.1549770060287
Nedd4,140.83353812594106,1874.0547108079784
Nedd4,141.97227021372856,1901.629296196408
Cct3,145.39132686156654,1809.3779345609616
Mrpl4,146.70130856831858,1826.6009121737868
Myh9,146.00757011904128,1824.789930154482
Nedd4,150.1447815605527,1901.3606083450104
Ugdh,152.1548285712148,1809.4555447946889
Ugdh,154.6505704536102,1847.8468716103664
Ugdh,156.58062610496205,1832.08274171536
Il1rl1,157.29635828565443,1831.2356831875727
Nedd4,158.9236293815727,1826.4897378361784
Ptges3,167.30192441987987,1829.013869336624
Ptges3,169.62830793502093,1843.8857075961132
negative_control,172.1252264485551,1861.1943486294133
negative_control,173.9725220987619,1897.2410098572605
Trap1,176.51999327440643,1832.4840974393724
negative_control,176.0811197627707,1834.2195933087328
Ugdh,177.5256083254336,1817.8685991749232
Zyx,178.58146212696758,1930.051877929168
Got2,178.59993234183858,1930.564133039399
Paics,178.71983442643008,1928.9545706416927
Ywhaq,179.31967463956155,1822.4432541060685
Nedd4,178.85340615573787,1822.6268888798204
U2af2,179.45489653608783,1887.261680912906
Maged1,186.7254472293724,1834.458992970261
Ran,186.09826269303568,1834.7903244505237
Ptges3,186.1891011895137,1833.134942855547
negative_control,186.45182758690416,1843.9459973210653
Ptges3,186.9287010607617,1866.503583584355
Cct3,188.4718461757363,1811.7938509331884
Nedd4,189.5124031404449,1907.90318212078
Ptges3,193.66925799447608,1919.9261416914903
Ugdh,196.76712699857123,1892.94551568192
Nedd4,200.33210367343744,1814.2915128005309
Nedd4,202.32469849862963,1832.566422186319
Ptges3,207.6709695528233,1849.7611495092349
Ptges3,210.57895854973933,1901.154832705901
Cct3,213.6702859620181,1835.127690864444
Ugdh,215.80477009393175,1857.220497665036
Ugdh,224.69629103591492,1915.036019037372
Nedd4,233.0188956949576,1905.1008212421016
Msn,235.8420817693259,1898.4830925601104
Nedd4,237.32390325830303,1877.9699119091297
St13,238.3506070487373,1887.9262014494395
Vim,237.8654246899399,1886.0459240209595
Ptges3,239.70567214361165,1888.187784555946
Nap1l1,239.56761317026485,1889.6953597201225
Nedd4,243.19859372000357,1861.1158737094884
Nedd4,245.91495555818224,1895.2561608390345
Grina,114.14659960835532,1882.3784636635328
Clta,114.7374342100636,1883.515558516382
Hspa8,113.07163466217683,1884.1755706834645
Cs,114.2243156518723,1884.268053093117
negative_control,115.38312911701088,1854.791134936056
U2af2,118.49055526602456,1910.6768573130275
Pdia6,119.77579328799372,1873.3899316256825
Got2,119.6131452818042,1883.717837098241
U2af2,122.49864390884376,1824.0495566140808
Uqcrq,122.91577903075284,1915.3997361792851
Clta,124.61610079507608,1921.6398366539952
Tubb5,124.8004635408448,1921.3200307988884
Got2,124.55937060384024,1852.1804421476843
Zyx,125.4483892314694,1846.0247795218372
negative_control,126.56712918190536,1845.0157359720972
Puf60,125.28308810275443,1874.023878161656
negative_control,126.398725376355,1875.148882198677
Gas1,125.39125844478517,1872.369716470804
U2af2,128.81917111210387,1893.4573174278612
U2af2,130.2024578316361,1886.0745400331657
Uqcrq,131.95133909681715,1820.5642154642903
Got2,132.73541912555163,1868.6327812017196
negative_control,133.7350646711471,1859.9292049460728
Hmgcs1,134.45856370494613,1847.052010999696
Prkcsh,135.91135494870113,1901.349274949294
Arpc2,136.02435321413626,1894.4437737420683
negative_control,136.46928570250157,1835.1297764657663
U2af2,140.15138061607922,1833.6367899789384
Prkcsh,140.3430276861133,1888.5734836941388
U2af2,145.28155305888745,1820.0942244962284
Arpc2,146.9801747138386,1861.6141245005745
negative_control,149.0703969363768,1882.149057365216
Got2,148.00921710964613,1881.447161029579
negative_control,149.19917137910105,1881.2058952237287
Pdia6,148.541102853702,1873.5707314168465
Got2,149.75959983675068,1815.8262605488696
Arpc2,154.65940291443536,1805.0573437279015
Got2,154.35644452275966,1818.7939280799364
Fgf7,156.20439821233978,1803.1768173410285
Prrc2a,156.9824350606169,1801.541992893923
Actn4,155.49408300661423,1801.3984075461624
U2af2,155.92595867698105,1802.2510611170624
Eif3e,160.5470640851266,1902.0295324151195
Got2,160.7096260322523,1910.5610017744548
U2af2,161.24399519803737,1811.9822770031724
Il1rl1,161.587449353838,1818.2808959609624
negative_control,161.343968128755,1817.3773799794508
U2af2,168.32069495152396,1823.918694291943
U2af2,167.7914746714411,1796.3002240077317
Arpc2,168.05374889400002,1859.499221467074
Got2,171.25150390396095,1821.1911687504155
Gas1,173.98899451524426,1841.407306779656
U2af2,176.29390334762664,1914.2675892887012
Tcf25,180.16858841128405,1808.8950940295847
Ncl,181.6431643777886,1882.457791032724
Pdia6,183.35073976471185,1856.603925365329
Gas1,184.69818993317625,1822.6289767479195
negative_control,184.40352957966547,1804.4638794243267
Pdia6,184.65983658186565,1922.1167214942368
Rps15a,188.7788180736263,1815.9322902820984
Pdia6,189.78036091182167,1815.9944663784545
G3bp1,190.1712701935753,1814.7949818446596
U2af2,190.3404218859715,1921.6995345565388
Uqcrq,192.7273824672759,1905.1871958898892
Got2,193.7287442109001,1847.3278610428915
Fkbp4,201.31471909264124,1808.52481906269
Malat1,203.170346101391,1874.9055540496904
Lamp1,203.02869162543703,1874.9721327950324
Prkcsh,204.54638622406307,1821.825946586081
Pdia6,207.589443476986,1876.7391881167437
Pdia6,208.00698776813377,1853.4410305916824
Eif3e,211.9188882610449,1882.2463192377445
Pdia6,212.23739617294888,1827.5312994053595
negative_control,211.691651563613,1828.8825818227824
U2af2,212.61995432885837,1892.534847869646
Ssr2,220.31169406479705,1847.162156249813
Vim,219.5915172334013,1847.03137593614
Gas1,222.31851168189,1909.5663731044745
Pdia6,224.017953883134,1859.032158536878
Arpc2,232.5740721960996,1855.9216954561964
Vim,233.8215896502956,1899.9588534809611
U2af2,233.4261876430737,1900.703983501744
Hspa8,232.375184167361,1899.2195524583108
Sf3b2,245.23795345226608,1899.3672864711796
U2af2,245.39730561390743,1901.2839007188663
negative_control,245.4814833133867,1899.8058239126583
negative_control,245.87812442502693,1900.841672030236
Nucb1,108.98699558583836,1854.946932873532
Slc38a2,108.26094840314336,1854.615693393912
Slc38a2,108.67230728968836,1846.6386488354697
Slc38a2,110.67123466856437,1874.707240241618
Slc38a2,117.88222244593749,1902.244590775279
Mtap,120.63236784471172,1842.0202970392515
negative_control,124.90437900070124,1855.3882464566057
Igfbp6,124.53837102934924,1847.3468946628093
Zyx,126.15497519607396,1827.6772435706407
Tpi1,126.89478459988536,1827.3891565057904
negative_control,128.02968535487335,1857.702904487778
Igfbp6,131.17242097617495,1899.048156661287
Slc38a2,133.51694052747513,1853.624534006737
Eif4b,138.61703518827727,1819.5843320176543
Slc38a2,138.79248283435075,1817.5061374495535
negative_control,142.5885395186518,1878.630860633753
Eif4b,140.8250098590816,1878.5163079856084
negative_control,142.41687662062185,1878.1312834338696
negative_control,143.5461855949522,1877.3960088212384
Tpi1,144.94820167115262,1879.6935747207272
Igfbp6,146.76026477108752,1851.3849945984743
Eif3i,154.45743752080068,1813.7746304670927
Igfbp6,158.36354865734495,1820.6669488208552
Mtap,160.322807170504,1849.377092870238
Igfbp6,165.7164826745307,1802.567976356393
Mtap,169.57973098645078,1921.3370519073733
Slc38a2,170.44721941238868,1830.5285143933413
Mtap,170.08370864554706,1826.570169964388
Vim,168.70351177671307,1827.0561594670437
Mtap,174.76308899841428,1823.0513076251727
Ncl,175.53033633144148,1823.2918754562088
Eif3i,176.92496370614182,1900.5124115408487
Eif4b,177.666576565649,1824.2551621667692
Ercc1,176.32612274493056,1823.7500600290923
Mtch1,179.0257011340988,1823.48597162598
Snx5,176.68896632514443,1824.519675868174
Ywhaq,180.12394177473573,1829.3239799098644
Tpi1,179.882487496035,1829.9079258237057
Ncl,180.61530594596235,1911.894682028074
Vim,180.3783664397108,1912.19398848924
Ssrp1,180.893514089149,1912.834485205066
Slc38a2,181.82095748735395,1838.943974818679
Eif4b,183.11217299405456,1923.023730964438
Rpl21,184.07126979048127,1847.1588584483216
Eif4b,188.9421138867344,1819.985221619
Ehmt2,188.9248688603625,1833.9777454244995
Slc38a2,188.8590045202798,1893.7322159504777
Mtap,194.09811736893693,1915.19583331697
Prmt1,195.6770414392531,1809.6322134699185
Lamp1,197.0264158257233,1916.4028916908749
Mtap,201.95724409289127,1800.7283073316676
Ehmt2,203.03571078727165,1859.0533950875351
Raly,202.9506432211109,1874.1984824019808
Lrrc59,205.57492195676627,1895.7225016557843
Tnk2,204.9356711005043,1895.1822239777389
Mtap,205.18645212822463,1905.422262896139
Eif3a,205.35002801675992,1900.875184179257
Slc38a2,206.57617541297367,1911.5871459341115
Igfbp6,208.4722438678424,1905.6352397661512
Gsto1,209.34903935270225,1816.3020926116528
Tpi1,209.77021873656395,1848.3285836658588
Slc38a2,211.83057808043165,1840.3272158929635
Tpi1,211.83607109161537,1871.3925967499504
Igfbp6,212.7380894221164,1878.9787364679487
Vim,215.26417627692837,1916.6102433912629
Ybx1,214.84911744856933,1915.9364623170447
negative_control,214.3350608492472,1915.865679334444
negative_control,214.3121372328414,1916.4341734033424
Igfbp6,214.84847944030383,1853.4722438655797
Slc38a2,218.2209422627639,1898.2259791517376
Eif3i,218.91329501799888,1866.738593913863
Hspd1,220.30299221538615,1917.3739201309384
Mtap,220.7426575475526,1841.2321056659664
negative_control,225.61031167046315,1893.1511031449368
negative_control,228.0636519364805,1911.3422140010653
Slc38a2,228.65606220673055,1845.2458867709245
Vim,232.56386748610927,1858.211493410383
negative_control,233.1819116480474,1858.8682620274865
negative_control,232.57147601389445,1858.6998966016472
Eif4b,237.2210377082305,1870.573394193388
Uqcrc1,236.96797371303575,1893.993905672508
Tubb5,238.0752099286397,1891.069421050031
Vat1,237.57713946957523,1893.1270068834988
Eif3i,237.7189823592214,1891.2159442716563
Slc38a2,239.27075326949108,1885.5002562587583
Tpi1,250.0313292650466,1881.9695316917496
negative_control,249.33968306282927,1867.2181268691052
Rpn2,118.34306842414983,1887.5781592952967
Rac1,119.80056028300312,1897.28230033538
Ubxn1,120.83831015154551,1838.9152268788005
Srebf2,120.28990621485636,1837.60144269154
Rac1,120.97624184238876,1849.3088113653723
negative_control,127.50631072987376,1854.7090025650136
Cited2,132.07874378293403,1873.623218317771
Raly,131.21463340136742,1873.346198725988
Fkbp9,130.68344140325394,1871.391570426427
negative_control,129.4186569932944,1873.410633311265
Hnrnpk,130.32213847251265,1872.3996842275976
Rpn2,132.64865525778282,1829.787748697844
Rpn2,136.59833091553156,1836.7433139733253
Rpn2,137.5607013068507,1870.3439791809244
Hnrnpk,137.44372235245834,1825.177852539774
Rpn2,138.975010482591,1896.4543606106567
Efemp1,138.93793674840032,1909.1376089017692
Hnrnpk,139.43262093791043,1882.6790784206237
Rac1,140.45968473179218,1814.6211094265848
Efemp1,147.31631250390825,1838.6609315705125
Prrc2a,152.2190411040507,1812.491772777803
Rac1,154.1782275852126,1793.300374339192
Snx3,156.75106373033816,1828.617569404913
negative_control,159.90611164387997,1833.8683170683007
Il1rl1,161.36616851562326,1833.7020108436716
Efemp1,166.47275593856972,1831.264634374619
Hnrnpk,167.92736552338783,1915.288488006861
Prrc2a,169.10647227811648,1815.120538374637
Rpl21,175.43430433291832,1822.194776903081
Rac1,176.7699780408746,1848.8412238629203
Vim,178.31985319070532,1910.264247038635
Paics,177.4878119370856,1910.7434982794955
negative_control,177.88021808122392,1910.413736757612
Prrc2a,179.73748998180557,1885.815618794082
negative_control,179.29346083313888,1845.78871821655
negative_control,181.9774847712092,1808.0965174209
Efemp1,181.84658940538444,1883.4085917377608
Malat1,184.86053844829564,1816.34391426274
Malat1,184.91074924848877,1919.3112320995403
negative_control,184.28225757414896,1919.2875044636803
Prrc2a,185.7778798142322,1806.4019658236607
Rac1,187.00213150660144,1808.662506086147
Prrc2a,188.91890554024116,1915.5547600279328
Efemp1,190.56965377306227,1819.925693264619
Efemp1,190.92181776675,1908.5108987752683
Tnc,192.7778152776133,1902.0786201928752
Mta1,204.7965378587366,1896.5585110322645
Vim,206.68658284317465,1830.733364347641
Hsd17b12,206.40826192334396,1922.950068342152
Zfp36l2,206.57035758467475,1924.736474057536
negative_control,212.7656700205608,1830.783868102915
Timp2,212.8614042857462,1911.9239246800687
negative_control,215.53364953779288,1898.929910600544
Hnrnpk,217.529993343036,1896.1161738617488
Hnrnpk,222.7256370432124,1895.5206285300123
Prrc2a,224.46093258251884,1851.161437176576
negative_control,226.51562988223847,1886.9114583381931
Hnrnpk,231.32828563454115,1873.2811252549304
negative_control,232.3357909965545,1878.370834619317
Rpl21,232.09577137522388,1867.4895061724187
Prrc2a,238.152810372476,1866.3001935717743
Rpl21,243.403727580508,1904.306534400334
Rars,243.98381896499384,1894.5337706346183
Ncl,244.25007430982345,1895.8228338323129
Prrc2a,243.32657744020145,1897.2569707592504
Prrc2a,244.27850112142585,1869.4276712855485
Malat1,107.05615295096106,1866.2342782535648
Actn4,107.36210930376338,1871.3787129153168
Malat1,111.14263872502656,1840.1973064685144
Malat1,113.56930393964096,1873.9330871331383
Malat1,113.75975924040924,1844.2339931147897
Malat1,114.41508172026964,1859.6644764370767
Rab5c,116.5714088849878,1879.2120828601064
Malat1,117.69417669054508,1839.841889670641
Malat1,118.8764929058536,1897.1436366195792
Mmp14,118.83076235959754,1888.4409944275292
Vim,117.7262008190055,1794.7863748644172
Malat1,118.52251993253604,1795.0327602195844
Malat1,120.84811716746334,1889.2927870585188
Malat1,121.11110463015216,1841.5132567188305
Malat1,120.94093893130156,1857.557745631044
Malat1,121.74382537719666,1825.0662245276765
Malat1,121.9105289530588,1864.893394628072
Cnn2,123.46631320752006,1915.141621384705
Malat1,123.6684258396754,1887.7081367496928
Malat1,123.67377985364335,1920.3334373751509
negative_control,123.87861910909405,1893.00254270576
Malat1,124.43429114687622,1908.6530474401736
Malat1,127.19979482251551,1828.3797049258
Rab5c,126.8607078597339,1901.6203899567345
negative_control,125.85530546003082,1900.3357142335008
Malat1,128.03095716622985,1822.0715526357355
Malat1,128.4533401797191,1889.1861249923145
negative_control,127.54457778902194,1889.5888455311745
Malat1,129.09960237686542,1839.2207910395036
Sfpq,131.21139058660555,1822.5375282121408
Loxl1,130.96464061675726,1822.4438090458625
Actn4,129.53056478498291,1912.060874188072
Malat1,131.87796296901195,1854.732024697837
Malat1,131.56063952920866,1848.9003574010528
Aco2,131.67763634774764,1869.261719041131
Cnn2,133.9221814972714,1864.1343722621848
Vim,135.74442551628437,1909.975561517644
Malat1,135.68685977199533,1835.728352995336
Malat1,136.99268429806563,1801.2122277393005
Malat1,137.97563853810902,1889.665255354853
Il1rl1,138.65017333878384,1917.295077933152
Malat1,137.66383599970885,1813.5195840720064
Tmbim6,139.77705883609184,1860.0936598170272
Malat1,139.35510795486505,1861.2225146260223
Mmp14,139.88329419571969,1869.189974099695
Actn4,139.97128313052627,1894.0313646517236
Il1rl1,140.16202307356767,1819.2827546718804
negative_control,140.99552024225082,1824.7332888143476
Malat1,140.9750520010249,1834.013494087873
Actn4,141.4741765667182,1868.2453414934707
Morf4l2,141.20506255413912,1813.6082010076807
Malat1,143.1028208325729,1820.69585614014
Psap,142.81240842428332,1823.9922304236952
Tubb5,143.89152656802398,1823.077935064105
Snrnp70,141.82396728062477,1824.022656959285
Malat1,142.76016254557635,1810.0643735363276
Il1rl1,145.07610664081434,1895.8450170537817
Il1rl1,145.57494816703203,1810.828258568524
Malat1,146.4185291124873,1859.5079770982047
Malat1,147.5932659672838,1806.4682932220203
negative_control,147.45956079577024,1890.996235705829
Malat1,148.09791033556107,1865.6227793478515
Raly,148.56661799704335,1865.0315323780824
Paics,148.24145281139928,1864.3797492288204
Malat1,149.16378034742434,1814.488404672894
Myh9,153.37583054093938,1852.420229316574
Mrpl37,152.4342228111598,1850.9901931179463
Actn4,151.60292127875312,1904.3558373338697
negative_control,152.23922459120018,1826.6974136774436
Paics,151.3391822240799,1902.020065866252
Gpi1,151.16360152037856,1900.0096753451269
Malat1,153.00631436521576,1794.388105522797
Malat1,153.29288429603565,1908.8804458407944
Malat1,153.72481419825863,1834.478441362801
Ckap4,156.2424517323598,1813.396694951074
Malat1,156.374084197835,1918.8978736076572
Malat1,157.98491327242974,1806.5756416975191
Actn4,159.1193931652306,1803.6642393879215
Malat1,159.6007748869165,1815.3998865332896
Malat1,160.6219598364058,1904.004139157423
Il1rl1,160.71623109401838,1848.907001762292
Malat1,163.345195879022,1830.3001651817196
Malat1,163.53452938403845,1812.2107868415703
Morf4l2,165.04217698768272,1809.27676322788
Malat1,164.2692517155533,1844.857605351558
Malat1,165.13424852774332,1873.777661516604
Malat1,166.2942172016405,1838.17052201816
Mmp14,166.5104700992053,1846.2458636750357
Malat1,166.3945831678363,1796.3547040867356
Malat1,168.39666176005483,1801.509867951865
negative_control,170.9999358562261,1817.2646848568884
Il1rl1,171.06201751044506,1822.516288451343
Malat1,171.83666322022785,1860.849441377584
Malat1,171.61501809144454,1887.3924537407468
Timp2,172.0418121165901,1920.824292059688
Vim,172.44420051469314,1921.1748519459932
Malat1,172.72552000049197,1831.8496262273025
Malat1,173.35357304510197,1842.8580378615288
Malat1,174.93324282927102,1796.813755651718
Cct5,175.34461316875723,1818.276852339788
Vim,175.21465990459131,1817.395829816867
Malat1,175.52713854884686,1817.7454737295188
negative_control,174.1241516146735,1817.914991484345
Malat1,177.22139938710598,1921.9355663160345
Malat1,178.13488257255932,1804.337446078036
Malat1,178.30368035996185,1861.8135982471117
Malat1,177.88772155033888,1822.3844201600173
Malat1,178.71950695638645,1828.2224783479708
Malat1,179.64268571549002,1813.47088426192
Il1rl1,179.34880759274168,1874.6167496320072
Rab5c,179.2309393431347,1885.60883700239
Malat1,180.6645436389995,1926.8651479385687
Morf4l2,181.76247268182624,1824.0825890102487
Oxct1,182.2342971458695,1824.5713227272647
Il1rl1,181.61801344229428,1889.6405525313037
Malat1,182.90446804384027,1892.4947497581152
Il1rl1,183.0319258440229,1869.7034199385805
Malat1,183.25704921535123,1928.8568761203376
Cnn2,184.44163963944416,1795.2840456700424
Malat1,184.66440168400024,1839.2008996552984
Tubb5,185.8859317885918,1841.5061697968044
Malat1,186.3502801463665,1911.682451700516
Malat1,186.9460867020229,1894.7513822259511
Nudt9,188.42024816983647,1847.9832674049449
negative_control,186.51948248373023,1908.9894775900984
Hspd1,186.5947522887321,1909.1606862805977
negative_control,186.22610117304927,1909.9674221437472
Il1rl1,186.90537933397,1811.73968446314
Malat1,188.45031692034075,1842.385884276662
Malat1,191.9039086493565,1834.9608838368877
Malat1,191.95752743992745,1918.449682362336
Malat1,192.24230909714132,1930.748515324912
Trim28,189.7001018782481,1930.7589786496776
Ybx1,190.6501921075485,1930.6218026431663
Malat1,191.9567052130893,1817.3032252500536
Malat1,193.48309742975312,1807.9524793865585
Ddx17,193.45353568271403,1828.7627759907127
Il1rl1,193.46948308024375,1827.2291821435956
Malat1,193.52111976157207,1823.7081495654927
Mmp14,194.63810832026095,1874.156031411827
Actn4,193.852665908703,1898.5754685586717
Malat1,195.2733986128624,1829.003573312477
Il1rl1,195.52992872457943,1857.3954769543843
Malat1,198.22708563433065,1915.6995899542555
Il1rl1,200.28064090082228,1919.6404025814363
Malat1,200.62317630029952,1814.644707028139
Malat1,200.60145322476865,1831.4640327949417
Malat1,201.4784501540509,1903.15846107711
Cnn2,203.38282056736807,1908.4087762455308
Malat1,204.23140138160457,1861.470690551298
Rab5c,204.4014920176204,1886.081851142177
negative_control,203.9559272211934,1819.009643156814
Malat1,204.33746463666805,1918.2171278873957
Malat1,205.1532563269162,1834.2848256520897
Rpl18a,204.0643709249568,1903.9268643404537
Malat1,206.7327543177026,1887.7955388324576
Psap,208.0503819986808,1854.34423982383
Malat1,207.04206975026872,1802.842216175964
Malat1,210.3946722495992,1820.8617629248888
Psap,211.21100454124343,1821.1262721777032
Malat1,212.18292530892933,1856.89816995497
Malat1,212.7007466592325,1887.000866816019
Morf4l2,212.476665001882,1889.9028394907043
Malat1,213.51704769688476,1873.67641082906
Vim,215.7345814257561,1828.1067731205453
Sfpq,215.7429841975733,1828.0732440283907
Il1rl1,214.80408225107053,1828.3149994029204
Malat1,216.01078586128213,1819.4554700099663
Tomm40,216.26210017870383,1883.5075497565044
Malat1,218.47109958771952,1881.0736819356875
Malat1,218.62524877579915,1899.6346318417404
Malat1,219.66870884777413,1866.4730957059624
Hspa8,219.10907388938523,1830.0623056643728
Tubb5,218.70389954555856,1830.5366440883524
Rrp1,218.9645988811259,1828.4713318928848
negative_control,219.5257923217506,1830.5129933445032
Malat1,220.85153423961813,1876.7613337474488
Malat1,220.67237433139687,1904.6248138442877
Rpl18a,222.93325857788145,1825.547998668258
Malat1,221.9376213307906,1824.145900130021
Malat1,225.9283535629724,1874.6666437495533
Malat1,226.4728477073981,1908.6143861160808
negative_control,226.5483219635608,1897.4904917500924
Malat1,226.32735644914996,1829.683168753272
Malat1,226.8308032718178,1841.0412261108636
Il1rl1,227.22442814207997,1881.8936859248563
negative_control,228.1156957301357,1912.7928694511147
Hdgf,231.15438902207416,1860.4948057534216
Malat1,230.99599945012565,1861.6534879289784
Vim,231.3303957047371,1860.543494064549
Rab5c,230.876704872922,1888.7616189606213
Malat1,232.2596524864502,1908.7547474483888
Il1rl1,234.10241854113616,1879.0591585561788
Malat1,234.3042311655965,1868.207768894228
negative_control,232.89361533052949,1849.6823946232864
Malat1,234.6094202700009,1840.3619041950265
Malat1,235.4136698154909,1893.9620831204272
Ncl,235.2080743243733,1907.2951279225736
Malat1,235.96728145532265,1908.249714403732
Malat1,238.0999056768743,1874.192091545967
Cnn2,240.54172448122236,1876.0948599956992
Actn4,240.36585230509965,1854.152788635918
Malat1,240.4408694110168,1894.536234238937
Malat1,240.7630389809318,1886.319701829156
Malat1,240.75378806545936,1863.7413231026544
Malat1,243.7128417706993,1902.2542731173407
Malat1,243.9271465392245,1895.993767308529
Malat1,245.05878556181167,1869.3599869686868
Zyx,245.81558550301085,1879.6455084788024
Ptbp1,245.25147036248364,1880.7778659151336
Malat1,246.0352466048273,1863.6600425245524
Malat1,247.00911649583915,1898.457169684165
St13,251.74210497794715,1873.5749035034744
Eif3d,250.33384391076208,1873.6425576071972
Myh9,250.7532345550405,1873.660821027128
Igfbp4,251.19138514727825,1873.2375551373236
Ran,251.02540634143745,1872.121521239647
Pdia3,110.97273587583236,1865.2581998394144
Tubb5,114.24932662805456,1856.1634421141243
Cct5,116.29481482296192,1840.1641165143528
Npc2,117.87343563678245,1844.1489856708672
Pdia3,118.70173862354687,1869.833674626947
negative_control,119.91639966490236,1878.790670914873
Npc2,121.3186278878978,1900.3165208115415
Aqp1,121.69519170702056,1891.826239512872
Tubb5,121.68174973746324,1826.024340249312
Tubb5,123.40869982155786,1835.8061739726
Tubb5,124.3797457135816,1892.4843136182888
negative_control,124.9045452548714,1830.6341275310576
Tsc22d1,126.20713774750588,1897.8204454064007
Tubb5,125.93919607691348,1911.3591601120877
Hspd1,127.41419803017853,1810.46353292552
Fkbp8,130.6803861771839,1863.6528208697075
Tubb5,131.2389269629955,1886.582889811221
Tubb5,132.98551997166837,1813.5679461479929
Tubb5,132.4111748169696,1901.4710602061168
Pdia3,133.1983233583387,1828.0861437980868
Pdia3,134.7644523071177,1879.385422329376
Ybx1,135.11873609261465,1890.6077469263869
Npc2,137.23381563211973,1902.9105819433107
Hspd1,139.0207061446382,1898.638711488968
Tubb5,138.27123115242193,1833.1240562128412
Timp2,141.98019604592085,1849.038193226379
Mtch1,142.92107520215183,1810.4160698152089
Hspd1,143.8781412313581,1820.045501088692
Tubb5,147.52073094469893,1900.088587386677
Timp2,149.80641935494498,1900.7101048941863
Npc2,149.02840682982304,1889.6422428021565
Aco2,150.1848963975038,1800.640265788437
Aqp1,150.09704646217455,1862.184431816372
Ncl,150.13436577746637,1822.3241631060705
negative_control,149.75057807769798,1823.506823074781
Pdia3,151.1414648000417,1841.3386614811025
Hspd1,153.62344303390356,1909.9146644141117
Aco2,155.43175442584254,1909.2236309978905
negative_control,155.83569185472916,1910.2003318078755
Npc2,156.18569275498962,1902.4928177657569
Pdia3,157.24550068771848,1854.9121979850268
Tubb5,157.64993129445935,1810.723161783653
Mtch1,161.0791340399091,1857.2042283005608
Tubb5,161.53842717737527,1835.9233948559956
Tubb5,167.05424970194537,1842.3853172207612
Hspd1,167.5246797687495,1913.8808542475815
Zyx,171.0708105722771,1854.585984428326
Thy1,170.54802285469847,1854.8683021439488
Clta,169.82027344679662,1854.1501248413017
Pdia3,170.7785959558407,1852.1764554985125
Hspd1,173.16497339567078,1796.6072979270048
Prps2,174.44514963435338,1906.5267586032696
Npc2,175.2829303777193,1889.071628587743
Pdia3,175.72643755465293,1811.563299790677
Tubb5,178.11073694973794,1921.3228275132765
Tubb5,177.7106506969202,1838.95842738618
Tubb5,182.12742880437636,1816.1052017077468
Mtch1,182.5809701869836,1882.6380151341757
Ybx1,181.63842735039785,1882.012736964136
Hspd1,182.8998563292866,1915.9913645863885
Timp2,184.83134194773487,1806.2460926033768
Tubb5,184.49161536137345,1885.2561890059928
Fxr1,187.01443023452487,1827.6045255897511
Tubb5,186.76880934134851,1828.802979428969
Tubb5,188.20436145029265,1891.8547376704676
Tubb5,189.608170593206,1801.6809714585088
Tubb5,190.6551556079745,1795.5559260765183
Pdia3,193.72056739017452,1843.0186143384904
Tubb5,194.15135945712612,1833.984547985825
Tubb5,198.6441516931202,1904.794433426365
Rpl18a,201.8557916345324,1803.3410746946709
Hspd1,202.58229303702888,1833.6820891056484
Arf1,207.1642585559748,1903.5565910776463
Pdia3,207.20011127600884,1827.310928162758
Hspd1,208.25604083914783,1873.8908086107976
Rpl15,211.0359933378897,1850.5663724652263
Pdia3,211.51778330851076,1822.1192742227067
Mtch1,216.49866959953684,1825.3510645593365
negative_control,216.796399756766,1831.088975816096
Npc2,221.10662039888655,1884.0967048193936
negative_control,221.3900115494562,1911.287529135849
negative_control,221.501442964826,1910.493993408268
negative_control,220.71762173231383,1912.1144361467152
Tubb5,224.27050172003703,1890.6717789986544
Tubb5,224.94761592738053,1873.5151200843895
Tubb5,225.51661891647973,1882.250374458161
Npc2,227.485540661595,1830.776656479791
Mbd3,230.82242052106704,1903.6181273726245
negative_control,229.96819145372612,1903.301420016154
Hdgf,231.55078204431868,1902.746332451758
Stip1,230.38378550549663,1903.8719426376915
negative_control,231.19674356504,1902.769021119636
negative_control,230.5012495659808,1905.3608594552124
Lrrc59,229.3309302270127,1903.1088176624576
Npc2,231.12724516317087,1863.6042654939488
Tubb5,231.6306141381201,1846.4608886975643
Npc2,232.13160615173095,1876.1162447824504
negative_control,233.2496229972901,1874.4820639350785
Sfpq,233.03768245608475,1874.780364562146
Pdia3,239.9916981137513,1853.3705409471545
Tubb5,240.261295251823,1855.632892869857
Mtch1,241.8208344139126,1890.7456981448145
Snx5,117.14139912142274,1893.20143866724
Stip1,123.84489854146784,1854.3223619929788
St13,128.68053857806095,1828.373816846596
Mdh2,130.1265605089311,1877.5051535908224
Zyx,130.57994410577254,1876.1118866932795
Stip1,129.06578430356538,1876.691225108746
Twist2,129.78121745762968,1897.5927359496309
Ncl,131.34706633985232,1808.9176918933915
Snx5,134.10772296467155,1862.2289001859003
Ncl,137.4778369667032,1834.6411641607551
Ncl,142.10240314744811,1866.516800536544
Snx5,144.9925897169366,1891.5575404295737
Trap1,146.5584769497163,1819.9047496860735
Ncl,150.9722931453136,1833.24113965478
Ncl,158.8251616467027,1894.4163537311724
Fxr1,161.36147849937294,1797.603422558695
Stip1,163.9418939197667,1847.2225671150024
Hsd17b12,164.91379517463304,1812.8347525308384
Rrp1,164.53067603340446,1850.177100657032
negative_control,165.80906154408237,1922.7113012530108
Stip1,171.76614067672986,1798.3602756679402
Ncl,177.19032926943788,1819.3060943770677
Hsd17b12,180.7200732251577,1831.591387020129
Ncl,180.8735685635133,1921.774686864479
Snx5,182.56964082022955,1851.5142931742844
Ncl,183.03297570680127,1844.4351874943764
Rpl15,185.4421550818336,1899.910855344753
Stip1,189.1439942648654,1840.6847570468508
Ncl,189.5382795624096,1854.6807469301864
Rrp1,193.71947865807277,1868.408638454728
Hsd17b12,193.8495495876808,1872.2744319181572
Ncl,197.1723864901976,1909.473578515181
Snx5,199.0104043510432,1928.461724630936
Ncl,203.58545373361076,1812.6238337040536
Oxct1,203.6353895464268,1931.0078011230053
Stip1,209.02897699607885,1821.7333808583871
Ncl,210.72540210822183,1897.333328843234
Ncl,212.33586709995492,1926.9461655067137
Ncl,216.4219285357768,1917.7433122026007
Ncl,217.2204207152949,1921.286534062359
Ncl,219.3337403458304,1838.4034128393575
Ncl,221.99476480406412,1823.6587534197624
Oxct1,226.37296708055743,1849.858607025934
Snx5,229.45458073297,1887.3096697366805
Snx5,233.7118131799373,1854.7232867114492
Ncl,235.42577805381092,1888.3975719543475
Ncl,237.72673530918556,1865.592561605422
Ncl,242.79951611033303,1878.6372889029149
Ncl,242.8530358453234,1886.9954465697576
Csnk1a1,243.36482945584544,1864.855568828394
Ppp2r1a,243.604013368051,1867.7644835574745
Gsto1,244.3790131524952,1867.7231156174632
Paics,242.0899775021967,1867.5740179934248
Stip1,247.51941361847807,1880.6886899670797
negative_control,249.1058284142508,1866.5750052047529
Hspa9,110.6064396105866,1853.5433001200563
Eif3f,115.2860682906792,1915.34842540951
negative_control,118.88268977310425,1862.7981855173207
Ckap4,119.82975706921474,1869.4303558668037
Hspa9,119.67981042329916,1851.3312217756804
Rps6ka2,127.9876353069911,1867.984445044915
Ptbp1,131.65553273267304,1815.3321584669332
Ptbp1,133.7067296670349,1891.3482799256767
Fgf7,134.16821127071188,1827.9437407116936
Gsto1,133.9984217776193,1827.3178864299744
Csf1,135.8620831700673,1868.1144394917
Ckap4,138.4528324060312,1875.3002785437184
Hspa9,140.66427485934148,1877.1452233055188
Ckap4,146.16078016751172,1911.4896174999144
Mrps5,154.22007090632852,1891.633963564216
Ptbp1,158.62992833941885,1881.9353720463828
Igfbp4,169.4951929354936,1805.2185309412475
Ptbp1,176.42051580006628,1795.631116947126
Rad21,178.60544002853743,1895.6820241087323
Rad21,179.26487946114474,1867.2315671508009
negative_control,181.17896879333037,1845.5013438630367
Ckap4,185.41894141161507,1811.0607831838352
negative_control,195.3987753756743,1837.8724478533009
Lmna,202.5135659136128,1910.539253551548
Eif3f,201.0045725503308,1910.536096731716
Csf1,205.154646065312,1822.8028010310748
Hspa9,209.9874491740665,1841.759208750439
Zfp36l2,210.4270871782776,1895.633279227011
Rps15a,209.39154052160225,1896.1582554144209
Ptbp1,215.7030526534677,1843.2444662130424
Hspa9,217.6461802696975,1910.7048775240764
Ptbp1,218.88350033932272,1907.9403691622572
Gsto1,229.86809175573737,1832.234067522891
Idh2,232.44586197673252,1906.7204635395128
Ptbp1,233.57805969584047,1872.744086420985
Rad21,237.07593583781116,1869.2786640772008
Mbd3,108.3041187808816,1872.5406540178928
Gpi1,116.06359867614164,1864.3223722541188
Oaf,118.36860052277191,1902.4354064598897
Polr2e,126.33703853303298,1829.5332346190908
Sat1,129.73085935899084,1821.645463907029
Gpi1,136.48973038489913,1820.6853148960784
Prmt1,140.46381142746668,1811.530006854021
Mbd3,159.81919570447175,1918.624631499928
Lamp1,161.75893451045053,1851.162949787216
Mbd3,162.63426710915724,1854.9283981849408
Mbd3,172.25104384624123,1915.9146234710463
Mbd3,175.87204147788492,1901.619572618302
Gpi1,177.26242128242896,1858.58405069171
Polr2e,189.93635535226457,1804.6100899745668
Gpi1,189.59927417556656,1836.6530127750489
Gpi1,193.6667323555571,1895.02052769195
Laptm4a,196.00412817017548,1923.132912966164
Gpi1,197.29777814181347,1928.9990207832627
Gpi1,197.50571260225675,1908.859184078768
negative_control,196.51377451192377,1906.3468068413365
Mbd3,201.26298261456407,1854.5260472143304
negative_control,201.8053683657481,1817.6364501205649
Gpi1,204.92423805225732,1797.6078271434076
negative_control,210.02886240917232,1818.2160630458245
Polr2e,214.83800368651572,1925.2542143356384
Rcn3,216.89163436831308,1867.121617914452
Laptm4a,221.0854531134873,1905.73744500486
Mbd3,245.67419891704387,1874.8004355941123
Gpi1,246.8887031230202,1882.5884866065649
Lrrc59,118.86263422831932,1914.9417942114824
Vat1,126.593024468889,1827.3096773022985
Vat1,149.7716734504923,1806.974380541669
Top2a,161.4884156507528,1840.10816387982
Lmna,162.8025849761547,1905.1576127799824
Vat1,164.1782412354849,1875.412366424504
Vat1,180.65198171072183,1812.66156896666
Cited2,186.04696999837432,1819.4570413691629
Vat1,186.22690725274435,1865.4687276941677
Ybx1,191.87787225470709,1915.553210284702
Timp2,196.1664672329273,1910.5661529212248
Vat1,196.19790402938315,1791.7551606484535
negative_control,200.923398633554,1916.2740553038584
negative_control,202.92844514668408,1825.2548212066604
Tcp1,203.40383186412748,1803.885355738865
Arf1,208.22830103528523,1830.556308823694
Trim28,213.13209479982825,1902.2223479133515
Ywhaq,216.27536217361944,1833.3127778070184
Vat1,222.83176097752408,1871.7086084287596
Rcc2,227.24609017318463,1906.776606707606
Arf1,230.5919964024111,1907.472894765576
Csnk2b,231.57205614280093,1885.949341909489
Rcc2,235.54537613394464,1876.5199419341895
Rcc2,239.7979412649949,1877.1032238075268
Ptgs2,108.95124670178332,1866.2242031507728
Thy1,120.02888406519904,1870.6530520540512
Ergic1,127.73531675523022,1824.795404753706
Pgrmc1,129.19761608135192,1859.3062259259536
Ergic1,129.9507191893282,1919.899341810721
Efemp2,138.69327159283344,1878.505521589365
Ergic1,144.9058996960297,1875.980002973598
Ptgs2,147.62552572007863,1827.7074808007649
Ergic1,154.22803051041282,1813.5909754556849
Cs,156.43422318086607,1821.673235846035
Ergic1,163.59782223850326,1864.1052733495692
Ergic1,194.63170205920076,1917.809766423764
Efemp2,195.31805697112907,1842.278237873392
Ptgs2,197.78284136516905,1853.2954550916013
Ergic1,205.92350215392568,1836.534667803391
Pgrmc1,206.362642150501,1916.1765304648588
Pafah1b3,217.01675813067823,1921.2749001418165
Ergic1,225.902540503026,1872.8933219745336
Ercc1,106.3172448106138,1843.722571495951
Hspa8,107.5793050497937,1873.593589573969
Hspa8,113.18421657190292,1877.011026967957
Hspa8,114.47226747366346,1843.0156287781083
Hspa8,117.80239607961116,1875.7557807534608
Hspa8,118.3480431378573,1854.5480479033715
Ercc1,120.30276025541929,1842.0601162041755
Hspa8,121.45347646820768,1906.134377789114
Hspa8,122.99796126307884,1843.7032124709283
Hspa8,123.70178306863858,1824.8370179220065
Oaf,123.69482854887065,1850.390361602892
Hspa8,124.89553366737654,1872.6521395757784
Mrfap1,126.60904152854135,1831.0430683334505
Hspa8,131.08449984294197,1901.76663199488
Mrfap1,132.70967853609008,1908.8177407596604
Hspa8,132.96987073707226,1895.373994741292
Mrfap1,134.63757012474292,1820.0681056293463
Ercc1,140.69223075759845,1868.4841195895567
Raly,140.7510318389893,1856.516812834298
Mrfap1,146.54617943499943,1796.729269597688
Oaf,147.85083341948305,1833.9910318704724
Hspa8,147.7037396542927,1887.711590893954
Hspa8,150.53026175087294,1899.1881450139936
Ercc1,151.6482778383097,1790.990448195174
Hspa8,150.80543111827677,1916.602096624072
Txn2,152.3795152633165,1904.5395329619191
Hspa8,153.9008233473756,1801.2363088398288
Txn2,154.4886302763182,1819.8489221778427
Oaf,154.555120679176,1917.005607468516
Oaf,155.6270075037553,1838.92812839912
Raly,156.68939936338194,1904.4328499609371
Ercc1,161.18210984479927,1922.2781134563988
Hspa8,162.1550670606658,1821.8294058677584
Hspa8,167.72296939627037,1816.690991405724
Hspa8,169.04762861248204,1824.7737158502964
Ybx1,170.27083319826852,1835.950571748148
Srebf2,171.2209602061061,1835.985490174816
Mrfap1,177.10621421841745,1846.5894171945088
Raly,181.22952399220924,1917.9937079317197
Hspa8,181.7696148625083,1816.3864265317045
Tbrg1,182.40062748733044,1892.687860022537
Hspa8,185.56535975900937,1886.205924004134
Hspa8,185.21248136009277,1898.9786392675528
Ercc1,184.8112631695379,1925.91855430899
Oaf,187.5819685717496,1906.745785183513
Hspa8,189.6969773374715,1899.269640219232
Oaf,189.2364882932585,1817.265069126341
Raly,194.1484291438137,1887.8685183503133
Mrfap1,196.43339576548212,1930.426058089648
negative_control,197.12022214568657,1826.0978040188936
Hspa8,200.9928463162005,1801.0952526094363
Txn2,201.47632531926584,1903.659208713136
Oaf,203.7600605291292,1830.172997777617
Mrfap1,204.5481982969664,1801.6822887722724
Raly,206.59865626412076,1902.196645000067
Hspa8,216.6676413089621,1852.4675358594536
Hspa8,216.5456100960566,1839.2172744402387
Vim,224.30690806574924,1881.0475277880423
Ran,224.07051751613545,1882.066339632152
Raly,227.5106622668996,1908.6778954712784
Raly,228.82499266262136,1877.4714238984795
Raly,228.37969374754493,1883.9906239628576
Hspa8,234.1217746263184,1867.8010118605616
Mrfap1,239.63260165915372,1873.2653993997776
negative_control,240.2052900504824,1874.2121327951688
Hspa8,240.79055309772448,1892.3976814417456
Txn2,245.55526999792932,1874.787836298756
Hspa8,246.77842292744825,1870.4910439453213
Ptgs1,121.66341269984396,1851.3784565336264
Zyx,124.05993695005282,1872.3619294364032
Zyx,124.46063704206428,1882.7163613998016
Zyx,124.7823864204535,1909.6621059707784
Lmna,125.45226261815904,1919.1933611056936
Lmna,130.8073854397844,1851.492765415396
Zyx,134.2697471120899,1883.759700244021
Rars,134.7317889481447,1817.0766124565455
Cebpd,140.14037281648416,1814.9195637511143
Zyx,142.9849784674625,1914.0840068082816
Lmna,146.29899008981832,1857.7851687003304
Idh3g,147.03082259893904,1824.980668906292
Zyx,149.4954069947053,1831.4707074621256
Lmna,149.27330351833405,1897.4480881960728
Zyx,149.70650618396203,1803.0791518065475
Mrpl28,149.8958393302035,1802.2693608056788
Cs,149.19272586135372,1803.870513801836
Zyx,153.2038334587381,1908.4073158245071
Zyx,153.7728069971698,1821.14254074736
Zyx,157.38829692390817,1895.735083364364
Zyx,162.2529399091215,1852.0767618732343
Zyx,163.09817195725518,1908.829504303208
Jun,164.990320764555,1820.7402881189628
Zyx,172.9467125417582,1829.66105614815
Zyx,181.8460974709984,1795.649505847705
negative_control,183.94127152525036,1831.758333004576
Ybx1,183.8512644382208,1832.6720875928456
Idh3g,184.84609531003616,1921.6754060082644
Lmna,184.67030704805356,1928.600125016096
Zyx,187.6145724307842,1910.4952168149996
Lmna,190.16953855859884,1829.8812612733927
Zyx,191.2862645108769,1813.93844147702
Lmna,195.9528479901197,1881.906602445064
Zyx,199.1141301828,1837.5913259408785
Zyx,205.7137978955547,1886.7630630150356
Jun,209.32078318211575,1880.4263311082616
Lmna,209.99610683638028,1885.945795454171
Zyx,214.047328364549,1919.107980373187
Zyx,215.450103783635,1845.4354152439907
Zyx,216.0165128555933,1830.3960659558288
Lmna,216.98954974754423,1894.125881526888
Zyx,217.5914727815077,1863.6057052892577
Zyx,222.21980712582445,1891.8173576948284
Zyx,228.91903410119127,1883.3386599520063
Zyx,239.2324023233056,1858.5738499281324
Zyx,243.94700111432144,1864.8975949761395
Lmna,248.2572381346084,1870.9075769016408
Msn,111.44258452222624,1881.9877920056836
Msn,113.06036427073306,1844.390652348768
Hdgf,121.56636987822954,1887.6048533230744
Tomm40,123.26379352735476,1868.6762291519065
negative_control,125.06871729827176,1900.724624658656
negative_control,129.30809825207513,1905.7315779325024
Ubxn1,133.7886788727019,1834.614139554866
Hdgf,135.50381994774904,1909.478583897536
Hdgf,145.86585501990194,1829.1433809388116
Hdgf,148.841114611651,1845.9424878180864
negative_control,148.59617592607492,1855.593462283613
Ubxn1,156.35101971459602,1822.0655247571904
Nr2f2,160.41743866895598,1912.252455102247
Ubxn1,161.52413719619295,1838.6667744124068
Msn,178.91910971763627,1803.6100244263864
Nr2f2,185.0120385670719,1830.681064032392
Nr2f2,194.10245685598176,1925.521039765908
Spon2,193.2282108387051,1834.2533791142675
Nr2f2,193.79992310218856,1832.603112353496
Hdgf,199.22310426961795,1797.493561613692
Ubxn1,200.4977750493749,1809.7983126799447
Hdgf,200.42389838873103,1829.0954724961616
Hdgf,202.77056977938597,1893.7464505919636
Eif3d,205.15826697439556,1921.8013762048768
Hdgf,206.13375476718844,1924.5776348821348
Ubxn1,213.04507076340755,1890.09342500621
G3bp1,216.0852581055491,1910.376928263219
Nr2f2,214.88573504837584,1895.7513805825115
Tomm40,222.68439610971797,1897.4959239493453
Ubxn1,230.065324315779,1840.9374090098709
Hdgf,230.077065928246,1897.2294622383763
Tomm40,231.2864205586707,1852.1030245382085
Psap,112.34010988150705,1841.387423201926
negative_control,118.74448827115276,1899.4650250360853
Psap,119.10050263150411,1873.6629297319143
Eif4g2,127.93923580139484,1830.650417612609
Eif4g2,127.73186559601136,1906.256925080808
negative_control,139.65718747282213,1810.374745614621
Ctbp1,139.31890088914378,1823.5063154865816
Ctbp1,143.07509010590977,1875.333208822442
Eif4g2,149.71851024382488,1809.1791810936863
Psap,150.58749617018714,1798.7535827021102
Psap,157.22295468067767,1894.012114649281
Ctbp1,165.62574795241358,1799.0353890001834
Psap,166.5659514187085,1840.561009204769
Ctbp1,167.86888503466898,1822.575586141036
Eif4g2,169.55296012956865,1812.7497974439984
Eif4g2,170.7837620287379,1804.4948198075
Psap,183.67638322293485,1820.5658734334584
Ctbp1,189.1763131750696,1921.231800978276
Eif4g2,219.2746095712496,1903.970637071046
Eif4g2,224.0120103259189,1841.5930558060757
Eif4g2,226.8575956513438,1881.4486880237032
Eif4g2,232.57117767709855,1862.6931208317635
Ctbp1,236.80974665054296,1849.7222055609852
Rps15a,111.8195683612566,1918.5666764942744
Rps15a,115.12347398386092,1843.2078449152548
negative_control,115.51177732149176,1882.2960742648004
Rpl18a,119.91810999544546,1902.795239309581
Rpl18a,119.44867911742404,1892.846748909808
Sdc4,130.02294600178362,1853.2718494267776
Prpsap1,130.50727251302413,1878.064275601128
Puf60,130.442737612068,1912.49571816998
Rpl18a,134.70083801154863,1814.879972721254
Rps15a,142.67681858055775,1850.9445837496544
Sfpq,145.465252236357,1843.8870554257992
Rps15a,148.78272633853916,1833.9957574935331
Puf60,152.10049854108712,1798.120612644978
Sdc4,152.16987736767732,1886.7338654153623
Rpl18a,156.13555486282326,1918.925436045375
Rpl18a,158.06231786152014,1867.594979529549
Rpl18a,159.494916526938,1800.5581750654476
Rpl18a,167.3696186102669,1911.969710535176
Rpl18a,167.96591611667938,1917.2633970210395
Rpl18a,170.01449216110967,1860.5691282697564
Sdc4,170.11414944697003,1820.3749802178208
Prpsap1,172.81113798443107,1927.6060192544203
Sdc4,173.35071728274184,1850.2049328753228
Ran,179.9662123379516,1922.133129419847
Rpl18a,180.1672852511328,1877.375608039903
Sdc4,181.98520618086727,1914.5598831270304
Rps15a,195.72205700931863,1882.1632796088236
Puf60,198.84940169958367,1921.880901748765
Ywhah,200.5003154604804,1868.8596315308944
Rpl18a,204.49331204619503,1848.99739179432
Rpl18a,204.9313988950746,1885.1711376898515
Rpl18a,210.799536705494,1926.702938521104
negative_control,211.01282546522697,1928.1683937014836
Rpl18a,212.5942299108177,1834.425728835943
Ywhah,217.40820659475105,1864.4808360687664
Sfpq,218.86295613619325,1847.8840830623749
Rpl18a,221.16262535038015,1887.3065721535752
Rps15a,224.56482413146807,1874.3389312318068
Puf60,227.73543225611587,1846.1188835023995
Puf60,228.292845751008,1833.1118246215497
Rpl18a,229.0425946001216,1837.905290823064
Rpl18a,229.9879579142712,1897.2580867564916
Rpl18a,230.5296642151601,1852.1979557426312
Rps15a,234.3248963783361,1854.75191865692
Vim,236.41394416987865,1867.0212084218044
Rps15a,235.77230948300524,1867.6566150667863
Sdc4,241.15810325561415,1887.1857952371552
Sdc4,242.0729947069184,1904.9990071663055
Arf1,123.5941370659258,1888.4985119296289
Arf1,142.4028546563915,1816.857371832098
Srebf2,152.2594710243363,1848.0976704911557
Paics,178.67338608922472,1876.035837977553
Gsto1,182.6332571303962,1804.2590235924692
Arf1,183.12852128850568,1806.0963508021923
Srebf2,183.67791935309185,1887.3414314529596
Srebf2,188.16480832752072,1822.2566730934957
Paics,191.6810709884536,1928.1452647439264
Arf1,199.9630669347781,1896.6976682089307
Srebf2,207.39899410733784,1821.815881871384
Vim,214.79296918525057,1869.4827040754087
Arf1,231.1961970398354,1880.712096255576
Arf1,232.7898234863303,1870.8035767070733
negative_control,117.07055629560033,1864.7242812488496
negative_control,166.03859881116455,1874.7123879990288
Nfe2l1,116.9066677508646,1895.5938790057676
Timp2,125.01804020251404,1877.374672147515
Timp2,130.86900687395558,1844.9075929808787
Nfe2l1,136.63869337192887,1854.376249965289
Timp2,144.18462466709934,1882.6023477194408
Timp2,144.69611088214822,1840.380772318756
Nfe2l1,161.37692845818847,1804.7764718945175
Timp2,179.32309103209178,1884.0430488895825
Timp2,195.94095290923997,1853.1406580514213
Timp2,203.1931777750625,1859.9427774042665
Timp2,203.42312347854465,1836.1765284712176
Rpl15,201.76461259192385,1836.8777750554605
Timp2,206.95044361560767,1826.7661293182616
negative_control,220.5729639032164,1912.974622463667
Sfpq,109.38933672204791,1882.313420504854
St13,110.32761466574009,1840.0390604725449
Sfpq,111.2533784335632,1896.9080824051716
Spon2,110.54052205470772,1872.1556720821911
Ssrp1,118.59419607785256,1830.159450575472
Sfpq,137.17357717638987,1894.797052449426
Csnk1a1,155.5855434580104,1884.985305838508
St13,160.9062464753256,1811.865401651568
Sfpq,165.03913105635934,1833.5110275352968
Hif1a,167.01834418221077,1824.2331006043944
Sfpq,169.59899400492452,1834.6981171690984
Sfpq,173.68522328647134,1837.807190596006
negative_control,174.5434294220504,1831.4014169595007
Csnk1a1,178.59859369102176,1831.014214662026
St13,183.7503321294232,1804.7668604662108
Maged1,187.7556915150165,1855.2276071499427
Csnk1a1,190.26905643601376,1805.0631265993288
Sfpq,192.71280387850132,1826.379074989174
Sfpq,202.79672267877237,1839.000809213151
St13,203.9128807236976,1911.4816635773768
Ssrp1,204.01678781354315,1859.1239811648084
Sfpq,213.3469426917492,1834.0631514372017
Sfpq,216.95361144049696,1832.656892568704
Sfpq,229.61389551365284,1850.4175215769776
Ran,125.21783133891417,1855.8658028525697
Lamp1,126.24633319817156,1851.9727957213404
Lamp1,129.48026144231125,1902.1420359008348
Lamp1,131.10271584651372,1885.608207111588
Lamp1,136.42119602404293,1892.2931462121255
Cs,138.99297654107957,1903.6512737300563
Lamp1,144.66542616391803,1820.2256128275412
Ran,145.37876220123624,1883.736222419613
Lamp1,145.59805997553494,1860.1571159010896
Lamp1,146.36187020593087,1842.025272736786
Ran,147.05120188982283,1815.5973184905436
Ran,153.02030491784444,1845.796000925783
Pla2g4a,157.63875699673594,1809.5800851957529
Cs,159.6864181618962,1844.2414571347424
Lamp1,158.7648699423942,1912.1386866547448
Lamp1,173.66182411264194,1837.445907387498
Ran,182.12121404798188,1845.5071705077607
Lamp1,182.0498599645064,1834.928789454351
Lamp1,204.62758529505143,1836.4682664451332
Pla2g4a,206.0377698561454,1827.886552789112
negative_control,218.06581918498136,1916.3892423305176
Cs,220.68667440995287,1841.6064670441688
Cct5,133.58450232362702,1858.7796078939612
Prmt1,138.22148418948234,1842.8702112639223
Zfp36l2,145.3261865620724,1823.483135104202
Cct5,146.43229415130423,1796.3347179369623
Cct5,148.0614130113899,1807.9168707685585
Cct5,156.23737709729866,1901.5047190574928
Prmt1,162.57727997192802,1810.060144028353
Zfp36l2,164.9957863448337,1813.271433869289
Cct5,165.892715360879,1834.131338558641
Prmt1,187.79013253107877,1919.124876767925
Zfp36l2,193.2712161610005,1859.9925171216464
Ppp2r1a,195.6191944161512,1895.5590571610544
Zfp36l2,195.48254669944936,1855.1379222403389
Zfp36l2,197.2344040584373,1859.2402625375885
Cct5,209.65428889037676,1865.567418847212
Cct5,211.8012320867967,1851.349874649325
Prmt1,219.0704728745166,1844.880002878142
Cct5,219.1500370180476,1915.331363739877
Cct5,223.63983743996044,1854.712484065084
Cct5,233.25768602030436,1853.1531000095829
Zfp36l2,235.61891102746023,1894.2016181624529
Prmt1,245.6741658575471,1883.2800734983784
Mdh2,135.23739741653293,1829.716328341557
Tmbim6,136.75600522780934,1819.3419799591547
Loxl1,139.08330532749775,1888.7735237375289
Uba1,141.1649595041743,1857.6839128553845
Nucb1,140.17366816190204,1839.9703998614052
Nucb1,145.5521579942121,1858.997580732864
Mdh2,148.21573234056734,1865.5084826564175
Mdh2,148.75016109862852,1825.4715750259445
Skp1a,154.327252729766,1919.350627289936
Tmbim6,157.20214739423284,1831.8550842903344
negative_control,158.16470172696063,1825.49130567178
Tmbim6,174.5433040000393,1825.3575175619496
Mdh2,175.43688918691907,1923.547757360616
Tmbim6,180.417986426371,1891.117807972761
Nucb1,180.94157555240872,1836.4487759874771
Mdh2,183.97385649807225,1858.972793775475
Tmbim6,183.7514710025967,1842.1940180341312
Tmbim6,185.356892912792,1913.2802361346248
Loxl1,195.7170729294917,1864.8874263413768
Mdh2,198.2637239103645,1800.6934471671154
Tmbim6,200.50952183673243,1882.1297992992331
Tmbim6,210.32897006269573,1855.8354394655687
Loxl1,212.1993199865082,1879.3244127303776
Mdh2,235.596543028216,1895.8604669805757
Mdh2,239.1201423174008,1861.725990674358
Fkbp9,119.06630443631776,1901.937816012596
Myh9,124.55915851530936,1914.1499667874225
Myh9,125.60475772593212,1875.804317345952
Myh9,132.12124463763783,1841.0921828927903
Thy1,132.922092513822,1829.3007351152569
Lrrc59,134.01479720907483,1904.313151876337
Fkbp9,135.8270569754113,1801.959168208886
Thy1,135.86883184254177,1811.5406920437515
Thy1,139.1630687793113,1886.0636220235745
Ptgs1,138.98988253872176,1819.330084526744
Myh9,140.58477031618708,1825.0494178941324
Myh9,141.03411842335248,1802.8428412562453
Thy1,141.8038656832329,1901.668206490482
Fkbp9,142.79457031138452,1838.958141291844
Ptgs1,145.2859422825888,1887.8315456559924
Vim,147.76028623205437,1803.704322958452
Ptgs1,148.8338942410622,1841.8619768532965
Ssr2,149.99862513717338,1870.4695757849815
Myh9,151.84238962585633,1903.0941629735685
Ssr2,152.60218998548726,1836.6622895107537
Ptgs1,156.46596344418293,1908.004980495184
Ptgs1,163.17165003824977,1907.0765685068068
Thy1,165.48085827934517,1807.331225801188
Ptgs1,169.65897289638363,1816.2375133644116
Thy1,172.46492027085748,1811.5192816868985
Lrrc59,174.6414670411649,1921.626881623727
Ptgs1,177.8456355391056,1900.788075734287
Myh9,179.31281042072752,1926.9602538143256
Thy1,180.895558135928,1915.4962025962864
Thy1,182.98130585293023,1799.3365157573164
Fkbp9,185.0651593239496,1855.998542881765
Thy1,192.6686524615056,1867.6992027656252
Fkbp9,193.11418055144335,1904.185166825228
Lrrc59,198.2151709708088,1891.6390126024548
Lrrc59,202.8988781048697,1819.799105777976
Ptgs1,204.23004908342,1902.3743656373167
Thy1,211.521161138463,1906.5390205046692
Ssr2,212.3700768570968,1874.2500768293085
Ssr2,213.38914482175744,1829.333909017476
Ssr2,214.990909495904,1868.892849157288
Thy1,216.9459915546943,1841.7893273942184
Myh9,223.15477865003567,1840.0585937316268
Myh9,224.554653898618,1844.855319008943
Lrrc59,226.7530753233079,1866.2023097481288
Fus,226.7530260038763,1899.3560207997264
negative_control,227.4594038982551,1899.167596716226
Fkbp9,229.6401827445112,1878.192534923972
Lrrc59,231.9479156297155,1838.0696214292136
Thy1,233.63412780422016,1863.24741920823
Myh9,245.453631251006,1888.3344724253864
Nap1l1,106.78599645642048,1915.5839366352543
Uqcrc1,110.33273539782653,1886.2852090681065
G3bp1,113.82159201837943,1835.6904854935
Gsto1,117.10545154783964,1850.1682594806289
Gsto1,117.73225526525012,1895.0602305038224
Gsto1,121.88989051326286,1916.188129857769
Gsto1,131.04682352783564,1905.8232593296411
Gsto1,149.2808213986635,1811.81909134142
Gsto1,163.1787864411923,1823.952280245781
G3bp1,166.4002179655365,1916.19613586208
G3bp1,174.6030268145491,1819.4612265999235
Nap1l1,175.7672499583539,1926.008841659578
Gsto1,178.60593177562,1847.340250881248
G3bp1,181.1749861729957,1809.906634638675
Gsto1,189.42635720539045,1889.625518984275
G3bp1,191.78751335406548,1837.7838566992195
Gsto1,195.40697689023307,1894.1829170960884
Gsto1,195.5459139519928,1820.8621224449855
Polr2m,202.56825106485076,1913.530189503824
Nap1l1,208.8713189224225,1904.152680129028
Fgf7,225.76019769555643,1853.2353900085595
Mrpl37,118.74551723551988,1866.1742300791304
Hnrnpul1,119.36958377467388,1883.9975508553064
negative_control,201.54056518958268,1921.6496530496613
negative_control,223.2656176992793,1883.449664188926
Hnrnpul1,225.22556094328817,1847.112726265621
Psmd4,143.45611793649164,1887.4593299667515
Sf3b2,146.85928152795762,1809.2169084732973
Sf3b2,153.11671076792294,1886.756122796803
Sf3b2,153.20400327113452,1899.4039147745837
Mrpl17,217.8988545517372,1841.586664315384
Psmd4,220.0148663720108,1904.0142810426787
Mrpl28,143.14143235282666,1817.38283928754
Mrpl28,167.97307200704915,1852.2903062702787
Xdh,220.41726692182,1910.4004543403123
Vim,108.0192475095511,1846.965771015973
Vim,110.37501441554537,1894.7104514732764
Vim,111.36482920303648,1835.494777150012
Vim,112.57846300330876,1878.637207422251
Vim,112.42872698957106,1841.60269924595
negative_control,112.17660533532056,1871.6600257123323
Vim,112.9695259961664,1867.6346046691149
Vim,116.7983313107539,1844.1724548383452
Vim,124.93595944422492,1862.543227138338
Sec13,125.72701906510925,1893.7094926883256
Vim,125.18502053761156,1910.8797424472227
Vim,126.50085538351306,1906.3354083485665
Vim,127.17366006795832,1849.5358902488715
Vim,131.07633965283867,1880.8309958001728
Vim,131.7109814614754,1887.4367149807165
Vim,132.0009971582785,1826.264914170917
Vim,132.36962307777418,1864.9815877597157
Vim,133.17326060865025,1900.5995632939384
Vim,136.330836327705,1812.244648822234
Vim,138.507805574509,1862.0711389858352
Vim,140.95269356984932,1834.4913680125264
Vim,141.28339275997237,1877.682374794236
Vim,144.96060661162505,1858.6260631204284
Vim,149.1686384910139,1823.8263205239373
Vim,149.29790882992364,1820.109438601248
Vim,152.6134654520646,1906.6576118620137
Vim,153.722365534964,1866.7698106926816
Vim,159.5242793850254,1810.0839201986137
Vim,160.3422708168269,1813.884492471924
Vim,163.2502325474655,1925.6815621784312
Vim,164.50655534212962,1807.7516527939115
Vim,170.64963635785753,1810.752558669692
Vim,173.34500230084356,1850.6204258415876
Vim,175.34836525033725,1841.1200197422847
Vim,176.08437543689303,1927.317958698245
Vim,176.60277488132965,1806.1529951403852
Vim,177.27317862586793,1829.4930334459516
Vim,179.4410227091226,1838.90892896631
Vim,182.74907849714063,1820.2825443634235
Vim,184.94497409139876,1913.6077490861312
Vim,190.84472762946905,1815.9263866473884
Vim,194.8245170994419,1792.450063241292
Tnfrsf1a,195.15751615777717,1891.2163853209345
Vim,197.3155153176509,1884.638160003861
Vim,199.2764155771517,1827.5009209331183
Vim,201.76242591815029,1823.692503683652
Vim,203.31727112125012,1857.905147756201
Vim,214.5868685886025,1834.8871182413916
Vim,216.87585498208816,1877.9065462956428
Vim,219.67344441338636,1823.9608958965189
Vim,223.1763412029632,1891.0687141762287
Vim,226.58594985380483,1914.425793162124
Vim,230.7352264787405,1853.4439200638988
Vim,231.2951253133506,1846.302505038345
Vim,233.04701786453927,1907.4017776295327
Vim,240.2281514317308,1887.9197300184528
Vim,249.39031031769983,1884.934319061561
Maged1,114.01760324769528,1845.9723865338392
Uba1,139.32146134375213,1811.9502133495992
Psma7,173.22775081750336,1857.6813217208985
Psma7,182.85265438121084,1870.2373004989463
Trim28,196.6389423938071,1892.8841372120955
Trim28,203.66425378865543,1810.629929441955
Psma7,214.88344906122109,1821.259442832068
Trim28,239.67341721991804,1871.0025539743128
Kars,114.85994504469296,1915.2549173061284
Kars,147.327539679813,1883.259888985458
Kars,174.24942237928437,1804.213440887076
Kars,185.078040391998,1804.510440880888
Kars,194.5180003512463,1910.7175398547768
Kars,196.70016655890103,1893.7872498557613
negative_control,228.04541519772891,1909.891769384277
Kars,248.25094798348135,1868.727776447063
Pdha1,116.16683889586608,1862.9871674891413
Ly6e,153.6630236490978,1813.7184793910997
Clta,161.3366458593098,1808.0991678733872
Ly6e,183.0387335435285,1802.478807846652
Clta,192.42605126933256,1897.3113448555043
Pdha1,199.7116738854005,1842.0570469200009
Nudt9,114.85088564968896,1886.999071872868
negative_control,239.7590337472681,1894.680524071072
Rpl15,107.72036047576128,1859.410020473689
Rpl15,117.89866023073728,1855.1634289386516
Rpl15,122.74651290511378,1894.2075259665653
negative_control,125.98896117796689,1859.510557473657
Rpl15,125.75923572782386,1824.719766010004
Rpl15,135.3287519014824,1875.0903418411035
Rpl15,138.55194017485283,1898.4249397934177
Rpl15,147.7298764737189,1874.5500466588956
Csnk2b,162.02036262751466,1813.561626144706
Ssr3,169.142726548038,1830.5587494742715
Ssr3,179.510389208598,1814.891852737775
Rpl15,193.2545113716868,1812.536718519608
Rpl15,195.75331960282887,1794.7889341107712
Rpl15,205.3984119490709,1875.357078995244
Rpl15,215.9623644720648,1821.6652153194748
Ssr3,221.7590328459915,1848.3184809868771
Rpl15,227.22856269212235,1901.4648098599216
Rpl15,238.4315627895733,1855.847836175728
Csnk2b,238.69993401178664,1894.301164454843
Vdac1,118.41531916847256,1849.8018350641837
Fgf7,144.63929579623962,1875.7990546742176
Fgf7,189.94888102511396,1793.6269878431344
Fus,147.6592786212343,1871.5703774165056
Fus,153.35860225684547,1807.4400581169264
Fus,174.3979096856781,1924.4156883862784
Ywhaq,179.54029493798507,1919.7312401091824
Fus,189.0835713888137,1905.872768049176
Fus,230.97857008582048,1917.295289503748
Mrpl12,247.2721338461608,1888.343004201403
Grina,111.25266936852964,1866.2205402299403
Snrnp70,165.15873643898095,1811.1536337729196
Snrnp70,191.73777922561771,1867.726070656191
Snrnp70,198.653419180766,1833.645724868416
Snrnp70,209.0214905264976,1824.705082157595
Snrnp70,214.70417524645111,1838.269685369602
Snrnp70,224.1267006462684,1886.0417550831453
Snrnp70,236.53902288215545,1881.415007697351
negative_control,123.02282726232656,1901.8204140433431
Stt3a,140.202037568151,1906.675640329938
Rbbp7,121.03517122646268,1834.7184070081523
Rbm3,139.87942858682743,1903.2221780433797
Rbm3,204.73642103683747,1919.102671621716
Maged1,118.67728471851602,1893.8005494940485
Maged1,135.8309229125496,1906.550915527247
Maged1,137.392190438469,1918.3154964807395
Maged1,176.75231036352045,1848.1459518641127
Maged1,216.33598278794844,1833.5246889374623
Maged1,220.7343131897796,1848.9149796246024
Maged1,230.2765968294342,1867.9177946238349
Uba1,123.93838288736686,1829.066293045095
Uba1,128.98674275478214,1815.5272260570052
Uba1,149.350894817059,1827.5893603869367
Fkbp4,166.97540859006725,1828.9696040279307
Uba1,169.9019953617211,1804.1294312505688
Fkbp4,185.19609359666737,1929.0107917742448
Fkbp4,193.9935710335003,1813.5884081907616
Fkbp4,195.92380224208844,1919.3508600051068
Uba1,207.7297261025562,1928.681712281053
Fkbp4,210.241525510132,1924.57878066052
Uba1,239.25614844085703,1888.2921199197008
Ybx1,107.06074114997315,1854.3555322979332
Ybx1,121.09498012699324,1792.452410246221
Ybx1,129.3249934122431,1834.67050197095
Ybx1,138.27898957538585,1816.7728099160188
Ybx1,141.55072409410826,1876.2236477357203
Ybx1,148.8171549748331,1840.2834675011195
Ybx1,151.76764807440932,1855.9628593717944
Ybx1,162.78282494736078,1914.8881610017256
Ybx1,165.11561337450445,1920.3195394474976
Ybx1,166.8865230284878,1908.4692617702085
Ybx1,171.51561559561426,1904.048353200795
Ybx1,190.2152706109075,1896.113489754768
Ybx1,194.26253956866407,1795.928761432316
Ybx1,201.11005970225847,1839.015531188998
negative_control,209.14495947491875,1904.523695523804
Ybx1,209.8670619081651,1842.5299385651088
Ybx1,213.3653565805234,1891.4816421601708
Ybx1,214.1586084182785,1898.7084051817824
Ybx1,219.44080990307972,1875.1063046584795
Ybx1,225.44505364619985,1843.183680576152
Ybx1,227.73627075881825,1914.18358213725
Ybx1,235.20378283841112,1865.2302363943425
negative_control,149.4500267639691,1854.2443064477795
Trp53,185.7651904277756,1835.280276809549
