gene,block1,block2,block3,block4,block5,block6,block7,block8,block9,block10
1,0,2,3,0,8,0,0,0,7,0
2,4,10,0,4,0,0,0,0,7,0
3,6,0,8,5,0,0,0,0,7,0
4,7,6,1,0,0,0,0,0,7,0
5,0,8,6,2,0,0,0,0,7,0
6,2,0,4,0,1,0,0,0,7,0
7,2,0,4,0,0,2,0,4,0,0
8,9,0,0,6,0,0,3,0,0,8
9,9,0,0,6,2,0,0,0,7,0
10,0,7,0,9,5,0,0,0,7,0
11,0,7,0,9,0,0,6,2,0,0
12,5,8,0,0,0,8,0,0,0,7
13,5,8,0,0,7,0,0,0,7,0
14,0,0,2,3,0,8,0,0,0,7
15,0,0,2,3,7,0,0,0,7,0
16,7,0,0,10,0,0,0,9,5,0
17,4,6,0,0,0,0,0,0,1,6
18,10,0,3,0,0,9,0,0,0,7
19,10,0,3,0,0,0,9,1,0,0
20,0,10,9,0,0,0,0,6,0,2
21,0,10,9,0,0,10,1,0,0,0
22,0,3,0,5,0,0,2,0,0,4
23,0,3,0,5,0,1,0,0,7,0
24,7,0,2,0,4,0,1,0,0,0
25,3,4,0,0,7,0,1,0,0,0
26,0,10,0,1,8,0,1,0,0,0
27,5,0,0,3,0,0,0,3,0,10
28,5,0,0,3,10,0,1,0,0,0
29,2,6,0,4,0,0,1,0,0,0
30,1,0,7,9,0,0,1,0,0,0
31,5,2,1,0,0,0,1,0,0,0
32,0,5,3,3,0,0,1,0,0,0
33,0,7,4,0,0,0,0,7,3,0
34,0,7,4,0,1,0,1,0,0,0
35,0,0,6,5,0,0,0,0,6,1
36,0,0,6,5,0,4,0,4,0,0
37,0,0,6,5,3,0,1,0,0,0
38,3,0,0,7,4,0,0,0,0,7
39,3,0,0,7,0,3,0,0,7,0
40,3,0,0,7,0,0,4,10,0,0
41,0,4,10,0,4,0,0,0,0,7
42,0,4,10,0,0,3,0,0,7,0
43,0,4,10,0,0,0,4,10,0,0
44,0,6,0,8,5,0,0,0,0,7
45,0,6,0,8,0,5,0,4,0,0
46,2,2,0,0,8,0,0,0,0,7
47,2,2,0,0,0,0,0,5,1,0
48,4,9,0,3,0,0,0,0,0,7
49,8,0,5,5,0,0,0,0,0,7
50,9,6,9,0,0,0,0,0,0,7
51,0,7,6,1,0,0,0,0,0,7
52,4,0,1,0,1,0,0,0,0,7
53,4,0,1,0,0,0,7,0,2,0
54,0,0,8,6,2,0,0,0,0,7
55,0,0,8,6,0,1,1,0,0,0
56,0,2,0,4,0,1,0,0,0,7
57,0,2,0,4,0,0,2,0,4,0
58,0,1,5,0,0,6,0,4,0,0
59,1,0,0,0,0,0,8,6,0,1
60,1,0,0,0,1,0,0,0,5,2
61,1,0,0,0,0,9,0,0,4,3
62,1,0,0,0,9,0,10,0,0,3
63,1,0,0,0,8,0,0,8,0,4
64,1,0,0,0,0,0,7,0,7,6
65,1,0,0,0,0,8,0,10,0,6
66,1,0,0,0,7,1,0,0,0,7
67,1,0,0,0,0,0,0,2,1,8
68,1,0,0,0,0,10,9,0,0,10
69,1,0,0,0,0,7,4,0,1,0
70,1,0,0,0,0,0,6,5,3,0
71,1,0,0,0,7,0,2,0,4,0
72,1,0,0,0,3,4,0,0,7,0
73,1,0,0,0,0,10,0,1,8,0
74,1,0,0,0,5,0,0,3,10,0
75,1,0,0,0,0,5,3,3,0,0
76,1,0,0,0,2,6,0,4,0,0
77,1,0,0,0,1,0,7,9,0,0
78,1,0,0,0,5,2,1,0,0,0
79,0,0,10,7,0,0,0,8,0,4
80,10,0,0,4,0,0,8,0,6,0
81,9,0,10,0,0,3,1,0,0,0
82,0,9,0,0,8,0,0,5,0,1
83,0,9,0,0,0,1,0,0,5,2
84,0,9,0,0,0,8,0,7,0,3
85,0,9,0,0,0,0,0,10,1,5
86,0,9,0,0,0,0,2,0,9,6
87,0,9,0,0,6,2,0,0,0,7
88,0,9,0,0,5,0,0,0,10,8
89,0,9,0,0,0,5,3,0,0,8
90,0,9,0,0,0,0,8,3,0,9
91,0,9,0,0,10,0,9,0,0,10
92,0,9,0,0,0,7,10,0,3,0
93,0,9,0,0,0,9,0,8,4,0
94,0,9,0,0,0,0,1,5,5,0
95,0,9,0,0,7,0,8,0,6,0
96,0,9,0,0,2,5,0,0,7,0
97,0,9,0,0,10,0,0,1,8,0
98,0,9,0,0,1,7,0,4,0,0
99,0,9,0,0,9,0,10,8,0,0
100,0,9,0,0,0,1,7,9,0,0
101,0,9,0,0,4,3,1,0,0,0
102,0,0,1,8,0,0,9,0,0,10
103,0,0,1,8,0,0,0,1,8,0
104,10,7,0,0,0,0,8,0,0,6
105,10,7,0,0,0,8,0,4,0,0
106,0,6,6,0,0,0,0,0,4,3
107,6,0,9,0,0,0,0,2,0,9
108,0,5,0,7,0,0,0,10,6,0
109,8,0,0,8,0,4,1,0,0,0
110,0,0,3,9,0,6,0,0,7,0
111,3,0,8,0,0,0,7,0,0,2
112,9,5,0,0,0,7,0,0,7,0
113,6,0,0,1,0,9,0,4,0,0
114,0,1,0,3,0,0,0,10,0,6
115,0,3,1,0,0,0,9,0,10,0
116,0,0,5,10,0,0,5,6,0,0
117,0,8,0,10,0,6,1,0,0,0
118,8,3,0,0,0,0,8,5,0,0
119,4,0,0,5,0,0,0,0,3,4
120,0,0,7,0,0,3,0,5,0,1
121,0,0,7,0,0,4,10,0,0,3
122,0,0,7,0,3,0,0,7,0,3
123,0,0,7,0,1,0,0,0,3,4
124,0,0,7,0,0,9,0,0,2,5
125,0,0,7,0,0,0,3,9,0,6
126,0,0,7,0,9,5,0,0,0,7
127,0,0,7,0,0,0,7,0,5,8
128,0,0,7,0,8,0,6,0,0,9
129,0,0,7,0,0,0,0,2,10,10
130,0,0,7,0,2,0,4,0,1,0
131,0,0,7,0,9,0,0,6,2,0
132,0,0,7,0,0,7,0,9,5,0
133,0,0,7,0,0,0,2,3,7,0
134,0,0,7,0,5,8,0,0,7,0
135,0,0,7,0,0,2,3,0,8,0
136,0,0,7,0,0,8,6,2,0,0
137,0,0,7,0,4,10,0,4,0,0
138,0,0,7,0,6,0,8,5,0,0
139,0,0,7,0,7,6,1,0,0,0
140,0,4,0,6,3,0,0,4,0,0
141,0,8,2,0,0,0,5,0,0,5
142,0,8,2,0,5,0,0,4,0,0
143,2,0,0,9,0,6,0,0,0,7
144,2,0,0,9,6,0,0,4,0,0
145,7,1,0,0,8,0,0,4,0,0
146,7,1,0,0,0,7,1,0,0,0
147,8,0,6,0,0,9,0,0,7,0
148,8,0,6,0,10,0,0,4,0,0
149,4,0,2,6,0,0,0,4,0,0
150,3,5,9,0,0,0,0,4,0,0
151,9,8,0,3,0,0,0,4,0,0
152,0,9,8,4,0,0,0,4,0,0
153,0,0,9,1,0,0,10,0,3,0
154,0,0,9,1,1,0,0,4,0,0
155,5,0,5,0,0,0,0,2,9,0
156,0,5,8,0,0,7,0,0,0,7
157,0,0,0,2,6,0,4,0,0,1
158,0,0,0,2,0,3,7,0,0,2
159,0,0,0,2,0,0,0,10,4,2
160,0,0,0,2,0,0,2,0,1,3
161,0,0,0,2,0,10,0,9,0,5
162,0,0,0,2,5,0,0,0,2,5
163,0,0,0,2,3,7,0,0,0,7
164,0,0,0,2,0,0,10,4,0,7
165,0,0,0,2,10,0,0,1,0,8
166,0,0,0,2,0,1,0,0,8,10
167,0,0,0,2,0,8,0,7,3,0
168,0,0,0,2,9,0,5,0,5,0
169,0,0,0,2,10,10,0,0,7,0
170,0,0,0,2,0,9,6,0,9,0
171,0,0,0,2,4,0,0,2,9,0
172,0,0,0,2,0,0,7,8,10,0
173,0,0,0,2,7,0,3,3,0,0
174,0,0,0,2,9,1,0,4,0,0
175,0,0,0,2,0,2,8,5,0,0
176,0,0,0,2,1,8,1,0,0,0
177,7,0,9,0,0,6,2,0,0,0
178,9,0,0,8,0,0,5,0,1,0
179,0,7,0,0,0,0,4,0,7,1
180,0,7,0,0,5,0,0,10,0,2
181,0,7,0,0,1,4,0,0,0,3
182,0,7,0,0,0,2,0,0,10,4
183,0,7,0,0,10,0,0,0,9,5
184,0,7,0,0,0,10,6,0,0,5
185,0,7,0,0,0,5,0,3,0,6
186,0,7,0,0,0,0,5,6,0,7
187,0,7,0,0,9,0,7,0,0,9
188,0,7,0,0,0,0,0,9,2,10
189,0,7,0,0,3,0,5,0,1,0
190,0,7,0,0,4,10,0,0,3,0
191,0,7,0,0,9,0,0,2,5,0
192,0,7,0,0,0,3,9,0,6,0
193,0,7,0,0,0,7,0,5,8,0
194,0,7,0,0,0,0,2,10,10,0
195,0,7,0,0,7,0,9,5,0,0
196,0,7,0,0,0,2,3,7,0,0
197,0,7,0,0,2,3,0,8,0,0
198,0,7,0,0,8,6,2,0,0,0
199,0,0,2,5,0,0,7,0,0,9
200,0,0,2,5,0,0,0,2,5,0
201,7,0,0,1,0,0,6,0,0,5
202,7,0,0,1,4,0,0,0,3,0
203,0,4,6,0,5,0,0,0,3,0
204,0,3,0,7,10,0,0,0,3,0
205,0,3,0,7,0,0,1,4,0,0
206,8,9,0,8,0,0,0,0,3,0
207,1,0,5,10,0,0,0,0,3,0
208,3,1,2,0,0,0,0,0,3,0
209,0,5,1,4,0,0,0,0,3,0
210,4,0,8,0,2,0,0,0,3,0
211,4,0,8,0,0,4,0,8,0,0
212,10,5,0,0,0,5,0,0,0,3
213,10,5,0,0,3,0,0,0,3,0
214,0,0,4,6,0,5,0,0,0,3
215,0,0,4,6,3,0,0,0,3,0
216,9,3,0,0,0,0,5,0,0,1
217,9,3,0,0,0,5,0,8,0,0
218,0,10,0,3,0,0,0,9,1,0
219,0,1,1,0,0,0,0,0,8,6
220,5,0,0,5,0,8,2,0,0,0
221,1,0,7,0,0,0,0,4,0,7
222,0,0,6,7,0,1,0,0,3,0
223,3,0,0,9,0,0,0,7,10,0
224,0,6,0,10,0,0,4,0,0,8
225,0,6,0,10,0,2,0,0,3,0
226,8,1,0,0,0,0,0,0,2,1
227,9,0,6,0,0,7,0,0,0,3
228,9,0,6,0,0,0,7,2,0,0
229,0,9,7,0,0,0,0,1,0,4
230,0,9,7,0,0,9,2,0,0,0
231,0,2,0,6,0,0,0,9,0,1
232,0,6,2,0,0,0,7,0,9,0
233,6,0,5,0,0,0,3,0,0,4
234,7,10,0,0,0,3,0,0,3,0
235,1,0,0,2,0,7,0,8,0,0
236,0,0,10,9,0,0,10,1,0,0
237,3,0,4,0,8,0,2,0,0,0
238,10,0,0,6,0,0,0,6,0,9
239,10,0,0,6,9,0,2,0,0,0
240,2,0,3,7,0,0,2,0,0,0
241,4,1,0,8,0,0,2,0,0,0
242,10,4,2,0,0,0,2,0,0,0
243,0,10,6,6,0,0,2,0,0,0
244,0,3,8,0,0,0,0,3,6,0
245,0,3,8,0,2,0,2,0,0,0
246,6,8,0,0,3,0,2,0,0,0
247,0,9,0,2,5,0,2,0,0,0
248,0,0,1,10,0,0,0,0,1,2
249,0,0,1,10,0,8,0,8,0,0
250,0,0,1,10,6,0,2,0,0,0
251,0,5,0,9,0,1,2,0,0,0
252,8,0,0,10,0,0,0,0,6,8
253,5,6,0,0,0,0,5,10,0,0
254,0,0,3,0,0,0,6,7,0,1
255,0,0,3,0,0,6,0,10,0,2
256,0,0,3,0,7,10,0,0,0,3
257,0,0,3,0,0,0,3,0,10,5
258,0,0,3,0,0,8,9,0,0,6
259,0,0,3,0,6,0,0,3,0,6
260,0,0,3,0,5,0,1,0,0,7
261,0,0,3,0,2,0,0,0,6,8
262,0,0,3,0,0,0,0,4,9,9
263,0,0,3,0,0,7,0,0,4,10
264,0,0,3,0,4,0,8,0,2,0
265,0,0,3,0,0,0,4,6,3,0
266,0,0,3,0,10,5,0,0,3,0
267,0,0,3,0,7,0,0,1,4,0
268,0,0,3,0,0,4,6,0,5,0
269,0,0,3,0,0,3,0,7,10,0
270,0,0,3,0,0,5,1,4,0,0
271,0,0,3,0,8,9,0,8,0,0
272,0,0,3,0,1,0,5,10,0,0
273,0,0,3,0,3,1,2,0,0,0
274,4,4,0,0,5,0,0,0,0,3
275,4,4,0,0,0,0,0,10,2,0
276,6,0,0,3,8,0,0,0,0,3
277,6,0,0,3,0,6,0,0,3,0
278,6,0,0,3,0,0,8,9,0,0
279,0,8,9,0,8,0,0,0,0,3
280,0,8,9,0,0,6,0,0,3,0
281,0,8,9,0,0,0,8,9,0,0
282,0,1,0,5,10,0,0,0,0,3
283,0,1,0,5,0,10,0,8,0,0
284,8,7,0,6,0,0,0,0,0,3
285,5,0,10,10,0,0,0,0,0,3
286,7,1,7,0,0,0,0,0,0,3
287,0,3,1,2,0,0,0,0,0,3
288,8,0,2,0,2,0,0,0,0,3
289,8,0,2,0,0,0,3,0,4,0
290,0,0,5,1,4,0,0,0,0,3
291,0,0,5,1,0,2,2,0,0,0
292,3,2,0,0,5,0,0,8,0,0
293,3,2,0,0,0,3,2,0,0,0
294,0,8,0,1,6,0,0,8,0,0
295,5,0,1,0,0,7,0,0,3,0
296,5,0,1,0,9,0,0,8,0,0
297,0,5,4,0,0,0,10,0,0,10
298,0,5,4,0,10,0,0,8,0,0
299,6,10,7,0,0,0,0,8,0,0
300,8,0,4,1,0,0,0,8,0,0
301,7,5,0,6,0,0,0,8,0,0
302,0,7,5,8,0,0,0,8,0,0
303,4,0,0,7,0,1,0,0,0,3
304,4,0,0,7,1,0,0,8,0,0
305,0,0,7,2,0,0,9,0,6,0
306,0,0,7,2,2,0,0,8,0,0
307,0,2,10,0,0,1,0,8,0,0
308,0,4,0,8,0,2,0,0,0,3
309,0,4,0,8,0,0,4,0,8,0
310,2,0,0,0,0,5,0,9,0,1
311,2,0,0,0,0,0,3,0,3,1
312,2,0,0,0,0,0,5,1,0,2
313,2,0,0,0,3,2,0,0,0,3
314,2,0,0,0,2,0,0,0,10,4
315,2,0,0,0,0,0,0,4,2,5
316,2,0,0,0,0,7,0,0,8,6
317,2,0,0,0,7,0,9,0,0,6
318,2,0,0,0,5,0,0,5,0,8
319,2,0,0,0,0,9,7,0,0,9
320,2,0,0,0,0,3,8,0,2,0
321,2,0,0,0,6,8,0,0,3,0
322,2,0,0,0,0,9,0,2,5,0
323,2,0,0,0,0,0,1,10,6,0
324,2,0,0,0,3,0,4,0,8,0
325,2,0,0,0,10,0,0,6,9,0
326,2,0,0,0,0,10,6,6,0,0
327,2,0,0,0,2,0,3,7,0,0
328,2,0,0,0,4,1,0,8,0,0
329,2,0,0,0,10,4,2,0,0,0
330,0,0,9,3,0,0,0,5,0,8
331,10,0,10,0,0,0,0,4,7,0
332,0,10,5,0,0,3,0,0,0,3
333,0,0,0,4,1,0,8,0,0,2
334,0,0,0,4,6,3,0,0,0,3
335,0,0,0,4,0,0,9,8,0,3
336,0,0,0,4,0,6,3,0,0,4
337,0,0,0,4,0,0,0,9,8,4
338,0,0,0,4,9,0,0,2,0,5
339,0,0,0,4,0,0,4,0,2,6
340,0,0,0,4,0,2,0,0,5,9
341,0,0,0,4,10,0,0,0,4,10
342,0,0,0,4,0,9,0,7,0,10
343,0,0,0,4,9,9,0,0,3,0
344,0,0,0,4,0,5,0,3,6,0
345,0,0,0,4,8,0,0,4,7,0
346,0,0,0,4,0,7,1,0,7,0
347,0,0,0,4,0,0,3,5,9,0
348,0,0,0,4,7,0,10,0,10,0
349,0,0,0,4,3,0,6,6,0,0
350,0,0,0,4,7,2,0,8,0,0
351,0,0,0,4,0,4,5,10,0,0
352,0,0,0,4,2,5,2,0,0,0
353,2,0,4,4,0,0,0,0,0,10
354,1,5,0,9,0,0,0,0,0,10
355,5,7,5,0,0,0,0,0,0,10
356,0,10,7,3,0,0,0,0,0,10
357,9,0,0,10,1,0,0,0,0,10
358,9,0,0,10,0,9,0,0,10,0
359,9,0,0,10,0,0,1,8,0,0
360,0,1,8,0,1,0,0,0,0,10
361,0,1,8,0,0,9,0,0,10,0
362,0,1,8,0,0,0,1,8,0,0
363,6,6,0,0,2,0,0,0,0,10
364,6,6,0,0,0,0,0,4,3,0
365,1,0,3,0,3,0,0,0,0,10
366,1,0,3,0,0,0,10,0,6,0
367,0,7,0,2,4,0,0,0,0,10
368,0,7,0,2,0,4,0,1,0,0
369,0,0,2,7,6,0,0,0,0,10
370,0,0,2,7,0,3,3,0,0,0
371,7,0,0,3,0,5,0,1,0,0
372,9,0,2,0,0,0,10,0,0,6
373,0,3,0,9,0,0,0,8,0,7
374,5,4,0,0,0,10,0,0,10,0
375,0,9,3,0,0,0,5,0,8,0
376,0,0,4,8,0,0,4,7,0,0
377,10,7,3,0,0,0,0,0,10,0
378,1,8,0,1,0,0,0,0,10,0
379,7,0,2,4,0,0,0,0,10,0
380,0,2,7,6,0,0,0,0,10,0
381,0,6,9,0,2,0,0,0,10,0
382,6,0,1,0,3,0,0,0,10,0
383,6,0,1,0,0,6,0,1,0,0
384,0,10,0,5,4,0,0,0,10,0
385,0,10,0,5,0,0,7,6,0,0
386,5,0,0,7,0,0,9,0,0,2
387,5,0,0,7,6,0,0,0,10,0
388,4,2,0,0,0,2,0,0,0,10
389,4,2,0,0,10,0,0,0,10,0
390,0,0,6,9,0,2,0,0,0,10
391,0,0,6,9,10,0,0,0,10,0
392,3,0,0,0,2,0,0,2,0,1
393,3,0,0,0,0,0,0,6,3,2
394,3,0,0,0,0,0,2,7,0,3
395,3,0,0,0,3,0,0,0,4,6
396,3,0,0,0,0,0,10,0,10,7
397,3,0,0,0,0,2,0,8,0,7
398,3,0,0,0,0,8,5,0,0,8
399,3,0,0,0,5,0,8,0,0,9
400,3,0,0,0,0,5,0,0,1,9
401,3,0,0,0,10,3,0,0,0,10
402,3,0,0,0,10,0,6,0,1,0
403,3,0,0,0,0,8,0,3,2,0
404,3,0,0,0,0,10,1,0,3,0
405,3,0,0,0,4,0,0,9,8,0
406,3,0,0,0,0,0,7,4,9,0
407,3,0,0,0,9,1,0,0,10,0
408,3,0,0,0,6,7,0,1,0,0
409,3,0,0,0,3,0,10,5,0,0
410,3,0,0,0,0,4,9,9,0,0
411,3,0,0,0,4,6,3,0,0,0
412,0,6,0,1,0,3,0,0,0,10
413,0,6,0,1,0,0,6,0,1,0
414,0,3,4,0,0,7,0,1,0,0
415,0,0,8,10,0,0,0,2,0,1
416,0,2,0,8,0,7,3,0,0,0
417,2,9,0,0,0,0,2,4,0,0
418,1,0,0,4,0,0,0,0,9,1
419,0,0,10,0,3,0,0,0,9,1
420,0,0,10,0,0,0,10,0,4,2
421,0,0,10,0,0,9,0,4,0,3
422,0,0,10,0,0,5,0,0,6,4
423,0,0,10,0,2,0,7,0,0,5
424,0,0,10,0,0,0,9,5,0,7
425,0,0,10,0,0,0,0,6,8,8
426,0,0,10,0,9,0,0,10,0,9
427,0,0,10,0,0,1,8,0,0,9
428,0,0,10,0,5,4,0,0,0,10
429,0,0,10,0,0,6,9,0,2,0
430,0,0,10,0,6,0,1,0,3,0
431,0,0,10,0,0,10,0,5,4,0
432,0,0,10,0,5,0,0,7,6,0
433,0,0,10,0,0,0,6,9,10,0
434,0,0,10,0,4,2,0,0,10,0
435,0,0,10,0,1,8,0,1,0,0
436,0,0,10,0,7,0,2,4,0,0
437,0,0,10,0,0,2,7,6,0,0
438,0,0,10,0,10,7,3,0,0,0
439,10,0,0,8,0,0,0,5,4,0
440,0,8,5,0,0,0,0,7,0,6
441,0,8,5,0,0,8,3,0,0,0
442,1,7,0,0,0,0,0,0,3,7
443,8,0,9,0,0,5,0,0,0,10
444,8,0,9,0,0,0,5,3,0,0
445,0,9,0,4,0,0,6,0,0,1
446,0,9,0,4,0,3,0,0,10,0
447,5,0,8,0,0,9,3,0,0,0
448,0,5,0,0,4,0,0,0,8,2
449,0,5,0,0,0,4,9,0,0,2
450,0,5,0,0,2,0,0,4,0,3
451,0,5,0,0,0,0,0,8,3,4
452,0,5,0,0,0,0,2,9,0,5
453,0,5,0,0,0,3,0,0,4,6
454,0,5,0,0,0,0,6,0,5,7
455,0,5,0,0,8,0,5,0,0,8
456,0,5,0,0,0,2,0,10,0,9
457,0,5,0,0,7,6,0,0,0,10
458,0,5,0,0,0,5,0,2,1,0
459,0,5,0,0,8,0,0,3,2,0
460,0,5,0,0,0,0,3,4,4,0
461,0,5,0,0,10,0,2,0,7,0
462,0,5,0,0,0,10,8,0,9,0
463,0,5,0,0,6,4,0,0,10,0
464,0,5,0,0,3,10,0,1,0,0
465,0,5,0,0,5,0,8,2,0,0
466,0,5,0,0,0,3,10,5,0,0
467,0,5,0,0,1,9,3,0,0,0
468,8,0,0,1,0,0,2,0,7,0
469,0,0,3,2,0,0,5,0,0,8
470,0,0,3,2,0,0,0,3,2,0
471,0,2,6,0,0,0,4,0,0,4
472,0,2,6,0,4,0,0,1,0,0
473,6,0,0,5,0,7,0,0,0,10
474,6,0,0,5,7,0,0,1,0,0
475,2,0,7,0,0,5,0,0,10,0
476,2,0,7,0,8,0,0,1,0,0
477,0,1,0,7,9,0,0,1,0,0
478,1,0,6,7,0,0,0,1,0,0
479,5,2,0,9,0,0,0,1,0,0
480,9,4,5,0,0,0,0,1,0,0
481,0,5,2,1,0,0,0,1,0,0
482,10,3,0,0,2,0,0,1,0,0
483,10,3,0,0,0,10,3,0,0,0
484,0,0,5,3,0,0,8,0,9,0
485,0,0,5,3,3,0,0,1,0,0
486,9,1,0,0,10,0,3,0,0,0
487,4,6,3,0,0,0,3,0,0,0
488,6,7,0,1,0,0,3,0,0,0
489,3,0,10,5,0,0,3,0,0,0
490,0,4,9,9,0,0,3,0,0,0
491,10,0,6,0,1,0,3,0,0,0
492,0,8,0,3,2,0,3,0,0,0
493,0,10,1,0,0,0,0,10,9,0
494,0,10,1,0,3,0,3,0,0,0
495,4,0,0,9,0,0,0,9,0,8
496,4,0,0,9,8,0,3,0,0,0
497,0,0,7,4,0,0,0,0,7,3
498,0,0,7,4,0,1,0,1,0,0
499,0,0,7,4,9,0,3,0,0,0
500,7,0,5,0,0,0,0,6,0,5
501,0,4,0,10,0,0,0,8,7,0
502,8,10,0,0,0,0,2,0,0,7
503,8,10,0,0,0,2,0,1,0,0
504,2,0,0,2,0,1,3,0,0,0
505,0,7,7,0,0,0,0,0,1,9
506,0,0,9,5,0,7,0,0,10,0
507,0,4,2,0,0,10,0,0,0,10
508,4,0,4,0,0,0,0,6,5,0
509,0,0,0,6,8,0,0,3,0,2
510,0,0,0,6,7,0,1,0,0,3
511,0,0,0,6,0,8,0,5,0,4
512,0,0,0,6,4,0,0,0,6,4
513,0,0,0,6,0,9,10,0,0,6
514,0,0,0,6,0,0,0,8,1,6
515,0,0,0,6,0,3,0,0,2,8
516,0,0,0,6,0,0,6,0,3,9
517,0,0,0,6,9,10,0,0,0,10
518,0,0,0,6,0,0,8,1,0,10
519,0,0,0,6,5,0,4,0,4,0
520,0,0,0,6,0,5,7,0,5,0
521,0,0,0,6,1,0,0,6,5,0
522,0,0,0,6,0,0,10,2,8,0
523,0,0,0,6,0,2,0,10,9,0
524,0,0,0,6,8,8,0,0,10,0
525,0,0,0,6,5,3,0,1,0,0
526,0,0,0,6,0,6,2,4,0,0
527,0,0,0,6,10,0,9,9,0,0
528,0,0,0,6,3,2,3,0,0,0
529,0,6,5,0,0,0,0,6,1,0
530,0,6,5,0,4,0,4,0,0,0
531,6,0,8,0,5,0,4,0,0,0
532,1,5,0,0,6,0,4,0,0,0
533,9,0,0,1,0,0,0,1,0,7
534,9,0,0,1,7,0,4,0,0,0
535,0,7,0,4,10,0,4,0,0,0
536,4,0,6,3,0,0,4,0,0,0
537,8,2,0,5,0,0,4,0,0,0
538,9,8,4,0,0,0,4,0,0,0
539,0,9,1,1,0,0,4,0,0,0
540,0,0,2,9,0,0,0,0,2,4
541,0,0,2,9,0,5,0,5,0,0
542,0,0,2,9,1,0,4,0,0,0
543,7,0,0,5,0,0,10,0,2,0
544,3,0,7,0,0,1,4,0,0,0
545,0,3,0,0,0,10,0,6,0,1
546,0,3,0,0,0,0,8,0,3,2
547,0,3,0,0,0,0,10,1,0,3
548,0,3,0,0,10,0,0,9,0,4
549,0,3,0,0,2,8,0,0,0,6
550,0,3,0,0,7,0,3,0,0,7
551,0,3,0,0,0,4,0,0,9,8
552,0,3,0,0,0,0,0,7,4,9
553,0,3,0,0,9,0,0,0,7,10
554,0,3,0,0,0,9,1,0,0,10
555,0,3,0,0,0,6,7,0,1,0
556,0,3,0,0,6,0,10,0,2,0
557,0,3,0,0,0,3,0,10,5,0
558,0,3,0,0,8,9,0,0,6,0
559,0,3,0,0,0,0,4,9,9,0
560,0,3,0,0,7,0,0,4,10,0
561,0,3,0,0,0,4,6,3,0,0
562,0,3,0,0,4,6,0,5,0,0
563,0,3,0,0,3,0,7,10,0,0
564,0,3,0,0,5,1,4,0,0,0
565,0,0,4,10,0,0,3,0,0,7
566,0,0,4,10,0,0,0,4,10,0
567,0,10,0,7,0,2,4,0,0,0
568,5,0,0,9,0,0,0,0,1,5
569,10,1,0,0,0,0,10,9,0,0
570,0,0,6,0,1,0,0,6,0,1
571,0,0,6,0,0,5,7,0,0,1
572,0,0,6,0,0,0,1,3,0,2
573,0,0,6,0,10,0,2,0,0,3
574,0,0,6,0,0,1,0,9,0,4
575,0,0,6,0,4,0,0,0,1,5
576,0,0,6,0,3,9,0,0,0,6
577,0,0,6,0,0,0,0,8,7,7
578,0,0,6,0,0,3,0,0,8,9
579,0,0,6,0,0,0,6,0,9,10
580,0,0,6,0,8,0,5,0,4,0
581,0,0,6,0,9,10,0,0,6,0
582,0,0,6,0,0,0,8,1,6,0
583,0,0,6,0,3,0,0,2,8,0
584,0,0,6,0,0,6,0,3,9,0
585,0,0,6,0,0,8,1,0,10,0
586,0,0,6,0,5,7,0,5,0,0
587,0,0,6,0,0,10,2,8,0,0
588,0,0,6,0,2,0,10,9,0,0
589,0,0,6,0,6,2,4,0,0,0
590,3,0,0,2,0,0,1,0,0,10
591,3,0,0,2,8,0,0,0,6,0
592,0,6,0,3,9,0,0,0,6,0
593,0,6,0,3,0,0,2,8,0,0
594,0,8,1,0,10,0,0,0,6,0
595,2,0,10,9,0,0,0,0,6,0
596,6,2,4,0,0,0,0,0,6,0
597,5,7,0,5,0,0,0,0,6,0
598,0,10,2,8,0,0,0,0,6,0
599,8,0,5,0,4,0,0,0,6,0
600,8,0,5,0,0,8,0,5,0,0
601,9,10,0,0,0,10,0,0,0,6
602,9,10,0,0,6,0,0,0,6,0
603,0,0,8,1,0,10,0,0,0,6
604,0,0,8,1,6,0,0,0,6,0
605,0,2,0,10,9,0,0,0,0,6
606,0,2,0,10,0,9,0,5,0,0
607,8,8,0,0,10,0,0,0,0,6
608,8,8,0,0,0,0,0,9,4,0
609,10,0,9,9,0,0,0,0,0,6
610,3,2,3,0,0,0,0,0,0,6
611,5,3,0,1,0,0,0,0,0,6
612,0,6,2,4,0,0,0,0,0,6
613,5,0,4,0,4,0,0,0,0,6
614,5,0,4,0,0,0,6,0,8,0
615,1,0,0,6,5,0,0,0,0,6
616,1,0,0,6,0,1,0,0,6,0
617,1,0,0,6,0,0,5,7,0,0
618,0,5,7,0,5,0,0,0,0,6
619,0,5,7,0,0,1,0,0,6,0
620,0,5,7,0,0,0,5,7,0,0
621,0,0,10,2,8,0,0,0,0,6
622,0,0,10,2,0,4,4,0,0,0
623,0,2,2,0,0,0,0,0,5,1
624,10,0,0,10,0,5,4,0,0,0
625,7,6,0,0,0,0,10,0,0,2
626,7,6,0,0,0,10,0,5,0,0
627,2,0,3,0,0,0,0,8,0,3
628,0,9,0,6,0,0,0,7,2,0
629,0,0,1,3,0,2,0,0,6,0
630,10,0,2,0,0,3,0,0,6,0
631,10,0,2,0,7,0,0,5,0,0
632,0,10,8,0,0,0,9,0,0,9
633,0,10,8,0,9,0,0,5,0,0
634,6,4,0,0,10,0,0,5,0,0
635,6,4,0,0,0,6,4,0,0,0
636,1,9,3,0,0,0,0,5,0,0
637,3,10,0,1,0,0,0,5,0,0
638,5,0,8,2,0,0,0,5,0,0
639,0,3,10,5,0,0,0,5,0,0
640,0,5,0,2,1,0,0,5,0,0
641,8,0,0,3,0,2,0,0,0,6
642,8,0,0,3,2,0,0,5,0,0
643,0,0,3,4,0,0,7,0,1,0
644,0,0,3,4,4,0,0,5,0,0
645,7,0,1,0,0,3,0,0,0,6
646,7,0,1,0,0,0,3,4,0,0
647,6,0,0,7,0,0,0,3,9,0
648,0,1,0,9,0,0,8,0,0,5
649,0,1,0,9,0,4,0,0,6,0
650,5,2,0,0,0,0,0,0,4,2
651,0,7,3,0,0,0,0,2,0,8
652,0,7,3,0,0,7,4,0,0,0
653,0,4,9,0,0,2,0,5,0,0
654,0,8,0,5,0,4,0,0,0,6
655,0,8,0,5,0,0,8,0,5,0
656,4,0,0,0,3,0,7,0,0,1
657,4,0,0,0,0,3,0,0,5,1
658,4,0,0,0,0,0,6,0,6,2
659,4,0,0,0,0,10,0,7,0,2
660,4,0,0,0,0,0,10,2,0,4
661,4,0,0,0,10,0,0,10,0,5
662,4,0,0,0,6,4,0,0,0,6
663,4,0,0,0,0,7,3,0,0,7
664,4,0,0,0,4,0,0,0,9,8
665,4,0,0,0,0,0,0,8,4,10
666,4,0,0,0,0,0,2,9,1,0
667,4,0,0,0,0,6,5,0,4,0
668,4,0,0,0,6,0,8,0,5,0
669,4,0,0,0,1,5,0,0,6,0
670,4,0,0,0,9,0,0,1,7,0
671,4,0,0,0,0,7,0,4,10,0
672,4,0,0,0,0,9,1,1,0,0
673,4,0,0,0,4,0,6,3,0,0
674,4,0,0,0,8,2,0,5,0,0
675,4,0,0,0,9,8,4,0,0,0
676,0,0,7,6,0,0,0,10,0,5
677,3,9,0,0,0,6,0,0,6,0
678,0,4,0,1,0,0,0,7,0,2
679,2,0,0,4,0,3,0,5,0,0
680,0,1,4,0,0,0,3,0,7,0
681,1,0,10,0,0,0,6,0,0,8
682,0,0,9,7,0,0,9,2,0,0
683,9,0,9,0,0,0,0,8,3,0
684,0,9,10,0,0,6,0,0,0,6
685,0,0,0,8,0,0,8,0,4,1
686,0,0,0,8,2,0,5,0,0,4
687,0,0,0,8,1,6,0,0,0,6
688,0,0,0,8,0,0,7,5,0,6
689,0,0,0,8,0,4,0,0,10,7
690,0,0,0,8,0,1,6,0,0,8
691,0,0,0,8,0,0,0,7,5,8
692,0,0,0,8,9,0,0,0,8,9
693,0,0,0,8,0,7,0,3,0,9
694,0,0,0,8,7,0,0,4,0,10
695,0,0,0,8,0,10,0,6,1,0
696,0,0,0,8,5,0,0,8,3,0
697,0,0,0,8,0,3,2,0,3,0
698,0,0,0,8,7,7,0,0,6,0
699,0,0,0,8,0,0,6,10,7,0
700,0,0,0,8,3,0,9,0,9,0
701,0,0,0,8,6,0,1,1,0,0
702,0,0,0,8,3,4,0,5,0,0
703,0,0,0,8,0,8,10,9,0,0
704,0,0,0,8,4,10,4,0,0,0
705,7,4,0,0,0,0,7,3,0,0
706,9,0,0,3,0,0,0,0,4,9
707,0,7,0,6,0,8,5,0,0,0
708,0,0,2,0,7,0,8,0,0,1
709,0,0,2,0,1,3,0,0,0,2
710,0,0,2,0,0,1,0,0,10,3
711,0,0,2,0,4,0,0,2,0,4
712,0,0,2,0,0,9,6,0,0,4
713,0,0,2,0,0,4,0,3,0,5
714,0,0,2,0,0,0,0,10,6,6
715,0,0,2,0,0,0,2,0,3,7
716,0,0,2,0,0,0,4,1,0,8
717,0,0,2,0,5,0,0,0,4,9
718,0,0,2,0,3,7,0,0,2,0
719,0,0,2,0,0,0,10,4,2,0
720,0,0,2,0,0,2,0,1,3,0
721,0,0,2,0,10,0,9,0,5,0
722,0,0,2,0,0,10,4,0,7,0
723,0,0,2,0,1,0,0,8,10,0
724,0,0,2,0,8,0,7,3,0,0
725,0,0,2,0,9,6,0,9,0,0
726,0,0,2,0,0,7,8,10,0,0
727,0,0,2,0,2,8,5,0,0,0
728,7,0,0,7,0,9,5,0,0,0
729,0,8,8,0,0,0,0,0,9,4
730,6,2,0,0,0,0,7,0,0,8
731,6,2,0,0,0,7,0,9,0,0
732,0,3,0,2,0,0,0,6,8,0
733,8,0,1,0,0,0,0,10,0,1
734,0,0,4,1,0,8,0,0,2,0
735,0,10,0,9,0,5,0,0,0,2
736,0,10,0,9,0,0,10,0,9,0
737,5,0,0,0,2,5,0,0,0,2
738,5,0,0,0,1,0,6,0,0,4
739,5,0,0,0,0,1,0,0,9,4
740,5,0,0,0,0,0,7,8,0,5
741,5,0,0,0,0,6,1,0,0,6
742,5,0,0,0,0,0,0,10,5,7
743,5,0,0,0,0,7,0,6,0,8
744,5,0,0,0,0,0,2,0,2,8
745,5,0,0,0,7,0,0,7,0,9
746,5,0,0,0,5,0,0,0,3,10
747,5,0,0,0,4,9,0,0,2,0
748,5,0,0,0,0,0,8,3,4,0
749,5,0,0,0,0,2,9,0,5,0
750,5,0,0,0,3,0,0,4,6,0
751,5,0,0,0,0,6,0,5,7,0
752,5,0,0,0,2,0,10,0,9,0
753,5,0,0,0,5,0,2,1,0,0
754,5,0,0,0,0,3,4,4,0,0
755,5,0,0,0,10,8,0,9,0,0
756,5,0,0,0,3,10,5,0,0,0
757,0,5,3,0,0,8,0,9,0,0
758,0,0,6,2,0,0,0,7,0,9
759,0,2,9,0,0,0,0,2,4,0
760,0,2,9,0,5,0,5,0,0,0
761,3,0,0,4,0,0,0,4,0,6
762,3,0,0,4,6,0,5,0,0,0
763,0,6,0,5,7,0,5,0,0,0
764,2,0,10,0,9,0,5,0,0,0
765,10,8,0,9,0,0,5,0,0,0
766,3,10,5,0,0,0,5,0,0,0
767,5,0,2,1,0,0,5,0,0,0
768,0,3,4,4,0,0,5,0,0,0
769,4,9,0,0,2,0,5,0,0,0
770,0,0,8,3,0,0,0,0,8,5
771,0,0,8,3,0,9,0,9,0,0
772,0,0,8,3,4,0,5,0,0,0
773,0,2,0,1,3,0,0,0,2,0
774,0,2,0,1,0,0,8,10,0,0
775,10,0,9,0,5,0,0,0,2,0
776,10,0,9,0,0,10,0,9,0,0
777,0,10,4,0,7,0,0,0,2,0
778,1,0,0,8,0,0,4,0,0,7
779,1,0,0,8,10,0,0,0,2,0
780,2,8,5,0,0,0,0,0,2,0
781,8,0,7,3,0,0,0,0,2,0
782,9,6,0,9,0,0,0,0,2,0
783,0,7,8,10,0,0,0,0,2,0
784,3,7,0,0,0,7,0,0,0,2
785,3,7,0,0,2,0,0,0,2,0
786,0,0,10,4,0,7,0,0,0,2
787,0,0,10,4,2,0,0,0,2,0
788,7,0,8,0,0,1,0,0,2,0
789,7,0,8,0,6,0,0,9,0,0
790,2,5,0,0,7,0,0,9,0,0
791,2,5,0,0,0,2,5,0,0,0
792,10,0,0,1,0,8,0,0,0,2
793,10,0,0,1,8,0,0,9,0,0
794,4,3,1,0,0,0,0,9,0,0
795,1,7,0,4,0,0,0,9,0,0
796,9,0,10,8,0,0,0,9,0,0
797,0,1,7,9,0,0,0,9,0,0
798,0,7,10,0,0,0,3,0,0,3
799,0,7,10,0,3,0,0,9,0,0
800,0,9,0,8,4,0,0,9,0,0
801,0,0,1,5,0,0,6,0,4,0
802,0,0,1,5,5,0,0,9,0,0
803,0,4,5,0,0,0,1,0,6,0
804,1,3,0,0,0,2,0,0,2,0
805,0,5,0,4,0,0,0,6,0,8
806,8,0,0,5,0,1,0,9,0,0
807,4,0,7,0,0,0,2,0,0,10
808,0,0,3,6,0,0,3,8,0,0
809,6,0,0,9,0,0,7,0,8,0
810,0,1,0,0,0,0,7,4,0,1
811,0,1,0,0,8,10,0,0,0,2
812,0,1,0,0,0,0,0,6,5,3
813,0,1,0,0,0,7,0,2,0,4
814,0,1,0,0,7,0,0,3,0,5
815,0,1,0,0,6,0,1,0,0,6
816,0,1,0,0,3,0,0,0,6,7
817,0,1,0,0,0,3,4,0,0,7
818,0,1,0,0,0,0,10,0,1,8
819,0,1,0,0,0,5,0,0,3,10
820,0,1,0,0,10,3,0,0,2,0
821,0,1,0,0,0,0,5,3,3,0
822,0,1,0,0,0,2,6,0,4,0
823,0,1,0,0,6,0,0,5,7,0
824,0,1,0,0,2,0,7,0,8,0
825,0,1,0,0,0,1,0,7,9,0
826,0,1,0,0,0,5,2,1,0,0
827,0,1,0,0,1,0,6,7,0,0
828,0,1,0,0,5,2,0,9,0,0
829,0,1,0,0,9,4,5,0,0,0
830,1,0,6,0,0,4,5,0,0,0
831,0,0,5,7,0,0,1,0,0,6
832,0,0,5,7,0,0,0,5,7,0
833,1,8,1,0,0,0,0,0,0,2
834,7,0,3,3,0,0,0,0,0,2
835,9,1,0,4,0,0,0,0,0,2
836,0,2,8,5,0,0,0,0,0,2
837,0,8,0,7,3,0,0,0,0,2
838,0,8,0,7,0,3,0,9,0,0
839,9,0,5,0,5,0,0,0,0,2
840,9,0,5,0,0,0,2,0,10,0
841,10,10,0,0,7,0,0,0,0,2
842,10,10,0,0,0,0,0,3,5,0
843,4,0,0,2,9,0,0,0,0,2
844,4,0,0,2,0,4,0,0,2,0
845,4,0,0,2,0,0,9,6,0,0
846,0,9,6,0,9,0,0,0,0,2
847,0,9,6,0,0,4,0,0,2,0
848,0,9,6,0,0,0,9,6,0,0
849,0,0,7,8,10,0,0,0,0,2
850,0,0,7,8,0,5,5,0,0,0
851,0,4,0,3,0,0,10,0,0,9
852,0,4,0,3,0,5,0,0,2,0
853,0,6,1,0,0,0,0,8,0,10
854,0,6,1,0,0,6,5,0,0,0
855,6,0,4,0,0,1,0,0,0,2
856,6,0,4,0,0,0,1,5,0,0
857,2,0,0,6,0,0,0,1,3,0
858,9,8,0,0,0,0,0,0,5,8
859,3,0,3,0,0,0,0,10,1,0
860,0,3,7,0,0,2,0,0,0,2
861,0,0,0,10,0,0,6,9,0,2
862,0,0,0,10,4,2,0,0,0,2
863,0,0,0,10,3,0,0,0,10,3
864,0,0,0,10,0,6,0,1,0,3
865,0,0,0,10,0,0,10,0,5,4
866,0,0,0,10,8,0,9,0,0,5
867,0,0,0,10,0,5,0,0,7,6
868,0,0,0,10,6,0,0,5,0,7
869,0,0,0,10,0,0,0,6,9,10
870,0,0,0,10,0,4,2,0,0,10
871,0,0,0,10,9,0,0,10,1,0
872,0,0,0,10,0,1,8,0,1,0
873,0,0,0,10,6,6,0,0,2,0
874,0,0,0,10,1,0,3,0,3,0
875,0,0,0,10,0,7,0,2,4,0
876,0,0,0,10,0,0,2,7,6,0
877,0,0,0,10,0,10,7,3,0,0
878,0,0,0,10,2,0,4,4,0,0
879,0,0,0,10,1,5,0,9,0,0
880,0,0,0,10,5,7,5,0,0,0
881,2,3,0,0,0,0,0,0,6,3
882,9,0,0,5,0,0,0,10,8,0
883,5,0,7,0,0,10,0,0,0,9
884,5,0,7,0,0,0,10,6,0,0
885,0,5,10,0,0,0,0,3,0,1
886,0,5,10,0,0,5,6,0,0,0
887,0,7,0,8,0,0,1,0,0,2
888,0,7,0,8,0,6,0,0,9,0
889,7,0,0,9,2,0,0,0,0,9
890,7,0,0,9,0,7,0,0,9,0
891,7,0,0,9,0,0,2,5,0,0
892,0,2,5,0,2,0,0,0,0,9
893,0,2,5,0,0,7,0,0,9,0
894,0,2,5,0,0,0,2,5,0,0
895,1,1,0,0,4,0,0,0,0,9
896,1,1,0,0,0,0,0,8,6,0
897,2,0,6,0,6,0,0,0,0,9
898,2,0,6,0,0,0,9,0,1,0
899,0,3,0,4,8,0,0,0,0,9
900,0,3,0,4,0,8,0,2,0,0
901,2,10,0,7,0,0,0,0,0,9
902,4,0,8,8,0,0,0,0,0,9
903,10,3,10,0,0,0,0,0,0,9
904,0,9,3,6,0,0,0,0,0,9
905,0,0,4,3,1,0,0,0,0,9
906,0,0,4,3,0,6,6,0,0,0
907,10,0,5,0,0,7,6,0,0,0
908,0,10,0,0,0,6,0,0,8,1
909,0,10,0,0,0,0,1,0,10,3
910,0,10,0,0,0,8,7,0,0,4
911,0,10,0,0,8,0,0,0,5,4
912,0,10,0,0,5,0,10,0,0,5
913,0,10,0,0,4,0,0,8,0,6
914,0,10,0,0,0,4,0,9,0,7
915,0,10,0,0,0,0,0,5,6,8
916,0,10,0,0,3,1,0,0,0,9
917,0,10,0,0,0,0,4,7,0,10
918,0,10,0,0,0,10,0,4,2,0
919,0,10,0,0,9,0,4,0,3,0
920,0,10,0,0,5,0,0,6,4,0
921,0,10,0,0,0,9,5,0,7,0
922,0,10,0,0,0,0,6,8,8,0
923,0,10,0,0,1,8,0,0,9,0
924,0,10,0,0,6,9,0,2,0,0
925,0,10,0,0,10,0,5,4,0,0
926,0,10,0,0,0,6,9,10,0,0
927,0,10,0,0,2,7,6,0,0,0
928,5,0,0,2,0,0,4,0,3,0
929,0,0,6,4,0,0,10,0,0,5
930,0,0,6,4,0,0,0,6,4,0
931,7,0,4,0,0,0,9,0,0,1
932,3,0,0,6,0,10,0,2,0,0
933,0,6,0,7,0,0,0,5,0,3
934,10,8,0,0,0,9,0,0,9,0
935,0,7,6,0,0,0,10,0,5,0
936,0,0,8,5,0,0,8,3,0,0
937,0,2,0,3,7,0,0,2,0,0
938,0,4,1,0,0,0,8,0,0,8
939,0,4,1,0,8,0,0,2,0,0
940,2,0,1,3,0,0,0,2,0,0
941,10,4,0,7,0,0,0,2,0,0
942,7,8,10,0,0,0,0,2,0,0
943,0,10,4,2,0,0,0,2,0,0
944,1,0,0,10,0,3,0,0,0,9
945,1,0,0,10,3,0,0,2,0,0
946,9,6,0,0,4,0,0,2,0,0
947,9,6,0,0,0,9,6,0,0,0
948,4,0,3,0,0,10,0,0,9,0
949,4,0,3,0,5,0,0,2,0,0
950,0,0,10,6,0,0,5,0,7,0
951,0,0,10,6,6,0,0,2,0,0
952,2,5,0,2,0,0,0,0,9,0
953,3,0,4,8,0,0,0,0,9,0
954,9,3,6,0,0,0,0,0,9,0
955,0,4,3,1,0,0,0,0,9,0
956,10,0,0,3,0,0,7,0,0,4
957,10,0,0,3,1,0,0,0,9,0
958,0,1,7,0,4,0,0,0,9,0
959,1,0,2,0,6,0,0,0,9,0
960,1,0,2,0,0,1,0,2,0,0
961,0,9,0,10,8,0,0,0,9,0
962,0,9,0,10,0,0,3,1,0,0
963,8,4,0,0,0,4,0,0,0,9
964,8,4,0,0,9,0,0,0,9,0
965,0,0,1,7,0,4,0,0,0,9
966,0,0,1,7,9,0,0,0,9,0
967,7,2,0,0,9,0,6,0,0,0
968,6,0,9,10,0,0,6,0,0,0
969,8,1,6,0,0,0,6,0,0,0
970,1,3,0,2,0,0,6,0,0,0
971,0,8,7,7,0,0,6,0,0,0
972,9,0,1,0,2,0,6,0,0,0
973,0,5,0,6,4,0,6,0,0,0
974,8,0,0,7,0,0,0,7,0,5
975,8,0,0,7,5,0,6,0,0,0
976,0,9,2,0,0,0,0,9,7,0
977,0,9,2,0,6,0,6,0,0,0
978,0,0,3,8,0,0,0,0,3,6
979,0,0,3,8,0,2,0,2,0,0
980,0,0,3,8,7,0,6,0,0,0
981,0,6,8,0,0,3,0,2,0,0
982,6,0,0,0,6,0,0,0,8,1
983,6,0,0,0,4,0,0,4,0,2
984,6,0,0,0,0,0,9,0,9,3
985,6,0,0,0,0,4,0,5,0,3
986,6,0,0,0,0,0,0,1,6,4
987,6,0,0,0,0,5,10,0,0,5
988,6,0,0,0,0,0,4,3,0,6
989,6,0,0,0,0,10,0,0,2,7
990,6,0,0,0,10,0,5,0,0,7
991,6,0,0,0,9,6,0,0,0,9
992,6,0,0,0,9,0,1,0,2,0
993,6,0,0,0,0,5,0,6,4,0
994,6,0,0,0,8,0,0,7,5,0
995,6,0,0,0,0,9,2,0,6,0
996,6,0,0,0,0,0,3,8,7,0
997,6,0,0,0,7,2,0,0,9,0
998,6,0,0,0,1,3,0,2,0,0
999,6,0,0,0,0,8,7,7,0,0
1000,6,0,0,0,6,0,9,10,0,0
1001,6,0,0,0,8,1,6,0,0,0
1002,0,1,0,2,0,6,0,0,0,9
1003,0,1,0,2,0,0,1,0,2,0
1004,0,0,5,9,0,0,0,4,0,2
1005,3,0,10,0,0,0,0,1,0,10
1006,0,8,0,9,0,0,0,5,3,0
1007,5,9,0,0,0,0,4,0,0,3
1008,5,9,0,0,0,4,0,2,0,0
1009,0,3,3,0,0,0,0,0,2,7
1010,4,0,0,4,0,2,6,0,0,0
1011,0,0,7,10,0,3,0,0,9,0
1012,0,4,0,5,0,3,6,0,0,0
1013,2,0,0,8,0,0,0,0,7,2
1014,4,7,0,0,0,0,4,8,0,0
1015,0,0,9,0,6,0,0,0,7,2
1016,0,0,9,0,0,0,7,10,0,3
1017,0,0,9,0,0,0,9,0,8,4
1018,0,0,9,0,0,0,0,1,5,5
1019,0,0,9,0,0,7,0,8,0,6
1020,0,0,9,0,0,2,5,0,0,7
1021,0,0,9,0,7,0,0,9,0,7
1022,0,0,9,0,0,10,0,0,1,8
1023,0,0,9,0,10,8,0,0,0,9
1024,0,0,9,0,4,0,3,0,0,10
1025,0,0,9,0,10,0,0,3,1,0
1026,0,0,9,0,0,1,7,0,4,0
1027,0,0,9,0,1,0,2,0,6,0
1028,0,0,9,0,0,9,0,10,8,0
1029,0,0,9,0,0,0,1,7,9,0
1030,0,0,9,0,8,4,0,0,9,0
1031,0,0,9,0,0,4,3,1,0,0
1032,0,0,9,0,2,5,0,2,0,0
1033,0,0,9,0,3,0,4,8,0,0
1034,0,0,9,0,9,3,6,0,0,0
1035,0,8,4,0,0,9,0,0,0,9
1036,8,0,8,0,0,0,0,1,10,0
1037,0,0,0,1,0,7,9,0,0,1
1038,0,0,0,1,0,0,0,5,2,1
1039,0,0,0,1,5,0,0,6,0,4
1040,0,0,0,1,0,6,0,0,4,5
1041,0,0,0,1,3,0,2,0,0,6
1042,0,0,0,1,0,0,1,0,6,7
1043,0,0,0,1,0,5,0,10,0,8
1044,0,0,0,1,8,0,0,0,1,8
1045,0,0,0,1,7,9,0,0,0,9
1046,0,0,0,1,0,0,5,2,0,9
1047,0,0,0,1,0,0,9,4,5,0
1048,0,0,0,1,0,4,0,9,7,0
1049,0,0,0,1,10,0,8,0,8,0
1050,0,0,0,1,5,5,0,0,9,0
1051,0,0,0,1,0,10,3,0,10,0
1052,0,0,0,1,2,0,0,1,10,0
1053,0,0,0,1,10,6,0,2,0,0
1054,0,0,0,1,9,0,7,7,0,0
1055,0,0,0,1,0,1,4,8,0,0
1056,0,0,0,1,6,4,6,0,0,0
1057,10,0,1,0,0,0,5,0,0,3
1058,0,10,7,0,0,0,8,0,4,0
1059,9,0,0,7,0,8,0,6,0,0
1060,0,7,0,10,0,0,0,4,0,9
1061,8,2,0,0,0,5,0,0,5,0
1062,0,0,2,4,0,0,2,9,0,0
1063,7,0,0,0,0,0,0,3,7,1
1064,7,0,0,0,7,0,0,0,2,3
1065,7,0,0,0,0,4,8,0,0,4
1066,7,0,0,0,5,7,0,0,0,5
1067,7,0,0,0,1,0,0,1,0,6
1068,7,0,0,0,0,0,1,9,0,7
1069,7,0,0,0,0,1,0,4,0,9
1070,7,0,0,0,0,0,5,0,5,9
1071,7,0,0,0,0,8,0,0,6,10
1072,7,0,0,0,8,0,4,0,0,10
1073,7,0,0,0,0,4,0,7,1,0
1074,7,0,0,0,2,0,0,10,4,0
1075,7,0,0,0,10,6,0,0,5,0
1076,7,0,0,0,5,0,3,0,6,0
1077,7,0,0,0,0,5,6,0,7,0
1078,7,0,0,0,0,0,9,2,10,0
1079,7,0,0,0,3,9,0,6,0,0
1080,7,0,0,0,7,0,5,8,0,0
1081,7,0,0,0,0,2,10,10,0,0
1082,7,0,0,0,2,3,7,0,0,0
1083,0,3,0,6,0,7,0,0,0,5
1084,0,3,0,6,0,0,3,0,6,0
1085,0,7,2,0,0,9,0,6,0,0
1086,0,0,4,5,0,0,0,1,0,6
1087,0,4,8,0,0,0,0,9,0,3
1088,0,4,8,0,0,4,7,0,0,0
1089,6,9,0,0,0,0,0,0,7,9
1090,0,10,0,2,0,0,3,0,0,6
1091,0,10,0,2,0,7,0,0,5,0
1092,5,0,0,4,0,0,0,8,2,0
1093,4,0,10,0,0,8,0,0,0,5
1094,4,0,10,0,0,0,8,7,0,0
1095,3,0,0,8,0,9,0,0,0,5
1096,3,0,0,8,9,0,0,6,0,0
1097,0,6,0,9,10,0,0,6,0,0
1098,6,0,3,9,0,0,0,6,0,0
1099,8,1,0,10,0,0,0,6,0,0
1100,10,2,8,0,0,0,0,6,0,0
1101,0,8,1,6,0,0,0,6,0,0
1102,5,7,0,0,1,0,0,6,0,0
1103,5,7,0,0,0,5,7,0,0,0
1104,0,1,3,0,0,0,2,0,0,2
1105,0,1,3,0,2,0,0,6,0,0
1106,1,0,9,0,0,8,0,0,5,0
1107,1,0,9,0,4,0,0,6,0,0
1108,0,0,8,7,0,0,4,0,10,0
1109,0,0,8,7,7,0,0,6,0,0
1110,0,2,0,5,0,0,0,4,9,0
1111,9,0,8,0,0,0,0,3,0,8
1112,4,5,0,0,0,0,1,0,0,9
1113,4,5,0,0,0,1,0,6,0,0
1114,1,0,0,1,0,6,7,0,0,0
1115,0,9,9,0,0,0,0,0,6,10
1116,0,0,10,8,0,9,0,0,5,0
1117,10,0,0,5,6,0,0,0,0,5
1118,10,0,0,5,0,10,0,0,5,0
1119,10,0,0,5,0,0,6,4,0,0
1120,0,6,4,0,6,0,0,0,0,5
1121,0,6,4,0,0,10,0,0,5,0
1122,0,6,4,0,0,0,6,4,0,0
1123,6,0,7,0,7,0,0,0,0,5
1124,6,0,7,0,0,0,5,0,3,0
1125,6,8,0,10,0,0,0,0,0,5
1126,8,9,8,0,0,0,0,0,0,5
1127,1,0,2,2,0,0,0,0,0,5
1128,0,5,9,7,0,0,0,0,0,5
1129,3,3,0,0,1,0,0,0,0,5
1130,3,3,0,0,0,0,0,2,7,0
1131,0,9,0,1,2,0,0,0,0,5
1132,0,9,0,1,0,2,0,6,0,0
1133,0,0,1,9,3,0,0,0,0,5
1134,0,0,1,9,0,7,7,0,0,0
1135,3,0,6,0,7,0,0,0,5,0
1136,3,0,6,0,0,3,0,6,0,0
1137,6,4,0,6,0,0,0,0,5,0
1138,5,9,7,0,0,0,0,0,5,0
1139,9,0,1,2,0,0,0,0,5,0
1140,0,1,9,3,0,0,0,0,5,0
1141,0,3,10,0,1,0,0,0,5,0
1142,0,5,0,8,2,0,0,0,5,0
1143,0,5,0,8,0,0,9,3,0,0
1144,8,0,0,9,0,0,10,0,0,1
1145,8,0,0,9,3,0,0,0,5,0
1146,2,1,0,0,0,1,0,0,0,5
1147,2,1,0,0,5,0,0,0,5,0
1148,0,0,3,10,0,1,0,0,0,5
1149,0,0,3,10,5,0,0,0,5,0
1150,1,10,0,0,0,0,1,2,0,0
1151,6,0,0,2,0,0,0,0,10,6
1152,0,1,0,4,0,9,7,0,0,0
1153,0,0,5,0,0,0,5,0,2,1
1154,0,0,5,0,0,8,0,0,3,2
1155,0,0,5,0,0,0,0,3,4,4
1156,0,0,5,0,8,2,0,0,0,5
1157,0,0,5,0,7,0,0,0,10,6
1158,0,0,5,0,0,10,0,2,0,7
1159,0,0,5,0,1,0,9,0,0,8
1160,0,0,5,0,0,0,10,8,0,9
1161,0,0,5,0,0,6,4,0,0,10
1162,0,0,5,0,10,0,0,5,0,10
1163,0,0,5,0,0,3,10,0,1,0
1164,0,0,5,0,0,5,0,8,2,0
1165,0,0,5,0,8,0,0,9,3,0
1166,0,0,5,0,0,0,3,10,5,0
1167,0,0,5,0,2,1,0,0,5,0
1168,0,0,5,0,3,0,6,0,7,0
1169,0,0,5,0,9,0,1,2,0,0
1170,0,0,5,0,0,1,9,3,0,0
1171,0,0,5,0,6,4,0,6,0,0
1172,0,0,5,0,5,9,7,0,0,0
1173,0,8,0,0,0,2,10,0,0,1
1174,0,8,0,0,2,0,0,0,4,1
1175,0,8,0,0,0,0,0,4,7,2
1176,0,8,0,0,0,7,0,0,2,3
1177,0,8,0,0,4,0,8,0,0,4
1178,0,8,0,0,9,3,0,0,0,5
1179,0,8,0,0,1,0,0,2,0,7
1180,0,8,0,0,0,0,1,10,0,8
1181,0,8,0,0,0,0,3,0,8,9
1182,0,8,0,0,0,1,0,5,0,10
1183,0,8,0,0,4,0,0,7,1,0
1184,0,8,0,0,0,0,7,2,2,0
1185,0,8,0,0,3,2,0,0,5,0
1186,0,8,0,0,0,8,0,1,6,0
1187,0,8,0,0,5,0,1,0,9,0
1188,0,8,0,0,0,5,4,0,10,0
1189,0,8,0,0,8,0,4,1,0,0
1190,0,8,0,0,7,5,0,6,0,0
1191,0,8,0,0,0,7,5,8,0,0
1192,0,8,0,0,6,10,7,0,0,0
1193,8,0,4,0,0,10,7,0,0,0
1194,4,0,0,6,0,0,1,0,9,0
1195,0,0,7,1,0,0,8,0,0,4
1196,0,0,7,1,0,0,0,7,1,0
1197,2,3,7,0,0,0,7,0,0,0
1198,3,9,0,6,0,0,7,0,0,0
1199,7,0,5,8,0,0,7,0,0,0
1200,0,2,10,10,0,0,7,0,0,0
1201,0,4,0,7,1,0,7,0,0,0
1202,2,0,0,10,0,0,0,10,0,4
1203,2,0,0,10,4,0,7,0,0,0
1204,10,6,0,0,5,0,7,0,0,0
1205,5,0,3,0,6,0,7,0,0,0
1206,0,5,6,0,0,0,0,5,10,0
1207,0,5,6,0,7,0,7,0,0,0
1208,0,0,9,2,0,0,0,0,9,7
1209,0,0,9,2,0,6,0,6,0,0
1210,0,0,9,2,10,0,7,0,0,0
1211,0,2,1,0,0,5,0,0,0,5
1212,2,0,2,0,0,0,0,3,8,0
1213,0,0,0,3,4,0,0,7,0,1
1214,0,0,0,3,0,4,0,8,0,2
1215,0,0,0,3,2,0,0,0,3,2
1216,0,0,0,3,0,0,0,4,6,3
1217,0,0,0,3,0,10,5,0,0,3
1218,0,0,0,3,0,7,0,0,1,4
1219,0,0,0,3,0,0,4,6,0,5
1220,0,0,0,3,10,5,0,0,0,5
1221,0,0,0,3,9,0,6,0,0,7
1222,0,0,0,3,0,0,3,0,7,10
1223,0,0,0,3,8,0,2,0,2,0
1224,0,0,0,3,0,0,5,1,4,0
1225,0,0,0,3,4,4,0,0,5,0
1226,0,0,0,3,0,8,9,0,8,0
1227,0,0,0,3,6,0,0,3,8,0
1228,0,0,0,3,0,1,0,5,10,0
1229,0,0,0,3,0,3,1,2,0,0
1230,0,0,0,3,8,7,0,6,0,0
1231,0,0,0,3,5,0,10,10,0,0
1232,0,0,0,3,7,1,7,0,0,0
1233,0,4,4,0,0,0,0,0,10,2
1234,9,0,0,9,0,10,8,0,0,0
1235,3,1,0,0,0,0,9,0,0,4
1236,3,1,0,0,0,9,0,10,0,0
1237,0,7,0,1,0,0,0,3,4,0
1238,4,0,6,0,0,0,0,5,0,6
1239,0,0,2,6,0,4,0,0,1,0
1240,7,0,0,2,0,0,0,2,0,3
1241,7,0,0,2,3,0,8,0,0,0
1242,0,1,10,0,0,0,0,1,2,0
1243,0,1,10,0,8,0,8,0,0,0
1244,0,3,0,8,9,0,8,0,0,0
1245,1,0,5,0,10,0,8,0,0,0
1246,8,0,1,6,0,0,8,0,0,0
1247,5,4,0,10,0,0,8,0,0,0
1248,7,5,8,0,0,0,8,0,0,0
1249,0,7,2,2,0,0,8,0,0,0
1250,2,10,0,0,1,0,8,0,0,0
1251,0,0,4,7,0,0,0,0,4,8
1252,0,0,4,7,0,10,0,10,0,0
1253,0,0,4,7,2,0,8,0,0,0
1254,1,8,0,0,9,0,0,10,0,0
1255,1,8,0,0,0,1,8,0,0,0
1256,2,7,6,0,0,0,0,10,0,0
1257,6,9,0,2,0,0,0,10,0,0
1258,10,0,5,4,0,0,0,10,0,0
1259,0,6,9,10,0,0,0,10,0,0
1260,0,10,0,4,2,0,0,10,0,0
1261,9,0,4,0,0,6,0,0,1,0
1262,9,0,4,0,3,0,0,10,0,0
1263,5,0,0,6,0,4,0,0,0,1
1264,5,0,0,6,4,0,0,10,0,0
1265,0,9,5,0,0,0,7,0,0,7
1266,0,9,5,0,7,0,0,10,0,0
1267,0,0,6,8,0,0,3,0,2,0
1268,0,0,6,8,8,0,0,10,0,0
1269,3,0,0,10,0,0,9,0,4,0
1270,0,6,0,0,4,5,0,0,0,1
1271,0,6,0,0,0,9,0,1,0,2
1272,0,6,0,0,3,0,6,0,0,3
1273,0,6,0,0,0,0,5,0,6,4
1274,0,6,0,0,0,8,0,0,7,5
1275,0,6,0,0,0,0,9,2,0,6
1276,0,6,0,0,0,0,0,3,8,7
1277,0,6,0,0,9,0,0,7,0,8
1278,0,6,0,0,0,7,2,0,0,9
1279,0,6,0,0,7,0,0,0,3,9
1280,0,6,0,0,5,7,0,0,1,0
1281,0,6,0,0,0,1,3,0,2,0
1282,0,6,0,0,1,0,9,0,4,0
1283,0,6,0,0,0,0,8,7,7,0
1284,0,6,0,0,3,0,0,8,9,0
1285,0,6,0,0,0,6,0,9,10,0
1286,0,6,0,0,0,8,1,6,0,0
1287,0,6,0,0,6,0,3,9,0,0
1288,0,6,0,0,8,1,0,10,0,0
1289,0,6,0,0,10,2,8,0,0,0
1290,6,0,3,0,0,2,8,0,0,0
1291,0,0,8,9,0,0,6,0,0,3
1292,0,0,8,9,0,0,0,8,9,0
1293,0,2,0,7,0,0,5,0,0,10
1294,0,2,0,7,0,8,0,0,1,0
1295,3,0,2,0,0,6,0,0,0,1
1296,3,0,2,0,0,0,6,8,0,0
1297,10,4,0,0,0,0,0,0,8,4
1298,0,3,6,0,0,0,0,4,0,5
1299,0,3,6,0,0,3,8,0,0,0
1300,1,0,0,3,0,0,0,6,7,0
1301,10,0,0,7,0,0,0,0,2,10
1302,9,2,0,0,0,0,9,7,0,0
1303,0,9,0,3,0,4,8,0,0,0
1304,0,0,1,0,6,7,0,0,0,1
1305,0,0,1,0,0,10,3,0,0,2
1306,0,0,1,0,2,0,0,1,0,2
1307,0,0,1,0,0,0,0,5,3,3
1308,0,0,1,0,0,0,2,6,0,4
1309,0,0,1,0,9,0,4,0,0,6
1310,0,0,1,0,0,6,0,0,5,7
1311,0,0,1,0,0,2,0,7,0,8
1312,0,0,1,0,0,0,1,0,7,9
1313,0,0,1,0,8,0,0,0,2,10
1314,0,0,1,0,7,9,0,0,1,0
1315,0,0,1,0,0,0,5,2,1,0
1316,0,0,1,0,6,0,0,4,5,0
1317,0,0,1,0,0,1,0,6,7,0
1318,0,0,1,0,5,0,10,0,8,0
1319,0,0,1,0,0,5,2,0,9,0
1320,0,0,1,0,0,9,4,5,0,0
1321,0,0,1,0,4,0,9,7,0,0
1322,0,0,1,0,10,3,0,10,0,0
1323,0,0,1,0,1,4,8,0,0,0
1324,0,8,7,0,0,4,0,10,0,0
1325,0,5,0,10,0,8,0,0,0,1
1326,0,5,0,10,0,0,5,0,10,0
1327,8,0,0,0,1,8,0,0,0,1
1328,8,0,0,0,0,6,0,0,10,2
1329,8,0,0,0,6,0,3,0,0,2
1330,8,0,0,0,0,3,6,0,0,3
1331,8,0,0,0,0,9,0,3,0,4
1332,8,0,0,0,0,0,1,0,1,4
1333,8,0,0,0,8,0,0,0,7,5
1334,8,0,0,0,0,0,9,4,0,8
1335,8,0,0,0,0,0,0,5,8,9
1336,8,0,0,0,9,0,0,9,0,10
1337,8,0,0,0,2,10,0,0,1,0
1338,8,0,0,0,0,0,4,7,2,0
1339,8,0,0,0,7,0,0,2,3,0
1340,8,0,0,0,0,1,10,0,8,0
1341,8,0,0,0,0,3,0,8,9,0
1342,8,0,0,0,1,0,5,0,10,0
1343,8,0,0,0,0,7,2,2,0,0
1344,8,0,0,0,8,0,1,6,0,0
1345,8,0,0,0,5,4,0,10,0,0
1346,8,0,0,0,7,5,8,0,0,0
1347,0,0,3,1,0,0,0,9,0,10
1348,6,0,0,4,0,0,2,0,0,9
1349,6,0,0,4,5,0,0,0,1,0
1350,0,1,0,6,7,0,0,0,1,0
1351,0,1,0,6,0,0,4,5,0,0
1352,5,0,10,0,8,0,0,0,1,0
1353,5,0,10,0,0,5,0,10,0,0
1354,0,5,2,0,9,0,0,0,1,0
1355,4,0,9,7,0,0,0,0,1,0
1356,10,3,0,10,0,0,0,0,1,0
1357,1,4,8,0,0,0,0,0,1,0
1358,0,9,4,5,0,0,0,0,1,0
1359,7,9,0,0,0,9,0,0,0,1
1360,7,9,0,0,1,0,0,0,1,0
1361,0,0,5,2,0,9,0,0,0,1
1362,0,0,5,2,1,0,0,0,1,0
1363,0,2,8,0,0,0,6,0,3,0
1364,6,7,0,0,0,1,0,0,1,0
1365,0,8,0,2,0,0,0,3,0,4
1366,2,0,9,0,0,0,1,0,0,5
1367,4,0,0,8,0,6,0,10,0,0
1368,0,0,7,3,0,0,7,4,0,0
1369,0,4,0,9,7,0,0,0,0,1
1370,0,4,0,9,0,7,0,10,0,0
1371,10,0,8,0,8,0,0,0,0,1
1372,10,0,8,0,0,0,1,0,5,0
1373,5,5,0,0,9,0,0,0,0,1
1374,5,5,0,0,0,0,0,7,8,0
1375,2,0,0,1,10,0,0,0,0,1
1376,2,0,0,1,0,2,0,0,1,0
1377,2,0,0,1,0,0,10,3,0,0
1378,0,10,3,0,10,0,0,0,0,1
1379,0,10,3,0,0,2,0,0,1,0
1380,0,10,3,0,0,0,10,3,0,0
1381,6,4,6,0,0,0,0,0,0,1
1382,10,6,0,2,0,0,0,0,0,1
1383,9,0,7,7,0,0,0,0,0,1
1384,0,1,4,8,0,0,0,0,0,1
1385,0,0,9,4,5,0,0,0,0,1
1386,0,0,9,4,0,8,8,0,0,0
1387,7,0,7,0,0,0,0,5,6,0
1388,0,7,9,0,0,1,0,0,0,1
1389,0,0,0,5,0,0,3,10,0,1
1390,0,0,0,5,2,1,0,0,0,1
1391,0,0,0,5,0,0,5,0,8,2
1392,0,0,0,5,0,8,0,0,9,3
1393,0,0,0,5,0,0,0,3,10,5
1394,0,0,0,5,0,2,1,0,0,5
1395,0,0,0,5,7,0,0,0,5,7
1396,0,0,0,5,0,3,0,6,0,7
1397,0,0,0,5,4,0,10,0,0,8
1398,0,0,0,5,3,0,0,8,0,9
1399,0,0,0,5,3,3,0,0,1,0
1400,0,0,0,5,0,9,0,1,2,0
1401,0,0,0,5,0,0,1,9,3,0
1402,0,0,0,5,10,0,0,5,6,0
1403,0,0,0,5,0,6,4,0,6,0
1404,0,0,0,5,6,0,7,0,7,0
1405,0,0,0,5,1,0,2,2,0,0
1406,0,0,0,5,0,5,9,7,0,0
1407,0,0,0,5,6,8,0,10,0,0
1408,0,0,0,5,8,9,8,0,0,0
1409,9,0,0,0,0,2,4,0,0,2
1410,9,0,0,0,6,0,0,6,0,3
1411,9,0,0,0,4,0,2,0,0,5
1412,9,0,0,0,0,4,0,0,3,5
1413,9,0,0,0,0,0,0,7,9,6
1414,9,0,0,0,9,0,0,0,1,7
1415,9,0,0,0,8,9,0,0,0,8
1416,9,0,0,0,0,0,6,10,0,9
1417,9,0,0,0,0,0,8,0,8,10
1418,9,0,0,0,0,6,0,2,0,10
1419,9,0,0,0,1,0,0,5,2,0
1420,9,0,0,0,8,0,7,0,3,0
1421,9,0,0,0,0,0,10,1,5,0
1422,9,0,0,0,0,2,0,9,6,0
1423,9,0,0,0,5,3,0,0,8,0
1424,9,0,0,0,0,8,3,0,9,0
1425,9,0,0,0,7,10,0,3,0,0
1426,9,0,0,0,9,0,8,4,0,0
1427,9,0,0,0,0,1,5,5,0,0
1428,9,0,0,0,1,7,9,0,0,0
1429,0,7,0,3,0,9,0,0,0,8
1430,0,7,0,3,0,0,7,0,3,0
1431,0,9,1,0,0,10,0,3,0,0
1432,0,0,2,8,0,0,0,6,0,3
1433,7,0,0,4,0,10,0,0,0,8
1434,7,0,0,4,10,0,0,3,0,0
1435,4,6,0,5,0,0,0,3,0,0
1436,3,0,7,10,0,0,0,3,0,0
1437,5,1,4,0,0,0,0,3,0,0
1438,0,4,6,3,0,0,0,3,0,0
1439,0,6,7,0,0,0,1,0,0,1
1440,0,6,7,0,1,0,0,3,0,0
1441,6,0,10,0,0,4,0,0,8,0
1442,6,0,10,0,2,0,0,3,0,0
1443,0,3,0,10,5,0,0,3,0,0
1444,8,9,0,0,6,0,0,3,0,0
1445,8,9,0,0,0,8,9,0,0,0
1446,0,0,4,9,0,0,2,0,5,0
1447,0,0,4,9,9,0,0,3,0,0
1448,3,0,9,0,9,0,0,0,0,8
1449,3,0,9,0,0,0,8,0,7,0
1450,4,10,4,0,0,0,0,0,0,8
1451,6,0,1,1,0,0,0,0,0,8
1452,3,4,0,5,0,0,0,0,0,8
1453,0,8,10,9,0,0,0,0,0,8
1454,0,10,0,6,1,0,0,0,0,8
1455,0,10,0,6,0,1,0,3,0,0
1456,5,0,0,8,3,0,0,0,0,8
1457,5,0,0,8,0,5,0,0,8,0
1458,5,0,0,8,0,0,3,2,0,0
1459,0,3,2,0,3,0,0,0,0,8
1460,0,3,2,0,0,5,0,0,8,0
1461,0,3,2,0,0,0,3,2,0,0
1462,7,7,0,0,6,0,0,0,0,8
1463,7,7,0,0,0,0,0,1,9,0
1464,0,0,6,10,7,0,0,0,0,8
1465,0,0,6,10,0,9,9,0,0,0
1466,6,5,0,0,0,0,6,1,0,0
1467,3,0,0,1,0,0,0,0,5,3
1468,0,6,0,2,0,10,9,0,0,0
1469,0,0,8,0,0,4,0,0,7,1
1470,0,0,8,0,0,0,0,7,2,2
1471,0,0,8,0,9,0,0,0,5,3
1472,0,0,8,0,6,0,10,0,0,4
1473,0,0,8,0,5,0,0,8,0,5
1474,0,0,8,0,0,3,2,0,0,5
1475,0,0,8,0,0,0,8,0,1,6
1476,0,0,8,0,4,1,0,0,0,8
1477,0,0,8,0,0,5,0,1,0,9
1478,0,0,8,0,0,0,5,4,0,10
1479,0,0,8,0,0,8,0,4,1,0
1480,0,0,8,0,0,7,5,0,6,0
1481,0,0,8,0,4,0,0,10,7,0
1482,0,0,8,0,1,6,0,0,8,0
1483,0,0,8,0,0,0,7,5,8,0
1484,0,0,8,0,7,0,3,0,9,0
1485,0,0,8,0,10,0,6,1,0,0
1486,0,0,8,0,3,2,0,3,0,0
1487,0,0,8,0,0,6,10,7,0,0
1488,0,0,8,0,8,10,9,0,0,0
1489,0,2,0,9,6,0,9,0,0,0
1490,5,3,0,0,8,0,9,0,0,0
1491,0,8,3,0,0,0,0,8,5,0
1492,0,8,3,0,9,0,9,0,0,0
1493,1,7,9,0,0,0,9,0,0,0
1494,7,10,0,3,0,0,9,0,0,0
1495,9,0,8,4,0,0,9,0,0,0
1496,0,1,5,5,0,0,9,0,0,0
1497,1,0,0,5,0,0,0,5,0,2
1498,1,0,0,5,2,0,9,0,0,0
1499,8,0,7,0,3,0,9,0,0,0
1500,0,0,10,1,0,0,0,0,10,9
1501,0,0,10,1,0,3,0,3,0,0
1502,0,0,10,1,5,0,9,0,0,0
1503,10,0,0,9,0,4,0,3,0,0
1504,4,1,0,0,0,8,0,0,8,0
1505,5,0,6,0,0,0,8,0,0,7
1506,0,5,9,0,0,0,4,0,2,0
1507,0,9,0,5,0,0,0,2,0,10
1508,0,0,1,2,0,0,1,10,0,0
1509,0,2,4,0,0,0,0,10,0,7
1510,0,2,4,0,0,2,9,0,0,0
1511,2,0,5,0,0,4,0,0,0,8
1512,2,0,5,0,0,0,4,9,0,0
1513,3,10,0,0,0,0,0,0,9,10
1514,0,5,0,1,0,0,7,0,0,3
1515,0,5,0,1,0,9,0,0,8,0
1516,8,0,0,2,0,0,0,4,1,0
1517,10,0,4,0,0,0,0,7,0,4
1518,6,0,0,6,0,3,9,0,0,0
1519,0,10,10,0,0,0,0,0,3,5
1520,0,1,0,8,0,0,0,2,10,0
1521,2,8,0,0,0,0,6,0,0,10
1522,2,8,0,0,0,6,0,3,0,0
1523,0,0,5,4,0,10,0,0,8,0
1524,7,0,3,0,9,0,0,0,8,0
1525,7,0,3,0,0,7,0,3,0,0
1526,8,10,9,0,0,0,0,0,8,0
1527,10,0,6,1,0,0,0,0,8,0
1528,3,2,0,3,0,0,0,0,8,0
1529,0,6,10,7,0,0,0,0,8,0
1530,0,8,0,4,1,0,0,0,8,0
1531,0,8,0,4,0,0,10,7,0,0
1532,0,7,5,0,6,0,0,0,8,0
1533,4,0,0,10,0,0,5,0,0,6
1534,4,0,0,10,7,0,0,0,8,0
1535,1,6,0,0,0,6,0,0,0,8
1536,1,6,0,0,8,0,0,0,8,0
1537,0,0,7,5,0,6,0,0,0,8
1538,0,0,7,5,8,0,0,0,8,0
1539,0,4,0,0,0,0,0,2,9,1
1540,0,4,0,0,2,0,4,0,0,2
1541,0,4,0,0,0,0,6,5,0,4
1542,0,4,0,0,0,6,0,8,0,5
1543,0,4,0,0,0,1,5,0,0,6
1544,0,4,0,0,1,0,0,0,2,6
1545,0,4,0,0,0,9,0,0,1,7
1546,0,4,0,0,10,7,0,0,0,8
1547,0,4,0,0,6,0,0,1,0,9
1548,0,4,0,0,0,0,7,0,4,10
1549,0,4,0,0,0,0,9,1,1,0
1550,0,4,0,0,0,4,0,6,3,0
1551,0,4,0,0,0,8,2,0,5,0
1552,0,4,0,0,2,0,0,9,6,0
1553,0,4,0,0,7,1,0,0,8,0
1554,0,4,0,0,8,0,6,0,10,0
1555,0,4,0,0,9,8,0,3,0,0
1556,0,4,0,0,0,9,8,4,0,0
1557,0,4,0,0,4,0,2,6,0,0
1558,0,4,0,0,3,5,9,0,0,0
1559,2,0,0,3,0,0,6,0,10,0
1560,4,0,2,0,0,5,9,0,0,0
1561,0,0,9,6,0,0,4,0,0,2
1562,0,0,9,6,0,0,0,9,6,0
1563,0,1,6,0,0,8,0,0,0,8
1564,1,0,1,0,0,0,0,7,4,0
1565,0,0,0,7,0,2,0,4,0,1
1566,0,0,0,7,1,0,0,0,7,1
1567,0,0,0,7,0,9,0,0,6,2
1568,0,0,0,7,0,0,7,0,9,5
1569,0,0,0,7,2,0,0,9,0,6
1570,0,0,0,7,0,0,0,2,3,7
1571,0,0,0,7,0,5,8,0,0,7
1572,0,0,0,7,0,0,2,3,0,8
1573,0,0,0,7,5,8,0,0,0,8
1574,0,0,0,7,10,0,3,0,0,9
1575,0,0,0,7,4,0,1,0,1,0
1576,0,0,0,7,0,0,8,6,2,0
1577,0,0,0,7,0,4,10,0,4,0
1578,0,0,0,7,3,0,0,7,4,0
1579,0,0,0,7,0,6,0,8,5,0
1580,0,0,0,7,2,2,0,0,8,0
1581,0,0,0,7,0,7,6,1,0,0
1582,0,0,0,7,4,9,0,3,0,0
1583,0,0,0,7,8,0,5,5,0,0
1584,0,0,0,7,9,6,9,0,0,0
1585,2,3,0,8,0,0,0,7,0,0
1586,8,6,2,0,0,0,0,7,0,0
1587,7,0,9,5,0,0,0,7,0,0
1588,0,2,3,7,0,0,0,7,0,0
1589,3,0,5,0,0,2,0,0,4,0
1590,3,0,5,0,1,0,0,7,0,0
1591,4,10,0,0,3,0,0,7,0,0
1592,4,10,0,0,0,4,10,0,0,0
1593,9,0,0,2,0,5,0,0,0,4
1594,9,0,0,2,5,0,0,7,0,0
1595,0,3,9,0,0,0,6,0,0,6
1596,0,3,9,0,6,0,0,7,0,0
1597,0,7,0,5,8,0,0,7,0,0
1598,0,0,2,10,0,0,1,0,8,0
1599,0,0,2,10,10,0,0,7,0,0
1600,7,0,0,6,0,0,0,0,8,7
1601,3,8,0,0,0,0,3,6,0,0
1602,0,3,0,1,0,5,10,0,0,0
1603,0,0,4,0,0,0,0,9,1,1
1604,0,0,4,0,3,0,5,0,0,2
1605,0,0,4,0,0,0,4,0,6,3
1606,0,0,4,0,2,6,0,0,0,4
1607,0,0,4,0,0,0,8,2,0,5
1608,0,0,4,0,0,2,0,0,9,6
1609,0,0,4,0,10,0,0,0,8,7
1610,0,0,4,0,8,0,0,4,0,8
1611,0,0,4,0,0,7,1,0,0,8
1612,0,0,4,0,0,8,0,6,0,10
1613,0,0,4,0,0,9,8,0,3,0
1614,0,0,4,0,6,3,0,0,4,0
1615,0,0,4,0,0,0,9,8,4,0
1616,0,0,4,0,0,4,0,2,6,0
1617,0,0,4,0,2,0,0,5,9,0
1618,0,0,4,0,9,0,7,0,10,0
1619,0,0,4,0,5,0,3,6,0,0
1620,0,0,4,0,7,1,0,7,0,0
1621,0,0,4,0,0,3,5,9,0,0
1622,0,0,4,0,4,5,10,0,0,0
1623,0,8,10,0,0,0,2,0,1,0
1624,0,10,0,8,0,0,0,1,0,5
1625,5,0,0,10,0,2,0,7,0,0
1626,2,6,0,0,0,4,0,0,4,0
1627,8,0,3,0,0,0,4,0,0,9
1628,0,0,6,1,0,0,6,5,0,0
1629,3,0,0,3,0,7,10,0,0,0
1630,0,6,0,4,0,0,0,1,5,0
1631,5,0,2,0,0,0,0,9,0,2
1632,0,5,5,0,0,0,0,0,7,8
1633,1,4,0,0,0,0,3,0,0,5
1634,1,4,0,0,0,3,0,7,0,0
1635,0,0,8,2,0,5,0,0,4,0
1636,0,2,0,0,1,0,2,0,0,1
1637,0,2,0,0,0,0,3,8,0,2
1638,0,2,0,0,0,6,8,0,0,3
1639,0,2,0,0,6,0,0,0,1,3
1640,0,2,0,0,5,9,0,0,0,4
1641,0,2,0,0,0,0,9,0,2,5
1642,0,2,0,0,0,0,0,1,10,6
1643,0,2,0,0,0,3,0,4,0,8
1644,0,2,0,0,0,10,0,0,6,9
1645,0,2,0,0,3,0,0,6,0,10
1646,0,2,0,0,1,0,0,10,3,0
1647,0,2,0,0,9,6,0,0,4,0
1648,0,2,0,0,4,0,3,0,5,0
1649,0,2,0,0,0,0,10,6,6,0
1650,0,2,0,0,0,2,0,3,7,0
1651,0,2,0,0,0,4,1,0,8,0
1652,0,2,0,0,0,10,4,2,0,0
1653,0,2,0,0,2,0,1,3,0,0
1654,0,2,0,0,10,4,0,7,0,0
1655,0,2,0,0,7,8,10,0,0,0
1656,2,0,1,0,0,8,10,0,0,0
1657,1,0,0,7,0,0,3,0,5,0
1658,0,0,10,3,0,0,2,0,0,1
1659,0,0,10,3,0,0,0,10,3,0
1660,10,0,0,0,0,1,2,0,0,1
1661,10,0,0,0,0,0,0,9,10,3
1662,10,0,0,0,4,10,0,0,0,4
1663,10,0,0,0,0,3,0,1,0,5
1664,10,0,0,0,0,0,4,0,4,5
1665,10,0,0,0,3,0,0,3,0,7
1666,10,0,0,0,2,0,1,0,0,8
1667,10,0,0,0,0,2,0,0,7,8
1668,10,0,0,0,10,0,0,0,6,9
1669,10,0,0,0,0,0,3,5,0,10
1670,10,0,0,0,6,0,0,8,1,0
1671,10,0,0,0,0,1,0,10,3,0
1672,10,0,0,0,8,7,0,0,4,0
1673,10,0,0,0,4,0,9,0,7,0
1674,10,0,0,0,0,0,5,6,8,0
1675,10,0,0,0,0,4,7,0,10,0
1676,10,0,0,0,10,0,4,2,0,0
1677,10,0,0,0,9,5,0,7,0,0
1678,10,0,0,0,0,6,8,8,0,0
1679,10,0,0,0,6,9,10,0,0,0
1680,0,10,6,0,0,5,0,7,0,0
1681,0,9,0,7,0,10,0,0,0,4
1682,0,9,0,7,0,0,9,0,7,0
1683,0,0,1,4,0,0,0,3,0,7
1684,7,0,10,0,10,0,0,0,0,4
1685,7,0,10,0,0,0,4,0,9,0
1686,2,5,2,0,0,0,0,0,0,4
1687,3,0,6,6,0,0,0,0,0,4
1688,7,2,0,8,0,0,0,0,0,4
1689,0,4,5,10,0,0,0,0,0,4
1690,9,9,0,0,3,0,0,0,0,4
1691,9,9,0,0,0,0,0,6,10,0
1692,0,5,0,3,6,0,0,0,0,4
1693,0,5,0,3,0,6,0,7,0,0
1694,8,0,0,4,7,0,0,0,0,4
1695,8,0,0,4,0,8,0,0,4,0
1696,8,0,0,4,0,0,7,1,0,0
1697,0,7,1,0,7,0,0,0,0,4
1698,0,7,1,0,0,8,0,0,4,0
1699,0,7,1,0,0,0,7,1,0,0
1700,0,0,3,5,9,0,0,0,0,4
1701,0,0,3,5,0,10,10,0,0,0
1702,0,4,7,0,0,0,0,4,8,0
1703,0,4,7,0,10,0,10,0,0,0
1704,6,9,10,0,0,0,10,0,0,0
1705,10,0,4,2,0,0,10,0,0,0
1706,9,5,0,7,0,0,10,0,0,0
1707,0,6,8,8,0,0,10,0,0,0
1708,6,0,0,8,0,0,0,8,0,1
1709,6,0,0,8,1,0,10,0,0,0
1710,0,1,0,10,3,0,10,0,0,0
1711,8,7,0,0,4,0,10,0,0,0
1712,4,0,9,0,7,0,10,0,0,0
1713,0,0,5,6,0,0,0,0,5,10
1714,0,0,5,6,0,7,0,7,0,0
1715,0,0,5,6,8,0,10,0,0,0
1716,0,8,0,6,0,0,9,0,0,7
1717,0,8,0,6,0,10,0,0,4,0
1718,0,1,2,0,0,0,0,5,0,9
1719,0,1,2,0,0,1,10,0,0,0
1720,1,0,8,0,0,2,0,0,0,4
1721,1,0,8,0,0,0,2,10,0,0
1722,7,5,0,0,0,0,0,0,10,5
1723,4,0,0,1,0,0,0,2,6,0
1724,0,4,0,2,6,0,0,0,4,0
1725,0,4,0,2,0,0,5,9,0,0
1726,2,0,0,5,0,0,8,0,0,3
1727,2,0,0,5,9,0,0,0,4,0
1728,9,0,7,0,10,0,0,0,4,0
1729,9,0,7,0,0,9,0,7,0,0
1730,4,5,10,0,0,0,0,0,4,0
1731,5,0,3,6,0,0,0,0,4,0
1732,7,1,0,7,0,0,0,0,4,0
1733,0,3,5,9,0,0,0,0,4,0
1734,0,9,8,0,3,0,0,0,4,0
1735,6,3,0,0,0,3,0,0,0,4
1736,6,3,0,0,4,0,0,0,4,0
1737,0,0,9,8,0,3,0,0,0,4
1738,0,0,9,8,4,0,0,0,4,0
1739,0,6,3,0,0,4,0,0,0,4
1740,6,0,6,0,0,0,0,9,2,0
1741,0,0,0,9,0,10,0,0,3,1
1742,0,0,0,9,1,0,0,10,0,3
1743,0,0,0,9,0,0,1,7,0,4
1744,0,0,0,9,8,4,0,0,0,4
1745,0,0,0,9,6,0,0,0,9,6
1746,0,0,0,9,0,1,0,2,0,6
1747,0,0,0,9,0,0,9,0,10,8
1748,0,0,0,9,0,0,0,1,7,9
1749,0,0,0,9,0,8,4,0,0,9
1750,0,0,0,9,5,0,7,0,0,10
1751,0,0,0,9,0,0,4,3,1,0
1752,0,0,0,9,7,0,0,9,2,0
1753,0,0,0,9,0,2,5,0,2,0
1754,0,0,0,9,1,1,0,0,4,0
1755,0,0,0,9,2,0,6,0,6,0
1756,0,0,0,9,0,3,0,4,8,0
1757,0,0,0,9,0,9,3,6,0,0
1758,0,0,0,9,2,10,0,7,0,0
1759,0,0,0,9,4,0,8,8,0,0
1760,0,0,0,9,10,3,10,0,0,0
1761,10,9,0,0,0,0,0,8,0,8
1762,10,9,0,0,0,0,6,0,2,0
1763,10,9,0,0,10,1,0,0,0,0
1764,10,0,1,8,0,1,0,0,0,0
1765,5,3,3,0,0,1,0,0,0,0
1766,7,4,0,1,0,1,0,0,0,0
1767,0,6,5,3,0,1,0,0,0,0
1768,0,8,6,0,1,1,0,0,0,0
1769,9,0,0,4,3,1,0,0,0,0
1770,8,0,10,0,0,0,0,0,5,6
1771,8,0,10,0,6,1,0,0,0,0
1772,0,7,0,7,0,0,0,0,5,6
1773,0,7,0,7,6,1,0,0,0,0
1774,0,0,2,1,8,1,0,0,0,0
1775,7,0,0,8,6,2,0,0,0,0
1776,9,7,0,0,0,0,0,5,0,5
1777,9,7,0,0,0,0,1,0,4,0
1778,9,7,0,0,9,2,0,0,0,0
1779,10,6,6,0,0,2,0,0,0,0
1780,3,8,0,2,0,2,0,0,0,0
1781,9,0,2,5,0,2,0,0,0,0
1782,0,1,10,6,0,2,0,0,0,0
1783,5,0,9,0,0,0,0,0,10,1
1784,5,0,9,0,1,2,0,0,0,0
1785,0,3,0,3,0,0,0,0,10,1
1786,0,3,0,3,1,2,0,0,0,0
1787,0,5,1,0,2,2,0,0,0,0
1788,0,0,4,2,5,2,0,0,0,0
1789,0,2,7,0,3,3,0,0,0,0
1790,2,0,8,0,0,0,0,0,4,7
1791,2,0,8,0,7,3,0,0,0,0
1792,0,10,0,10,0,0,0,0,4,7
1793,0,10,0,10,7,3,0,0,0,0
1794,8,5,0,0,0,0,0,2,0,2
1795,8,5,0,0,0,0,7,0,6,0
1796,8,5,0,0,8,3,0,0,0,0
1797,5,0,0,1,9,3,0,0,0,0
1798,4,9,9,0,0,3,0,0,0,0
1799,8,0,3,2,0,3,0,0,0,0
1800,10,1,0,3,0,3,0,0,0,0
1801,0,7,4,9,0,3,0,0,0,0
1802,0,0,6,3,2,3,0,0,0,0
1803,6,5,0,4,0,4,0,0,0,0
1804,7,0,4,10,0,4,0,0,0,0
1805,9,1,1,0,0,4,0,0,0,0
1806,0,2,9,1,0,4,0,0,0,0
1807,3,0,0,5,1,4,0,0,0,0
1808,10,0,7,0,0,0,0,0,9,2
1809,10,0,7,0,2,4,0,0,0,0
1810,0,6,0,6,0,0,0,0,9,2
1811,0,6,0,6,2,4,0,0,0,0
1812,0,10,2,0,4,4,0,0,0,0
1813,7,3,0,0,0,0,0,10,0,10
1814,7,3,0,0,0,0,2,0,8,0
1815,7,3,0,0,7,4,0,0,0,0
1816,0,0,8,4,10,4,0,0,0,0
1817,7,0,6,0,0,0,0,0,3,8
1818,7,0,6,0,8,5,0,0,0,0
1819,0,2,0,2,0,0,0,0,3,8
1820,0,2,0,2,8,5,0,0,0,0
1821,2,9,0,5,0,5,0,0,0,0
1822,6,0,5,7,0,5,0,0,0,0
1823,3,4,4,0,0,5,0,0,0,0
1824,0,8,3,4,0,5,0,0,0,0
1825,1,0,0,9,4,5,0,0,0,0
1826,0,7,8,0,5,5,0,0,0,0
1827,6,1,0,0,0,0,0,7,0,7
1828,6,1,0,0,0,0,8,0,10,0
1829,6,1,0,0,6,5,0,0,0,0
1830,0,0,10,5,7,5,0,0,0,0
1831,5,10,0,0,0,0,0,4,0,4
1832,5,10,0,0,0,0,3,0,1,0
1833,5,10,0,0,5,6,0,0,0,0
1834,0,4,3,0,6,6,0,0,0,0
1835,10,0,0,2,7,6,0,0,0,0
1836,8,7,7,0,0,6,0,0,0,0
1837,5,0,6,4,0,6,0,0,0,0
1838,9,2,0,6,0,6,0,0,0,0
1839,0,3,8,7,0,6,0,0,0,0
1840,4,0,5,0,0,0,0,0,8,3
1841,4,0,5,0,3,6,0,0,0,0
1842,0,9,0,9,0,0,0,0,8,3
1843,0,9,0,9,3,6,0,0,0,0
1844,0,0,1,6,4,6,0,0,0,0
1845,4,8,0,0,0,0,0,1,0,1
1846,4,8,0,0,0,0,9,0,3,0
1847,4,8,0,0,4,7,0,0,0,0
1848,0,1,9,0,7,7,0,0,0,0
1849,1,0,4,0,0,0,0,0,2,9
1850,1,0,4,0,9,7,0,0,0,0
1851,0,5,0,5,0,0,0,0,2,9
1852,0,5,0,5,9,7,0,0,0,0
1853,8,0,0,6,10,7,0,0,0,0
1854,2,10,10,0,0,7,0,0,0,0
1855,4,0,7,1,0,7,0,0,0,0
1856,5,6,0,7,0,7,0,0,0,0
1857,0,9,2,10,0,7,0,0,0,0
1858,0,0,3,7,1,7,0,0,0,0
1859,1,10,0,8,0,8,0,0,0,0
1860,3,0,8,9,0,8,0,0,0,0
1861,7,2,2,0,0,8,0,0,0,0
1862,0,4,7,2,0,8,0,0,0,0
1863,6,0,0,10,2,8,0,0,0,0
1864,3,6,0,0,0,0,0,9,0,9
1865,3,6,0,0,0,0,4,0,5,0
1866,3,6,0,0,3,8,0,0,0,0
1867,9,0,3,0,0,0,0,0,7,4
1868,9,0,3,0,4,8,0,0,0,0
1869,0,1,0,1,0,0,0,0,7,4
1870,0,1,0,1,4,8,0,0,0,0
1871,0,9,4,0,8,8,0,0,0,0
1872,0,0,5,8,9,8,0,0,0,0
1873,0,6,10,0,9,9,0,0,0,0
1874,6,0,2,0,0,0,0,0,1,10
1875,6,0,2,0,10,9,0,0,0,0
1876,0,8,0,8,0,0,0,0,1,10
1877,0,8,0,8,10,9,0,0,0,0
1878,2,0,9,6,0,9,0,0,0,0
1879,8,3,0,9,0,9,0,0,0,0
1880,1,5,5,0,0,9,0,0,0,0
1881,0,10,1,5,0,9,0,0,0,0
1882,2,4,0,0,0,0,0,6,0,6
1883,2,4,0,0,0,0,10,0,7,0
1884,2,4,0,0,2,9,0,0,0,0
1885,4,0,0,3,5,9,0,0,0,0
1886,0,0,7,9,6,9,0,0,0,0
1887,3,0,1,0,0,0,0,0,6,5
1888,3,0,1,0,5,10,0,0,0,0
1889,0,4,0,4,0,0,0,0,6,5
1890,0,4,0,4,5,10,0,0,0,0
1891,2,0,0,7,8,10,0,0,0,0
1892,0,3,5,0,10,10,0,0,0,0
1893,4,7,0,10,0,10,0,0,0,0
1894,6,8,8,0,0,10,0,0,0,0
1895,1,0,10,3,0,10,0,0,0,0
1896,0,5,6,8,0,10,0,0,0,0
1897,1,2,0,0,0,0,0,3,0,3
1898,1,2,0,0,0,0,5,0,9,0
1899,1,2,0,0,1,10,0,0,0,0
1900,0,0,9,10,3,10,0,0,0,0
1901,6,5,3,0,1,0,0,0,0,0
1902,8,6,0,1,1,0,0,0,0,0
1903,7,0,7,6,1,0,0,0,0,0
1904,0,2,1,8,1,0,0,0,0,0
1905,1,10,6,0,2,0,0,0,0,0
1906,3,0,3,1,2,0,0,0,0,0
1907,5,1,0,2,2,0,0,0,0,0
1908,0,4,2,5,2,0,0,0,0,0
1909,2,7,0,3,3,0,0,0,0,0
1910,10,0,10,7,3,0,0,0,0,0
1911,7,4,9,0,3,0,0,0,0,0
1912,0,6,3,2,3,0,0,0,0,0
1913,2,9,1,0,4,0,0,0,0,0
1914,6,0,6,2,4,0,0,0,0,0
1915,10,2,0,4,4,0,0,0,0,0
1916,0,8,4,10,4,0,0,0,0,0
1917,2,0,2,8,5,0,0,0,0,0
1918,8,3,4,0,5,0,0,0,0,0
1919,7,8,0,5,5,0,0,0,0,0
1920,0,10,5,7,5,0,0,0,0,0
1921,4,3,0,6,6,0,0,0,0,0
1922,3,8,7,0,6,0,0,0,0,0
1923,9,0,9,3,6,0,0,0,0,0
1924,0,1,6,4,6,0,0,0,0,0
1925,1,9,0,7,7,0,0,0,0,0
1926,5,0,5,9,7,0,0,0,0,0
1927,9,2,10,0,7,0,0,0,0,0
1928,0,3,7,1,7,0,0,0,0,0
1929,4,7,2,0,8,0,0,0,0,0
1930,1,0,1,4,8,0,0,0,0,0
1931,9,4,0,8,8,0,0,0,0,0
1932,0,5,8,9,8,0,0,0,0,0
1933,6,10,0,9,9,0,0,0,0,0
1934,8,0,8,10,9,0,0,0,0,0
1935,10,1,5,0,9,0,0,0,0,0
1936,0,7,9,6,9,0,0,0,0,0
1937,4,0,4,5,10,0,0,0,0,0
1938,3,5,0,10,10,0,0,0,0,0
1939,5,6,8,0,10,0,0,0,0,0
1940,0,9,10,3,10,0,0,0,0,0
1941,2,1,8,1,0,0,0,0,0,0
1942,4,2,5,2,0,0,0,0,0,0
1943,6,3,2,3,0,0,0,0,0,0
1944,8,4,10,4,0,0,0,0,0,0
1945,10,5,7,5,0,0,0,0,0,0
1946,1,6,4,6,0,0,0,0,0,0
1947,3,7,1,7,0,0,0,0,0,0
1948,5,8,9,8,0,0,0,0,0,0
1949,7,9,6,9,0,0,0,0,0,0
1950,9,10,3,10,0,0,0,0,0,0
1951,0,0,0,0,10,9,0,0,10,1
1952,0,0,0,0,10,0,1,8,0,1
1953,0,0,0,0,5,3,3,0,0,1
1954,0,0,0,0,7,4,0,1,0,1
1955,0,0,0,0,0,6,5,3,0,1
1956,0,0,0,0,0,8,6,0,1,1
1957,0,0,0,0,9,0,0,4,3,1
1958,0,0,0,0,8,0,10,0,6,1
1959,0,0,0,0,0,7,0,7,6,1
1960,0,0,0,0,0,0,2,1,8,1
1961,0,0,0,0,7,0,0,8,6,2
1962,0,0,0,0,9,7,0,0,9,2
1963,0,0,0,0,10,6,6,0,0,2
1964,0,0,0,0,3,8,0,2,0,2
1965,0,0,0,0,9,0,2,5,0,2
1966,0,0,0,0,0,1,10,6,0,2
1967,0,0,0,0,5,0,9,0,1,2
1968,0,0,0,0,0,3,0,3,1,2
1969,0,0,0,0,0,5,1,0,2,2
1970,0,0,0,0,0,0,4,2,5,2
1971,0,0,0,0,0,2,7,0,3,3
1972,0,0,0,0,2,0,8,0,7,3
1973,0,0,0,0,0,10,0,10,7,3
1974,0,0,0,0,8,5,0,0,8,3
1975,0,0,0,0,5,0,0,1,9,3
1976,0,0,0,0,4,9,9,0,0,3
1977,0,0,0,0,8,0,3,2,0,3
1978,0,0,0,0,10,1,0,3,0,3
1979,0,0,0,0,0,7,4,9,0,3
1980,0,0,0,0,0,0,6,3,2,3
1981,0,0,0,0,6,5,0,4,0,4
1982,0,0,0,0,7,0,4,10,0,4
1983,0,0,0,0,9,1,1,0,0,4
1984,0,0,0,0,0,2,9,1,0,4
1985,0,0,0,0,3,0,0,5,1,4
1986,0,0,0,0,10,0,7,0,2,4
1987,0,0,0,0,0,6,0,6,2,4
1988,0,0,0,0,0,10,2,0,4,4
1989,0,0,0,0,7,3,0,0,7,4
1990,0,0,0,0,0,0,8,4,10,4
1991,0,0,0,0,7,0,6,0,8,5
1992,0,0,0,0,0,2,0,2,8,5
1993,0,0,0,0,2,9,0,5,0,5
1994,0,0,0,0,6,0,5,7,0,5
1995,0,0,0,0,3,4,4,0,0,5
1996,0,0,0,0,0,8,3,4,0,5
1997,0,0,0,0,1,0,0,9,4,5
1998,0,0,0,0,0,7,8,0,5,5
1999,0,0,0,0,6,1,0,0,6,5
2000,0,0,0,0,0,0,10,5,7,5
2001,0,0,0,0,5,10,0,0,5,6
2002,0,0,0,0,0,4,3,0,6,6
2003,0,0,0,0,10,0,0,2,7,6
2004,0,0,0,0,8,7,7,0,0,6
2005,0,0,0,0,5,0,6,4,0,6
2006,0,0,0,0,9,2,0,6,0,6
2007,0,0,0,0,0,3,8,7,0,6
2008,0,0,0,0,4,0,5,0,3,6
2009,0,0,0,0,0,9,0,9,3,6
2010,0,0,0,0,0,0,1,6,4,6
2011,0,0,0,0,4,8,0,0,4,7
2012,0,0,0,0,0,1,9,0,7,7
2013,0,0,0,0,1,0,4,0,9,7
2014,0,0,0,0,0,5,0,5,9,7
2015,0,0,0,0,8,0,0,6,10,7
2016,0,0,0,0,2,10,10,0,0,7
2017,0,0,0,0,4,0,7,1,0,7
2018,0,0,0,0,5,6,0,7,0,7
2019,0,0,0,0,0,9,2,10,0,7
2020,0,0,0,0,0,0,3,7,1,7
2021,0,0,0,0,1,10,0,8,0,8
2022,0,0,0,0,3,0,8,9,0,8
2023,0,0,0,0,7,2,2,0,0,8
2024,0,0,0,0,0,4,7,2,0,8
2025,0,0,0,0,6,0,0,10,2,8
2026,0,0,0,0,3,6,0,0,3,8
2027,0,0,0,0,9,0,3,0,4,8
2028,0,0,0,0,0,1,0,1,4,8
2029,0,0,0,0,0,9,4,0,8,8
2030,0,0,0,0,0,0,5,8,9,8
2031,0,0,0,0,0,6,10,0,9,9
2032,0,0,0,0,6,0,2,0,10,9
2033,0,0,0,0,0,8,0,8,10,9
2034,0,0,0,0,2,0,9,6,0,9
2035,0,0,0,0,8,3,0,9,0,9
2036,0,0,0,0,1,5,5,0,0,9
2037,0,0,0,0,0,10,1,5,0,9
2038,0,0,0,0,2,4,0,0,2,9
2039,0,0,0,0,4,0,0,3,5,9
2040,0,0,0,0,0,0,7,9,6,9
2041,0,0,0,0,3,0,1,0,5,10
2042,0,0,0,0,0,4,0,4,5,10
2043,0,0,0,0,2,0,0,7,8,10
2044,0,0,0,0,0,3,5,0,10,10
2045,0,0,0,0,4,7,0,10,0,10
2046,0,0,0,0,6,8,8,0,0,10
2047,0,0,0,0,1,0,10,3,0,10
2048,0,0,0,0,0,5,6,8,0,10
2049,0,0,0,0,1,2,0,0,1,10
2050,0,0,0,0,0,0,9,10,3,10
2051,0,0,0,0,6,5,3,0,1,0
2052,0,0,0,0,8,6,0,1,1,0
2053,0,0,0,0,7,0,7,6,1,0
2054,0,0,0,0,0,2,1,8,1,0
2055,0,0,0,0,1,10,6,0,2,0
2056,0,0,0,0,3,0,3,1,2,0
2057,0,0,0,0,5,1,0,2,2,0
2058,0,0,0,0,0,4,2,5,2,0
2059,0,0,0,0,2,7,0,3,3,0
2060,0,0,0,0,10,0,10,7,3,0
2061,0,0,0,0,7,4,9,0,3,0
2062,0,0,0,0,0,6,3,2,3,0
2063,0,0,0,0,2,9,1,0,4,0
2064,0,0,0,0,6,0,6,2,4,0
2065,0,0,0,0,10,2,0,4,4,0
2066,0,0,0,0,0,8,4,10,4,0
2067,0,0,0,0,2,0,2,8,5,0
2068,0,0,0,0,8,3,4,0,5,0
2069,0,0,0,0,7,8,0,5,5,0
2070,0,0,0,0,0,10,5,7,5,0
2071,0,0,0,0,4,3,0,6,6,0
2072,0,0,0,0,3,8,7,0,6,0
2073,0,0,0,0,9,0,9,3,6,0
2074,0,0,0,0,0,1,6,4,6,0
2075,0,0,0,0,1,9,0,7,7,0
2076,0,0,0,0,5,0,5,9,7,0
2077,0,0,0,0,9,2,10,0,7,0
2078,0,0,0,0,0,3,7,1,7,0
2079,0,0,0,0,4,7,2,0,8,0
2080,0,0,0,0,1,0,1,4,8,0
2081,0,0,0,0,9,4,0,8,8,0
2082,0,0,0,0,0,5,8,9,8,0
2083,0,0,0,0,6,10,0,9,9,0
2084,0,0,0,0,8,0,8,10,9,0
2085,0,0,0,0,10,1,5,0,9,0
2086,0,0,0,0,0,7,9,6,9,0
2087,0,0,0,0,4,0,4,5,10,0
2088,0,0,0,0,3,5,0,10,10,0
2089,0,0,0,0,5,6,8,0,10,0
2090,0,0,0,0,0,9,10,3,10,0
2091,0,0,0,0,2,1,8,1,0,0
2092,0,0,0,0,4,2,5,2,0,0
2093,0,0,0,0,6,3,2,3,0,0
2094,0,0,0,0,8,4,10,4,0,0
2095,0,0,0,0,10,5,7,5,0,0
2096,0,0,0,0,1,6,4,6,0,0
2097,0,0,0,0,3,7,1,7,0,0
2098,0,0,0,0,5,8,9,8,0,0
2099,0,0,0,0,7,9,6,9,0,0
2100,0,0,0,0,9,10,3,10,0,0
