gene,block1,block2,block3,block4,block5
1,1,1,1,1,0
2,2,1,1,2,1
3,3,1,1,3,2
4,4,1,1,4,3
5,5,1,1,5,4
6,6,1,1,6,5
7,7,1,1,7,6
8,8,1,1,8,7
9,9,1,1,9,8
10,10,1,1,10,9
11,11,1,1,11,10
12,12,1,1,12,11
13,13,1,1,13,12
14,14,1,1,14,13
15,15,1,1,15,14
16,0,1,1,0,15
17,1,2,1,0,0
18,2,2,1,1,1
19,3,2,1,2,2
20,4,2,1,3,3
21,5,2,1,4,4
22,6,2,1,5,5
23,7,2,1,6,6
24,8,2,1,7,7
25,9,2,1,8,8
26,10,2,1,9,9
27,11,2,1,10,10
28,12,2,1,11,11
29,13,2,1,12,12
30,14,2,1,13,13
31,15,2,1,14,14
32,0,2,1,15,15
33,1,3,1,15,0
34,2,3,1,0,1
35,3,3,1,1,2
36,4,3,1,2,3
37,5,3,1,3,4
38,6,3,1,4,5
39,7,3,1,5,6
40,8,3,1,6,7
41,9,3,1,7,8
42,10,3,1,8,9
43,11,3,1,9,10
44,12,3,1,10,11
45,13,3,1,11,12
46,14,3,1,12,13
47,15,3,1,13,14
48,0,3,1,14,15
49,1,4,1,14,0
50,2,4,1,15,1
51,3,4,1,0,2
52,4,4,1,1,3
53,5,4,1,2,4
54,6,4,1,3,5
55,7,4,1,4,6
56,8,4,1,5,7
57,9,4,1,6,8
58,10,4,1,7,9
59,11,4,1,8,10
60,12,4,1,9,11
61,13,4,1,10,12
62,14,4,1,11,13
63,15,4,1,12,14
64,0,4,1,13,15
65,1,5,1,13,0
66,2,5,1,14,1
67,3,5,1,15,2
68,4,5,1,0,3
69,5,5,1,1,4
70,6,5,1,2,5
71,7,5,1,3,6
72,8,5,1,4,7
73,9,5,1,5,8
74,10,5,1,6,9
75,11,5,1,7,10
76,12,5,1,8,11
77,13,5,1,9,12
78,14,5,1,10,13
79,15,5,1,11,14
80,0,5,1,12,15
81,1,6,1,12,0
82,2,6,1,13,1
83,3,6,1,14,2
84,4,6,1,15,3
85,5,6,1,0,4
86,6,6,1,1,5
87,7,6,1,2,6
88,8,6,1,3,7
89,9,6,1,4,8
90,10,6,1,5,9
91,11,6,1,6,10
92,12,6,1,7,11
93,13,6,1,8,12
94,14,6,1,9,13
95,15,6,1,10,14
96,0,6,1,11,15
97,1,7,1,11,0
98,2,7,1,12,1
99,3,7,1,13,2
100,4,7,1,14,3
101,5,7,1,15,4
102,6,7,1,0,5
103,7,7,1,1,6
104,8,7,1,2,7
105,9,7,1,3,8
106,10,7,1,4,9
107,11,7,1,5,10
108,12,7,1,6,11
109,13,7,1,7,12
110,14,7,1,8,13
111,15,7,1,9,14
112,0,7,1,10,15
113,1,8,1,10,0
114,2,8,1,11,1
115,3,8,1,12,2
116,4,8,1,13,3
117,5,8,1,14,4
118,6,8,1,15,5
119,7,8,1,0,6
120,8,8,1,1,7
121,9,8,1,2,8
122,10,8,1,3,9
123,11,8,1,4,10
124,12,8,1,5,11
125,13,8,1,6,12
126,14,8,1,7,13
127,15,8,1,8,14
128,0,8,1,9,15
129,1,9,1,9,0
130,2,9,1,10,1
131,3,9,1,11,2
132,4,9,1,12,3
133,5,9,1,13,4
134,6,9,1,14,5
135,7,9,1,15,6
136,8,9,1,0,7
137,9,9,1,1,8
138,10,9,1,2,9
139,11,9,1,3,10
140,12,9,1,4,11
141,13,9,1,5,12
142,14,9,1,6,13
143,15,9,1,7,14
144,0,9,1,8,15
145,1,10,1,8,0
146,2,10,1,9,1
147,3,10,1,10,2
148,4,10,1,11,3
149,5,10,1,12,4
150,6,10,1,13,5
151,7,10,1,14,6
152,8,10,1,15,7
153,9,10,1,0,8
154,10,10,1,1,9
155,11,10,1,2,10
156,12,10,1,3,11
157,13,10,1,4,12
158,14,10,1,5,13
159,15,10,1,6,14
160,0,10,1,7,15
161,1,11,1,7,0
162,2,11,1,8,1
163,3,11,1,9,2
164,4,11,1,10,3
165,5,11,1,11,4
166,6,11,1,12,5
167,7,11,1,13,6
168,8,11,1,14,7
169,9,11,1,15,8
170,10,11,1,0,9
171,11,11,1,1,10
172,12,11,1,2,11
173,13,11,1,3,12
174,14,11,1,4,13
175,15,11,1,5,14
176,0,11,1,6,15
177,1,12,1,6,0
178,2,12,1,7,1
179,3,12,1,8,2
180,4,12,1,9,3
181,5,12,1,10,4
182,6,12,1,11,5
183,7,12,1,12,6
184,8,12,1,13,7
185,9,12,1,14,8
186,10,12,1,15,9
187,11,12,1,0,10
188,12,12,1,1,11
189,13,12,1,2,12
190,14,12,1,3,13
191,15,12,1,4,14
192,0,12,1,5,15
193,1,13,1,5,0
194,2,13,1,6,1
195,3,13,1,7,2
196,4,13,1,8,3
197,5,13,1,9,4
198,6,13,1,10,5
199,7,13,1,11,6
200,8,13,1,12,7
201,9,13,1,13,8
202,10,13,1,14,9
203,11,13,1,15,10
204,12,13,1,0,11
205,13,13,1,1,12
206,14,13,1,2,13
207,15,13,1,3,14
208,0,13,1,4,15
209,1,14,1,4,0
210,2,14,1,5,1
211,3,14,1,6,2
212,4,14,1,7,3
213,5,14,1,8,4
214,6,14,1,9,5
215,7,14,1,10,6
216,8,14,1,11,7
217,9,14,1,12,8
218,10,14,1,13,9
219,11,14,1,14,10
220,12,14,1,15,11
221,13,14,1,0,12
222,14,14,1,1,13
223,15,14,1,2,14
224,0,14,1,3,15
225,1,15,1,3,0
226,2,15,1,4,1
227,3,15,1,5,2
228,4,15,1,6,3
229,5,15,1,7,4
230,6,15,1,8,5
231,7,15,1,9,6
232,8,15,1,10,7
233,9,15,1,11,8
234,10,15,1,12,9
235,11,15,1,13,10
236,12,15,1,14,11
237,13,15,1,15,12
238,14,15,1,0,13
239,15,15,1,1,14
240,0,15,1,2,15
241,1,0,1,2,0
242,2,0,1,3,1
243,3,0,1,4,2
244,4,0,1,5,3
245,5,0,1,6,4
246,6,0,1,7,5
247,7,0,1,8,6
248,8,0,1,9,7
249,9,0,1,10,8
250,10,0,1,11,9
251,11,0,1,12,10
252,12,0,1,13,11
253,13,0,1,14,12
254,14,0,1,15,13
255,15,0,1,0,14
256,0,0,1,1,15
257,1,1,2,2,15
258,2,1,2,3,0
259,3,1,2,4,1
260,4,1,2,5,2
261,5,1,2,6,3
262,6,1,2,7,4
263,7,1,2,8,5
264,8,1,2,9,6
265,9,1,2,10,7
266,10,1,2,11,8
267,11,1,2,12,9
268,12,1,2,13,10
269,13,1,2,14,11
270,14,1,2,15,12
271,15,1,2,0,13
272,0,1,2,1,14
273,1,2,2,1,15
274,2,2,2,2,0
275,3,2,2,3,1
276,4,2,2,4,2
277,5,2,2,5,3
278,6,2,2,6,4
279,7,2,2,7,5
280,8,2,2,8,6
281,9,2,2,9,7
282,10,2,2,10,8
283,11,2,2,11,9
284,12,2,2,12,10
285,13,2,2,13,11
286,14,2,2,14,12
287,15,2,2,15,13
288,0,2,2,0,14
289,1,3,2,0,15
290,2,3,2,1,0
291,3,3,2,2,1
292,4,3,2,3,2
293,5,3,2,4,3
294,6,3,2,5,4
295,7,3,2,6,5
296,8,3,2,7,6
297,9,3,2,8,7
298,10,3,2,9,8
299,11,3,2,10,9
300,12,3,2,11,10
301,13,3,2,12,11
302,14,3,2,13,12
303,15,3,2,14,13
304,0,3,2,15,14
305,1,4,2,15,15
306,2,4,2,0,0
307,3,4,2,1,1
308,4,4,2,2,2
309,5,4,2,3,3
310,6,4,2,4,4
311,7,4,2,5,5
312,8,4,2,6,6
313,9,4,2,7,7
314,10,4,2,8,8
315,11,4,2,9,9
316,12,4,2,10,10
317,13,4,2,11,11
318,14,4,2,12,12
319,15,4,2,13,13
320,0,4,2,14,14
321,1,5,2,14,15
322,2,5,2,15,0
323,3,5,2,0,1
324,4,5,2,1,2
325,5,5,2,2,3
326,6,5,2,3,4
327,7,5,2,4,5
328,8,5,2,5,6
329,9,5,2,6,7
330,10,5,2,7,8
331,11,5,2,8,9
332,12,5,2,9,10
333,13,5,2,10,11
334,14,5,2,11,12
335,15,5,2,12,13
336,0,5,2,13,14
337,1,6,2,13,15
338,2,6,2,14,0
339,3,6,2,15,1
340,4,6,2,0,2
341,5,6,2,1,3
342,6,6,2,2,4
343,7,6,2,3,5
344,8,6,2,4,6
345,9,6,2,5,7
346,10,6,2,6,8
347,11,6,2,7,9
348,12,6,2,8,10
349,13,6,2,9,11
350,14,6,2,10,12
351,15,6,2,11,13
352,0,6,2,12,14
353,1,7,2,12,15
354,2,7,2,13,0
355,3,7,2,14,1
356,4,7,2,15,2
357,5,7,2,0,3
358,6,7,2,1,4
359,7,7,2,2,5
360,8,7,2,3,6
361,9,7,2,4,7
362,10,7,2,5,8
363,11,7,2,6,9
364,12,7,2,7,10
365,13,7,2,8,11
366,14,7,2,9,12
367,15,7,2,10,13
368,0,7,2,11,14
369,1,8,2,11,15
370,2,8,2,12,0
371,3,8,2,13,1
372,4,8,2,14,2
373,5,8,2,15,3
374,6,8,2,0,4
375,7,8,2,1,5
376,8,8,2,2,6
377,9,8,2,3,7
378,10,8,2,4,8
379,11,8,2,5,9
380,12,8,2,6,10
381,13,8,2,7,11
382,14,8,2,8,12
383,15,8,2,9,13
384,0,8,2,10,14
385,1,9,2,10,15
386,2,9,2,11,0
387,3,9,2,12,1
388,4,9,2,13,2
389,5,9,2,14,3
390,6,9,2,15,4
391,7,9,2,0,5
392,8,9,2,1,6
393,9,9,2,2,7
394,10,9,2,3,8
395,11,9,2,4,9
396,12,9,2,5,10
397,13,9,2,6,11
398,14,9,2,7,12
399,15,9,2,8,13
400,0,9,2,9,14
401,1,10,2,9,15
402,2,10,2,10,0
403,3,10,2,11,1
404,4,10,2,12,2
405,5,10,2,13,3
406,6,10,2,14,4
407,7,10,2,15,5
408,8,10,2,0,6
409,9,10,2,1,7
410,10,10,2,2,8
411,11,10,2,3,9
412,12,10,2,4,10
413,13,10,2,5,11
414,14,10,2,6,12
415,15,10,2,7,13
416,0,10,2,8,14
417,1,11,2,8,15
418,2,11,2,9,0
419,3,11,2,10,1
420,4,11,2,11,2
421,5,11,2,12,3
422,6,11,2,13,4
423,7,11,2,14,5
424,8,11,2,15,6
425,9,11,2,0,7
426,10,11,2,1,8
427,11,11,2,2,9
428,12,11,2,3,10
429,13,11,2,4,11
430,14,11,2,5,12
431,15,11,2,6,13
432,0,11,2,7,14
433,1,12,2,7,15
434,2,12,2,8,0
435,3,12,2,9,1
436,4,12,2,10,2
437,5,12,2,11,3
438,6,12,2,12,4
439,7,12,2,13,5
440,8,12,2,14,6
441,9,12,2,15,7
442,10,12,2,0,8
443,11,12,2,1,9
444,12,12,2,2,10
445,13,12,2,3,11
446,14,12,2,4,12
447,15,12,2,5,13
448,0,12,2,6,14
449,1,13,2,6,15
450,2,13,2,7,0
451,3,13,2,8,1
452,4,13,2,9,2
453,5,13,2,10,3
454,6,13,2,11,4
455,7,13,2,12,5
456,8,13,2,13,6
457,9,13,2,14,7
458,10,13,2,15,8
459,11,13,2,0,9
460,12,13,2,1,10
461,13,13,2,2,11
462,14,13,2,3,12
463,15,13,2,4,13
464,0,13,2,5,14
465,1,14,2,5,15
466,2,14,2,6,0
467,3,14,2,7,1
468,4,14,2,8,2
469,5,14,2,9,3
470,6,14,2,10,4
471,7,14,2,11,5
472,8,14,2,12,6
473,9,14,2,13,7
474,10,14,2,14,8
475,11,14,2,15,9
476,12,14,2,0,10
477,13,14,2,1,11
478,14,14,2,2,12
479,15,14,2,3,13
480,0,14,2,4,14
481,1,15,2,4,15
482,2,15,2,5,0
483,3,15,2,6,1
484,4,15,2,7,2
485,5,15,2,8,3
486,6,15,2,9,4
487,7,15,2,10,5
488,8,15,2,11,6
489,9,15,2,12,7
490,10,15,2,13,8
491,11,15,2,14,9
492,12,15,2,15,10
493,13,15,2,0,11
494,14,15,2,1,12
495,15,15,2,2,13
496,0,15,2,3,14
497,1,0,2,3,15
498,2,0,2,4,0
499,3,0,2,5,1
500,4,0,2,6,2
501,5,0,2,7,3
502,6,0,2,8,4
503,7,0,2,9,5
504,8,0,2,10,6
505,9,0,2,11,7
506,10,0,2,12,8
507,11,0,2,13,9
508,12,0,2,14,10
509,13,0,2,15,11
510,14,0,2,0,12
511,15,0,2,1,13
512,0,0,2,2,14
513,1,1,3,3,14
514,2,1,3,4,15
515,3,1,3,5,0
516,4,1,3,6,1
517,5,1,3,7,2
518,6,1,3,8,3
519,7,1,3,9,4
520,8,1,3,10,5
521,9,1,3,11,6
522,10,1,3,12,7
523,11,1,3,13,8
524,12,1,3,14,9
525,13,1,3,15,10
526,14,1,3,0,11
527,15,1,3,1,12
528,0,1,3,2,13
529,1,2,3,2,14
530,2,2,3,3,15
531,3,2,3,4,0
532,4,2,3,5,1
533,5,2,3,6,2
534,6,2,3,7,3
535,7,2,3,8,4
536,8,2,3,9,5
537,9,2,3,10,6
538,10,2,3,11,7
539,11,2,3,12,8
540,12,2,3,13,9
541,13,2,3,14,10
542,14,2,3,15,11
543,15,2,3,0,12
544,0,2,3,1,13
545,1,3,3,1,14
546,2,3,3,2,15
547,3,3,3,3,0
548,4,3,3,4,1
549,5,3,3,5,2
550,6,3,3,6,3
551,7,3,3,7,4
552,8,3,3,8,5
553,9,3,3,9,6
554,10,3,3,10,7
555,11,3,3,11,8
556,12,3,3,12,9
557,13,3,3,13,10
558,14,3,3,14,11
559,15,3,3,15,12
560,0,3,3,0,13
561,1,4,3,0,14
562,2,4,3,1,15
563,3,4,3,2,0
564,4,4,3,3,1
565,5,4,3,4,2
566,6,4,3,5,3
567,7,4,3,6,4
568,8,4,3,7,5
569,9,4,3,8,6
570,10,4,3,9,7
571,11,4,3,10,8
572,12,4,3,11,9
573,13,4,3,12,10
574,14,4,3,13,11
575,15,4,3,14,12
576,0,4,3,15,13
577,1,5,3,15,14
578,2,5,3,0,15
579,3,5,3,1,0
580,4,5,3,2,1
581,5,5,3,3,2
582,6,5,3,4,3
583,7,5,3,5,4
584,8,5,3,6,5
585,9,5,3,7,6
586,10,5,3,8,7
587,11,5,3,9,8
588,12,5,3,10,9
589,13,5,3,11,10
590,14,5,3,12,11
591,15,5,3,13,12
592,0,5,3,14,13
593,1,6,3,14,14
594,2,6,3,15,15
595,3,6,3,0,0
596,4,6,3,1,1
597,5,6,3,2,2
598,6,6,3,3,3
599,7,6,3,4,4
600,8,6,3,5,5
601,9,6,3,6,6
602,10,6,3,7,7
603,11,6,3,8,8
604,12,6,3,9,9
605,13,6,3,10,10
606,14,6,3,11,11
607,15,6,3,12,12
608,0,6,3,13,13
609,1,7,3,13,14
610,2,7,3,14,15
611,3,7,3,15,0
612,4,7,3,0,1
613,5,7,3,1,2
614,6,7,3,2,3
615,7,7,3,3,4
616,8,7,3,4,5
617,9,7,3,5,6
618,10,7,3,6,7
619,11,7,3,7,8
620,12,7,3,8,9
621,13,7,3,9,10
622,14,7,3,10,11
623,15,7,3,11,12
624,0,7,3,12,13
625,1,8,3,12,14
626,2,8,3,13,15
627,3,8,3,14,0
628,4,8,3,15,1
629,5,8,3,0,2
630,6,8,3,1,3
631,7,8,3,2,4
632,8,8,3,3,5
633,9,8,3,4,6
634,10,8,3,5,7
635,11,8,3,6,8
636,12,8,3,7,9
637,13,8,3,8,10
638,14,8,3,9,11
639,15,8,3,10,12
640,0,8,3,11,13
641,1,9,3,11,14
642,2,9,3,12,15
643,3,9,3,13,0
644,4,9,3,14,1
645,5,9,3,15,2
646,6,9,3,0,3
647,7,9,3,1,4
648,8,9,3,2,5
649,9,9,3,3,6
650,10,9,3,4,7
651,11,9,3,5,8
652,12,9,3,6,9
653,13,9,3,7,10
654,14,9,3,8,11
655,15,9,3,9,12
656,0,9,3,10,13
657,1,10,3,10,14
658,2,10,3,11,15
659,3,10,3,12,0
660,4,10,3,13,1
661,5,10,3,14,2
662,6,10,3,15,3
663,7,10,3,0,4
664,8,10,3,1,5
665,9,10,3,2,6
666,10,10,3,3,7
667,11,10,3,4,8
668,12,10,3,5,9
669,13,10,3,6,10
670,14,10,3,7,11
671,15,10,3,8,12
672,0,10,3,9,13
673,1,11,3,9,14
674,2,11,3,10,15
675,3,11,3,11,0
676,4,11,3,12,1
677,5,11,3,13,2
678,6,11,3,14,3
679,7,11,3,15,4
680,8,11,3,0,5
681,9,11,3,1,6
682,10,11,3,2,7
683,11,11,3,3,8
684,12,11,3,4,9
685,13,11,3,5,10
686,14,11,3,6,11
687,15,11,3,7,12
688,0,11,3,8,13
689,1,12,3,8,14
690,2,12,3,9,15
691,3,12,3,10,0
692,4,12,3,11,1
693,5,12,3,12,2
694,6,12,3,13,3
695,7,12,3,14,4
696,8,12,3,15,5
697,9,12,3,0,6
698,10,12,3,1,7
699,11,12,3,2,8
700,12,12,3,3,9
701,13,12,3,4,10
702,14,12,3,5,11
703,15,12,3,6,12
704,0,12,3,7,13
705,1,13,3,7,14
706,2,13,3,8,15
707,3,13,3,9,0
708,4,13,3,10,1
709,5,13,3,11,2
710,6,13,3,12,3
711,7,13,3,13,4
712,8,13,3,14,5
713,9,13,3,15,6
714,10,13,3,0,7
715,11,13,3,1,8
716,12,13,3,2,9
717,13,13,3,3,10
718,14,13,3,4,11
719,15,13,3,5,12
720,0,13,3,6,13
721,1,14,3,6,14
722,2,14,3,7,15
723,3,14,3,8,0
724,4,14,3,9,1
725,5,14,3,10,2
726,6,14,3,11,3
727,7,14,3,12,4
728,8,14,3,13,5
729,9,14,3,14,6
730,10,14,3,15,7
731,11,14,3,0,8
732,12,14,3,1,9
733,13,14,3,2,10
734,14,14,3,3,11
735,15,14,3,4,12
736,0,14,3,5,13
737,1,15,3,5,14
738,2,15,3,6,15
739,3,15,3,7,0
740,4,15,3,8,1
741,5,15,3,9,2
742,6,15,3,10,3
743,7,15,3,11,4
744,8,15,3,12,5
745,9,15,3,13,6
746,10,15,3,14,7
747,11,15,3,15,8
748,12,15,3,0,9
749,13,15,3,1,10
750,14,15,3,2,11
751,15,15,3,3,12
752,0,15,3,4,13
753,1,0,3,4,14
754,2,0,3,5,15
755,3,0,3,6,0
756,4,0,3,7,1
757,5,0,3,8,2
758,6,0,3,9,3
759,7,0,3,10,4
760,8,0,3,11,5
761,9,0,3,12,6
762,10,0,3,13,7
763,11,0,3,14,8
764,12,0,3,15,9
765,13,0,3,0,10
766,14,0,3,1,11
767,15,0,3,2,12
768,0,0,3,3,13
769,1,1,4,4,13
770,2,1,4,5,14
771,3,1,4,6,15
772,4,1,4,7,0
773,5,1,4,8,1
774,6,1,4,9,2
775,7,1,4,10,3
776,8,1,4,11,4
777,9,1,4,12,5
778,10,1,4,13,6
779,11,1,4,14,7
780,12,1,4,15,8
781,13,1,4,0,9
782,14,1,4,1,10
783,15,1,4,2,11
784,0,1,4,3,12
785,1,2,4,3,13
786,2,2,4,4,14
787,3,2,4,5,15
788,4,2,4,6,0
789,5,2,4,7,1
790,6,2,4,8,2
791,7,2,4,9,3
792,8,2,4,10,4
793,9,2,4,11,5
794,10,2,4,12,6
795,11,2,4,13,7
796,12,2,4,14,8
797,13,2,4,15,9
798,14,2,4,0,10
799,15,2,4,1,11
800,0,2,4,2,12
801,1,3,4,2,13
802,2,3,4,3,14
803,3,3,4,4,15
804,4,3,4,5,0
805,5,3,4,6,1
806,6,3,4,7,2
807,7,3,4,8,3
808,8,3,4,9,4
809,9,3,4,10,5
810,10,3,4,11,6
811,11,3,4,12,7
812,12,3,4,13,8
813,13,3,4,14,9
814,14,3,4,15,10
815,15,3,4,0,11
816,0,3,4,1,12
817,1,4,4,1,13
818,2,4,4,2,14
819,3,4,4,3,15
820,4,4,4,4,0
821,5,4,4,5,1
822,6,4,4,6,2
823,7,4,4,7,3
824,8,4,4,8,4
825,9,4,4,9,5
826,10,4,4,10,6
827,11,4,4,11,7
828,12,4,4,12,8
829,13,4,4,13,9
830,14,4,4,14,10
831,15,4,4,15,11
832,0,4,4,0,12
833,1,5,4,0,13
834,2,5,4,1,14
835,3,5,4,2,15
836,4,5,4,3,0
837,5,5,4,4,1
838,6,5,4,5,2
839,7,5,4,6,3
840,8,5,4,7,4
841,9,5,4,8,5
842,10,5,4,9,6
843,11,5,4,10,7
844,12,5,4,11,8
845,13,5,4,12,9
846,14,5,4,13,10
847,15,5,4,14,11
848,0,5,4,15,12
849,1,6,4,15,13
850,2,6,4,0,14
851,3,6,4,1,15
852,4,6,4,2,0
853,5,6,4,3,1
854,6,6,4,4,2
855,7,6,4,5,3
856,8,6,4,6,4
857,9,6,4,7,5
858,10,6,4,8,6
859,11,6,4,9,7
860,12,6,4,10,8
861,13,6,4,11,9
862,14,6,4,12,10
863,15,6,4,13,11
864,0,6,4,14,12
865,1,7,4,14,13
866,2,7,4,15,14
867,3,7,4,0,15
868,4,7,4,1,0
869,5,7,4,2,1
870,6,7,4,3,2
871,7,7,4,4,3
872,8,7,4,5,4
873,9,7,4,6,5
874,10,7,4,7,6
875,11,7,4,8,7
876,12,7,4,9,8
877,13,7,4,10,9
878,14,7,4,11,10
879,15,7,4,12,11
880,0,7,4,13,12
881,1,8,4,13,13
882,2,8,4,14,14
883,3,8,4,15,15
884,4,8,4,0,0
885,5,8,4,1,1
886,6,8,4,2,2
887,7,8,4,3,3
888,8,8,4,4,4
889,9,8,4,5,5
890,10,8,4,6,6
891,11,8,4,7,7
892,12,8,4,8,8
893,13,8,4,9,9
894,14,8,4,10,10
895,15,8,4,11,11
896,0,8,4,12,12
897,1,9,4,12,13
898,2,9,4,13,14
899,3,9,4,14,15
900,4,9,4,15,0
901,5,9,4,0,1
902,6,9,4,1,2
903,7,9,4,2,3
904,8,9,4,3,4
905,9,9,4,4,5
906,10,9,4,5,6
907,11,9,4,6,7
908,12,9,4,7,8
909,13,9,4,8,9
910,14,9,4,9,10
911,15,9,4,10,11
912,0,9,4,11,12
913,1,10,4,11,13
914,2,10,4,12,14
915,3,10,4,13,15
916,4,10,4,14,0
917,5,10,4,15,1
918,6,10,4,0,2
919,7,10,4,1,3
920,8,10,4,2,4
921,9,10,4,3,5
922,10,10,4,4,6
923,11,10,4,5,7
924,12,10,4,6,8
925,13,10,4,7,9
926,14,10,4,8,10
927,15,10,4,9,11
928,0,10,4,10,12
929,1,11,4,10,13
930,2,11,4,11,14
931,3,11,4,12,15
932,4,11,4,13,0
933,5,11,4,14,1
934,6,11,4,15,2
935,7,11,4,0,3
936,8,11,4,1,4
937,9,11,4,2,5
938,10,11,4,3,6
939,11,11,4,4,7
940,12,11,4,5,8
941,13,11,4,6,9
942,14,11,4,7,10
943,15,11,4,8,11
944,0,11,4,9,12
945,1,12,4,9,13
946,2,12,4,10,14
947,3,12,4,11,15
948,4,12,4,12,0
949,5,12,4,13,1
950,6,12,4,14,2
951,7,12,4,15,3
952,8,12,4,0,4
953,9,12,4,1,5
954,10,12,4,2,6
955,11,12,4,3,7
956,12,12,4,4,8
957,13,12,4,5,9
958,14,12,4,6,10
959,15,12,4,7,11
960,0,12,4,8,12
961,1,13,4,8,13
962,2,13,4,9,14
963,3,13,4,10,15
964,4,13,4,11,0
965,5,13,4,12,1
966,6,13,4,13,2
967,7,13,4,14,3
968,8,13,4,15,4
969,9,13,4,0,5
970,10,13,4,1,6
971,11,13,4,2,7
972,12,13,4,3,8
973,13,13,4,4,9
974,14,13,4,5,10
975,15,13,4,6,11
976,0,13,4,7,12
977,1,14,4,7,13
978,2,14,4,8,14
979,3,14,4,9,15
980,4,14,4,10,0
981,5,14,4,11,1
982,6,14,4,12,2
983,7,14,4,13,3
984,8,14,4,14,4
985,9,14,4,15,5
986,10,14,4,0,6
987,11,14,4,1,7
988,12,14,4,2,8
989,13,14,4,3,9
990,14,14,4,4,10
991,15,14,4,5,11
992,0,14,4,6,12
993,1,15,4,6,13
994,2,15,4,7,14
995,3,15,4,8,15
996,4,15,4,9,0
997,5,15,4,10,1
998,6,15,4,11,2
999,7,15,4,12,3
1000,8,15,4,13,4
1001,9,15,4,14,5
1002,10,15,4,15,6
1003,11,15,4,0,7
1004,12,15,4,1,8
1005,13,15,4,2,9
1006,14,15,4,3,10
1007,15,15,4,4,11
1008,0,15,4,5,12
1009,1,0,4,5,13
1010,2,0,4,6,14
1011,3,0,4,7,15
1012,4,0,4,8,0
1013,5,0,4,9,1
1014,6,0,4,10,2
1015,7,0,4,11,3
1016,8,0,4,12,4
1017,9,0,4,13,5
1018,10,0,4,14,6
1019,11,0,4,15,7
1020,12,0,4,0,8
1021,13,0,4,1,9
1022,14,0,4,2,10
1023,15,0,4,3,11
1024,0,0,4,4,12
1025,1,1,5,5,12
1026,2,1,5,6,13
1027,3,1,5,7,14
1028,4,1,5,8,15
1029,5,1,5,9,0
1030,6,1,5,10,1
1031,7,1,5,11,2
1032,8,1,5,12,3
1033,9,1,5,13,4
1034,10,1,5,14,5
1035,11,1,5,15,6
1036,12,1,5,0,7
1037,13,1,5,1,8
1038,14,1,5,2,9
1039,15,1,5,3,10
1040,0,1,5,4,11
1041,1,2,5,4,12
1042,2,2,5,5,13
1043,3,2,5,6,14
1044,4,2,5,7,15
1045,5,2,5,8,0
1046,6,2,5,9,1
1047,7,2,5,10,2
1048,8,2,5,11,3
1049,9,2,5,12,4
1050,10,2,5,13,5
1051,11,2,5,14,6
1052,12,2,5,15,7
1053,13,2,5,0,8
1054,14,2,5,1,9
1055,15,2,5,2,10
1056,0,2,5,3,11
1057,1,3,5,3,12
1058,2,3,5,4,13
1059,3,3,5,5,14
1060,4,3,5,6,15
1061,5,3,5,7,0
1062,6,3,5,8,1
1063,7,3,5,9,2
1064,8,3,5,10,3
1065,9,3,5,11,4
1066,10,3,5,12,5
1067,11,3,5,13,6
1068,12,3,5,14,7
1069,13,3,5,15,8
1070,14,3,5,0,9
1071,15,3,5,1,10
1072,0,3,5,2,11
1073,1,4,5,2,12
1074,2,4,5,3,13
1075,3,4,5,4,14
1076,4,4,5,5,15
1077,5,4,5,6,0
1078,6,4,5,7,1
1079,7,4,5,8,2
1080,8,4,5,9,3
1081,9,4,5,10,4
1082,10,4,5,11,5
1083,11,4,5,12,6
1084,12,4,5,13,7
1085,13,4,5,14,8
1086,14,4,5,15,9
1087,15,4,5,0,10
1088,0,4,5,1,11
1089,1,5,5,1,12
1090,2,5,5,2,13
1091,3,5,5,3,14
1092,4,5,5,4,15
1093,5,5,5,5,0
1094,6,5,5,6,1
1095,7,5,5,7,2
1096,8,5,5,8,3
1097,9,5,5,9,4
1098,10,5,5,10,5
1099,11,5,5,11,6
1100,12,5,5,12,7
1101,13,5,5,13,8
1102,14,5,5,14,9
1103,15,5,5,15,10
1104,0,5,5,0,11
1105,1,6,5,0,12
1106,2,6,5,1,13
1107,3,6,5,2,14
1108,4,6,5,3,15
1109,5,6,5,4,0
1110,6,6,5,5,1
1111,7,6,5,6,2
1112,8,6,5,7,3
1113,9,6,5,8,4
1114,10,6,5,9,5
1115,11,6,5,10,6
1116,12,6,5,11,7
1117,13,6,5,12,8
1118,14,6,5,13,9
1119,15,6,5,14,10
1120,0,6,5,15,11
1121,1,7,5,15,12
1122,2,7,5,0,13
1123,3,7,5,1,14
1124,4,7,5,2,15
1125,5,7,5,3,0
1126,6,7,5,4,1
1127,7,7,5,5,2
1128,8,7,5,6,3
1129,9,7,5,7,4
1130,10,7,5,8,5
1131,11,7,5,9,6
1132,12,7,5,10,7
1133,13,7,5,11,8
1134,14,7,5,12,9
1135,15,7,5,13,10
1136,0,7,5,14,11
1137,1,8,5,14,12
1138,2,8,5,15,13
1139,3,8,5,0,14
1140,4,8,5,1,15
1141,5,8,5,2,0
1142,6,8,5,3,1
1143,7,8,5,4,2
1144,8,8,5,5,3
1145,9,8,5,6,4
1146,10,8,5,7,5
1147,11,8,5,8,6
1148,12,8,5,9,7
1149,13,8,5,10,8
1150,14,8,5,11,9
1151,15,8,5,12,10
1152,0,8,5,13,11
1153,1,9,5,13,12
1154,2,9,5,14,13
1155,3,9,5,15,14
1156,4,9,5,0,15
1157,5,9,5,1,0
1158,6,9,5,2,1
1159,7,9,5,3,2
1160,8,9,5,4,3
1161,9,9,5,5,4
1162,10,9,5,6,5
1163,11,9,5,7,6
1164,12,9,5,8,7
1165,13,9,5,9,8
1166,14,9,5,10,9
1167,15,9,5,11,10
1168,0,9,5,12,11
1169,1,10,5,12,12
1170,2,10,5,13,13
1171,3,10,5,14,14
1172,4,10,5,15,15
1173,5,10,5,0,0
1174,6,10,5,1,1
1175,7,10,5,2,2
1176,8,10,5,3,3
1177,9,10,5,4,4
1178,10,10,5,5,5
1179,11,10,5,6,6
1180,12,10,5,7,7
1181,13,10,5,8,8
1182,14,10,5,9,9
1183,15,10,5,10,10
1184,0,10,5,11,11
1185,1,11,5,11,12
1186,2,11,5,12,13
1187,3,11,5,13,14
1188,4,11,5,14,15
1189,5,11,5,15,0
1190,6,11,5,0,1
1191,7,11,5,1,2
1192,8,11,5,2,3
1193,9,11,5,3,4
1194,10,11,5,4,5
1195,11,11,5,5,6
1196,12,11,5,6,7
1197,13,11,5,7,8
1198,14,11,5,8,9
1199,15,11,5,9,10
1200,0,11,5,10,11
1201,1,12,5,10,12
1202,2,12,5,11,13
1203,3,12,5,12,14
1204,4,12,5,13,15
1205,5,12,5,14,0
1206,6,12,5,15,1
1207,7,12,5,0,2
1208,8,12,5,1,3
1209,9,12,5,2,4
1210,10,12,5,3,5
1211,11,12,5,4,6
1212,12,12,5,5,7
1213,13,12,5,6,8
1214,14,12,5,7,9
1215,15,12,5,8,10
1216,0,12,5,9,11
1217,1,13,5,9,12
1218,2,13,5,10,13
1219,3,13,5,11,14
1220,4,13,5,12,15
1221,5,13,5,13,0
1222,6,13,5,14,1
1223,7,13,5,15,2
1224,8,13,5,0,3
1225,9,13,5,1,4
1226,10,13,5,2,5
1227,11,13,5,3,6
1228,12,13,5,4,7
1229,13,13,5,5,8
1230,14,13,5,6,9
1231,15,13,5,7,10
1232,0,13,5,8,11
1233,1,14,5,8,12
1234,2,14,5,9,13
1235,3,14,5,10,14
1236,4,14,5,11,15
1237,5,14,5,12,0
1238,6,14,5,13,1
1239,7,14,5,14,2
1240,8,14,5,15,3
1241,9,14,5,0,4
1242,10,14,5,1,5
1243,11,14,5,2,6
1244,12,14,5,3,7
1245,13,14,5,4,8
1246,14,14,5,5,9
1247,15,14,5,6,10
1248,0,14,5,7,11
1249,1,15,5,7,12
1250,2,15,5,8,13
1251,3,15,5,9,14
1252,4,15,5,10,15
1253,5,15,5,11,0
1254,6,15,5,12,1
1255,7,15,5,13,2
1256,8,15,5,14,3
1257,9,15,5,15,4
1258,10,15,5,0,5
1259,11,15,5,1,6
1260,12,15,5,2,7
1261,13,15,5,3,8
1262,14,15,5,4,9
1263,15,15,5,5,10
1264,0,15,5,6,11
1265,1,0,5,6,12
1266,2,0,5,7,13
1267,3,0,5,8,14
1268,4,0,5,9,15
1269,5,0,5,10,0
1270,6,0,5,11,1
1271,7,0,5,12,2
1272,8,0,5,13,3
1273,9,0,5,14,4
1274,10,0,5,15,5
1275,11,0,5,0,6
1276,12,0,5,1,7
1277,13,0,5,2,8
1278,14,0,5,3,9
1279,15,0,5,4,10
1280,0,0,5,5,11
1281,1,1,6,6,11
1282,2,1,6,7,12
1283,3,1,6,8,13
1284,4,1,6,9,14
1285,5,1,6,10,15
1286,6,1,6,11,0
1287,7,1,6,12,1
1288,8,1,6,13,2
1289,9,1,6,14,3
1290,10,1,6,15,4
1291,11,1,6,0,5
1292,12,1,6,1,6
1293,13,1,6,2,7
1294,14,1,6,3,8
1295,15,1,6,4,9
1296,0,1,6,5,10
1297,1,2,6,5,11
1298,2,2,6,6,12
1299,3,2,6,7,13
1300,4,2,6,8,14
1301,5,2,6,9,15
1302,6,2,6,10,0
1303,7,2,6,11,1
1304,8,2,6,12,2
1305,9,2,6,13,3
1306,10,2,6,14,4
1307,11,2,6,15,5
1308,12,2,6,0,6
1309,13,2,6,1,7
1310,14,2,6,2,8
1311,15,2,6,3,9
1312,0,2,6,4,10
1313,1,3,6,4,11
1314,2,3,6,5,12
1315,3,3,6,6,13
1316,4,3,6,7,14
1317,5,3,6,8,15
1318,6,3,6,9,0
1319,7,3,6,10,1
1320,8,3,6,11,2
1321,9,3,6,12,3
1322,10,3,6,13,4
1323,11,3,6,14,5
1324,12,3,6,15,6
1325,13,3,6,0,7
1326,14,3,6,1,8
1327,15,3,6,2,9
1328,0,3,6,3,10
1329,1,4,6,3,11
1330,2,4,6,4,12
1331,3,4,6,5,13
1332,4,4,6,6,14
1333,5,4,6,7,15
1334,6,4,6,8,0
1335,7,4,6,9,1
1336,8,4,6,10,2
1337,9,4,6,11,3
1338,10,4,6,12,4
1339,11,4,6,13,5
1340,12,4,6,14,6
1341,13,4,6,15,7
1342,14,4,6,0,8
1343,15,4,6,1,9
1344,0,4,6,2,10
1345,1,5,6,2,11
1346,2,5,6,3,12
1347,3,5,6,4,13
1348,4,5,6,5,14
1349,5,5,6,6,15
1350,6,5,6,7,0
1351,7,5,6,8,1
1352,8,5,6,9,2
1353,9,5,6,10,3
1354,10,5,6,11,4
1355,11,5,6,12,5
1356,12,5,6,13,6
1357,13,5,6,14,7
1358,14,5,6,15,8
1359,15,5,6,0,9
1360,0,5,6,1,10
1361,1,6,6,1,11
1362,2,6,6,2,12
1363,3,6,6,3,13
1364,4,6,6,4,14
1365,5,6,6,5,15
1366,6,6,6,6,0
1367,7,6,6,7,1
1368,8,6,6,8,2
1369,9,6,6,9,3
1370,10,6,6,10,4
1371,11,6,6,11,5
1372,12,6,6,12,6
1373,13,6,6,13,7
1374,14,6,6,14,8
1375,15,6,6,15,9
1376,0,6,6,0,10
1377,1,7,6,0,11
1378,2,7,6,1,12
1379,3,7,6,2,13
1380,4,7,6,3,14
1381,5,7,6,4,15
1382,6,7,6,5,0
1383,7,7,6,6,1
1384,8,7,6,7,2
1385,9,7,6,8,3
1386,10,7,6,9,4
1387,11,7,6,10,5
1388,12,7,6,11,6
1389,13,7,6,12,7
1390,14,7,6,13,8
1391,15,7,6,14,9
1392,0,7,6,15,10
1393,1,8,6,15,11
1394,2,8,6,0,12
1395,3,8,6,1,13
1396,4,8,6,2,14
1397,5,8,6,3,15
1398,6,8,6,4,0
1399,7,8,6,5,1
1400,8,8,6,6,2
1401,9,8,6,7,3
1402,10,8,6,8,4
1403,11,8,6,9,5
1404,12,8,6,10,6
1405,13,8,6,11,7
1406,14,8,6,12,8
1407,15,8,6,13,9
1408,0,8,6,14,10
1409,1,9,6,14,11
1410,2,9,6,15,12
1411,3,9,6,0,13
1412,4,9,6,1,14
1413,5,9,6,2,15
1414,6,9,6,3,0
1415,7,9,6,4,1
1416,8,9,6,5,2
1417,9,9,6,6,3
1418,10,9,6,7,4
1419,11,9,6,8,5
1420,12,9,6,9,6
1421,13,9,6,10,7
1422,14,9,6,11,8
1423,15,9,6,12,9
1424,0,9,6,13,10
1425,1,10,6,13,11
1426,2,10,6,14,12
1427,3,10,6,15,13
1428,4,10,6,0,14
1429,5,10,6,1,15
1430,6,10,6,2,0
1431,7,10,6,3,1
1432,8,10,6,4,2
1433,9,10,6,5,3
1434,10,10,6,6,4
1435,11,10,6,7,5
1436,12,10,6,8,6
1437,13,10,6,9,7
1438,14,10,6,10,8
1439,15,10,6,11,9
1440,0,10,6,12,10
1441,1,11,6,12,11
1442,2,11,6,13,12
1443,3,11,6,14,13
1444,4,11,6,15,14
1445,5,11,6,0,15
1446,6,11,6,1,0
1447,7,11,6,2,1
1448,8,11,6,3,2
1449,9,11,6,4,3
1450,10,11,6,5,4
1451,11,11,6,6,5
1452,12,11,6,7,6
1453,13,11,6,8,7
1454,14,11,6,9,8
1455,15,11,6,10,9
1456,0,11,6,11,10
1457,1,12,6,11,11
1458,2,12,6,12,12
1459,3,12,6,13,13
1460,4,12,6,14,14
1461,5,12,6,15,15
1462,6,12,6,0,0
1463,7,12,6,1,1
1464,8,12,6,2,2
1465,9,12,6,3,3
1466,10,12,6,4,4
1467,11,12,6,5,5
1468,12,12,6,6,6
1469,13,12,6,7,7
1470,14,12,6,8,8
1471,15,12,6,9,9
1472,0,12,6,10,10
1473,1,13,6,10,11
1474,2,13,6,11,12
1475,3,13,6,12,13
1476,4,13,6,13,14
1477,5,13,6,14,15
1478,6,13,6,15,0
1479,7,13,6,0,1
1480,8,13,6,1,2
1481,9,13,6,2,3
1482,10,13,6,3,4
1483,11,13,6,4,5
1484,12,13,6,5,6
1485,13,13,6,6,7
1486,14,13,6,7,8
1487,15,13,6,8,9
1488,0,13,6,9,10
1489,1,14,6,9,11
1490,2,14,6,10,12
1491,3,14,6,11,13
1492,4,14,6,12,14
1493,5,14,6,13,15
1494,6,14,6,14,0
1495,7,14,6,15,1
1496,8,14,6,0,2
1497,9,14,6,1,3
1498,10,14,6,2,4
1499,11,14,6,3,5
1500,12,14,6,4,6
1501,13,14,6,5,7
1502,14,14,6,6,8
1503,15,14,6,7,9
1504,0,14,6,8,10
1505,1,15,6,8,11
1506,2,15,6,9,12
1507,3,15,6,10,13
1508,4,15,6,11,14
1509,5,15,6,12,15
1510,6,15,6,13,0
1511,7,15,6,14,1
1512,8,15,6,15,2
1513,9,15,6,0,3
1514,10,15,6,1,4
1515,11,15,6,2,5
1516,12,15,6,3,6
1517,13,15,6,4,7
1518,14,15,6,5,8
1519,15,15,6,6,9
1520,0,15,6,7,10
1521,1,0,6,7,11
1522,2,0,6,8,12
1523,3,0,6,9,13
1524,4,0,6,10,14
1525,5,0,6,11,15
1526,6,0,6,12,0
1527,7,0,6,13,1
1528,8,0,6,14,2
1529,9,0,6,15,3
1530,10,0,6,0,4
1531,11,0,6,1,5
1532,12,0,6,2,6
1533,13,0,6,3,7
1534,14,0,6,4,8
1535,15,0,6,5,9
1536,0,0,6,6,10
1537,1,1,7,7,10
1538,2,1,7,8,11
1539,3,1,7,9,12
1540,4,1,7,10,13
1541,5,1,7,11,14
1542,6,1,7,12,15
1543,7,1,7,13,0
1544,8,1,7,14,1
1545,9,1,7,15,2
1546,10,1,7,0,3
1547,11,1,7,1,4
1548,12,1,7,2,5
1549,13,1,7,3,6
1550,14,1,7,4,7
1551,15,1,7,5,8
1552,0,1,7,6,9
1553,1,2,7,6,10
1554,2,2,7,7,11
1555,3,2,7,8,12
1556,4,2,7,9,13
1557,5,2,7,10,14
1558,6,2,7,11,15
1559,7,2,7,12,0
1560,8,2,7,13,1
1561,9,2,7,14,2
1562,10,2,7,15,3
1563,11,2,7,0,4
1564,12,2,7,1,5
1565,13,2,7,2,6
1566,14,2,7,3,7
1567,15,2,7,4,8
1568,0,2,7,5,9
1569,1,3,7,5,10
1570,2,3,7,6,11
1571,3,3,7,7,12
1572,4,3,7,8,13
1573,5,3,7,9,14
1574,6,3,7,10,15
1575,7,3,7,11,0
1576,8,3,7,12,1
1577,9,3,7,13,2
1578,10,3,7,14,3
1579,11,3,7,15,4
1580,12,3,7,0,5
1581,13,3,7,1,6
1582,14,3,7,2,7
1583,15,3,7,3,8
1584,0,3,7,4,9
1585,1,4,7,4,10
1586,2,4,7,5,11
1587,3,4,7,6,12
1588,4,4,7,7,13
1589,5,4,7,8,14
1590,6,4,7,9,15
1591,7,4,7,10,0
1592,8,4,7,11,1
1593,9,4,7,12,2
1594,10,4,7,13,3
1595,11,4,7,14,4
1596,12,4,7,15,5
1597,13,4,7,0,6
1598,14,4,7,1,7
1599,15,4,7,2,8
1600,0,4,7,3,9
1601,1,5,7,3,10
1602,2,5,7,4,11
1603,3,5,7,5,12
1604,4,5,7,6,13
1605,5,5,7,7,14
1606,6,5,7,8,15
1607,7,5,7,9,0
1608,8,5,7,10,1
1609,9,5,7,11,2
1610,10,5,7,12,3
1611,11,5,7,13,4
1612,12,5,7,14,5
1613,13,5,7,15,6
1614,14,5,7,0,7
1615,15,5,7,1,8
1616,0,5,7,2,9
1617,1,6,7,2,10
1618,2,6,7,3,11
1619,3,6,7,4,12
1620,4,6,7,5,13
1621,5,6,7,6,14
1622,6,6,7,7,15
1623,7,6,7,8,0
1624,8,6,7,9,1
1625,9,6,7,10,2
1626,10,6,7,11,3
1627,11,6,7,12,4
1628,12,6,7,13,5
1629,13,6,7,14,6
1630,14,6,7,15,7
1631,15,6,7,0,8
1632,0,6,7,1,9
1633,1,7,7,1,10
1634,2,7,7,2,11
1635,3,7,7,3,12
1636,4,7,7,4,13
1637,5,7,7,5,14
1638,6,7,7,6,15
1639,7,7,7,7,0
1640,8,7,7,8,1
1641,9,7,7,9,2
1642,10,7,7,10,3
1643,11,7,7,11,4
1644,12,7,7,12,5
1645,13,7,7,13,6
1646,14,7,7,14,7
1647,15,7,7,15,8
1648,0,7,7,0,9
1649,1,8,7,0,10
1650,2,8,7,1,11
1651,3,8,7,2,12
1652,4,8,7,3,13
1653,5,8,7,4,14
1654,6,8,7,5,15
1655,7,8,7,6,0
1656,8,8,7,7,1
1657,9,8,7,8,2
1658,10,8,7,9,3
1659,11,8,7,10,4
1660,12,8,7,11,5
1661,13,8,7,12,6
1662,14,8,7,13,7
1663,15,8,7,14,8
1664,0,8,7,15,9
1665,1,9,7,15,10
1666,2,9,7,0,11
1667,3,9,7,1,12
1668,4,9,7,2,13
1669,5,9,7,3,14
1670,6,9,7,4,15
1671,7,9,7,5,0
1672,8,9,7,6,1
1673,9,9,7,7,2
1674,10,9,7,8,3
1675,11,9,7,9,4
1676,12,9,7,10,5
1677,13,9,7,11,6
1678,14,9,7,12,7
1679,15,9,7,13,8
1680,0,9,7,14,9
1681,1,10,7,14,10
1682,2,10,7,15,11
1683,3,10,7,0,12
1684,4,10,7,1,13
1685,5,10,7,2,14
1686,6,10,7,3,15
1687,7,10,7,4,0
1688,8,10,7,5,1
1689,9,10,7,6,2
1690,10,10,7,7,3
1691,11,10,7,8,4
1692,12,10,7,9,5
1693,13,10,7,10,6
1694,14,10,7,11,7
1695,15,10,7,12,8
1696,0,10,7,13,9
1697,1,11,7,13,10
1698,2,11,7,14,11
1699,3,11,7,15,12
1700,4,11,7,0,13
1701,5,11,7,1,14
1702,6,11,7,2,15
1703,7,11,7,3,0
1704,8,11,7,4,1
1705,9,11,7,5,2
1706,10,11,7,6,3
1707,11,11,7,7,4
1708,12,11,7,8,5
1709,13,11,7,9,6
1710,14,11,7,10,7
1711,15,11,7,11,8
1712,0,11,7,12,9
1713,1,12,7,12,10
1714,2,12,7,13,11
1715,3,12,7,14,12
1716,4,12,7,15,13
1717,5,12,7,0,14
1718,6,12,7,1,15
1719,7,12,7,2,0
1720,8,12,7,3,1
1721,9,12,7,4,2
1722,10,12,7,5,3
1723,11,12,7,6,4
1724,12,12,7,7,5
1725,13,12,7,8,6
1726,14,12,7,9,7
1727,15,12,7,10,8
1728,0,12,7,11,9
1729,1,13,7,11,10
1730,2,13,7,12,11
1731,3,13,7,13,12
1732,4,13,7,14,13
1733,5,13,7,15,14
1734,6,13,7,0,15
1735,7,13,7,1,0
1736,8,13,7,2,1
1737,9,13,7,3,2
1738,10,13,7,4,3
1739,11,13,7,5,4
1740,12,13,7,6,5
1741,13,13,7,7,6
1742,14,13,7,8,7
1743,15,13,7,9,8
1744,0,13,7,10,9
1745,1,14,7,10,10
1746,2,14,7,11,11
1747,3,14,7,12,12
1748,4,14,7,13,13
1749,5,14,7,14,14
1750,6,14,7,15,15
1751,7,14,7,0,0
1752,8,14,7,1,1
1753,9,14,7,2,2
1754,10,14,7,3,3
1755,11,14,7,4,4
1756,12,14,7,5,5
1757,13,14,7,6,6
1758,14,14,7,7,7
1759,15,14,7,8,8
1760,0,14,7,9,9
1761,1,15,7,9,10
1762,2,15,7,10,11
1763,3,15,7,11,12
1764,4,15,7,12,13
1765,5,15,7,13,14
1766,6,15,7,14,15
1767,7,15,7,15,0
1768,8,15,7,0,1
1769,9,15,7,1,2
1770,10,15,7,2,3
1771,11,15,7,3,4
1772,12,15,7,4,5
1773,13,15,7,5,6
1774,14,15,7,6,7
1775,15,15,7,7,8
1776,0,15,7,8,9
1777,1,0,7,8,10
1778,2,0,7,9,11
1779,3,0,7,10,12
1780,4,0,7,11,13
1781,5,0,7,12,14
1782,6,0,7,13,15
1783,7,0,7,14,0
1784,8,0,7,15,1
1785,9,0,7,0,2
1786,10,0,7,1,3
1787,11,0,7,2,4
1788,12,0,7,3,5
1789,13,0,7,4,6
1790,14,0,7,5,7
1791,15,0,7,6,8
1792,0,0,7,7,9
1793,1,1,8,8,9
1794,2,1,8,9,10
1795,3,1,8,10,11
1796,4,1,8,11,12
1797,5,1,8,12,13
1798,6,1,8,13,14
1799,7,1,8,14,15
1800,8,1,8,15,0
1801,9,1,8,0,1
1802,10,1,8,1,2
1803,11,1,8,2,3
1804,12,1,8,3,4
1805,13,1,8,4,5
1806,14,1,8,5,6
1807,15,1,8,6,7
1808,0,1,8,7,8
1809,1,2,8,7,9
1810,2,2,8,8,10
1811,3,2,8,9,11
1812,4,2,8,10,12
1813,5,2,8,11,13
1814,6,2,8,12,14
1815,7,2,8,13,15
1816,8,2,8,14,0
1817,9,2,8,15,1
1818,10,2,8,0,2
1819,11,2,8,1,3
1820,12,2,8,2,4
1821,13,2,8,3,5
1822,14,2,8,4,6
1823,15,2,8,5,7
1824,0,2,8,6,8
1825,1,3,8,6,9
1826,2,3,8,7,10
1827,3,3,8,8,11
1828,4,3,8,9,12
1829,5,3,8,10,13
1830,6,3,8,11,14
1831,7,3,8,12,15
1832,8,3,8,13,0
1833,9,3,8,14,1
1834,10,3,8,15,2
1835,11,3,8,0,3
1836,12,3,8,1,4
1837,13,3,8,2,5
1838,14,3,8,3,6
1839,15,3,8,4,7
1840,0,3,8,5,8
1841,1,4,8,5,9
1842,2,4,8,6,10
1843,3,4,8,7,11
1844,4,4,8,8,12
1845,5,4,8,9,13
1846,6,4,8,10,14
1847,7,4,8,11,15
1848,8,4,8,12,0
1849,9,4,8,13,1
1850,10,4,8,14,2
1851,11,4,8,15,3
1852,12,4,8,0,4
1853,13,4,8,1,5
1854,14,4,8,2,6
1855,15,4,8,3,7
1856,0,4,8,4,8
1857,1,5,8,4,9
1858,2,5,8,5,10
1859,3,5,8,6,11
1860,4,5,8,7,12
1861,5,5,8,8,13
1862,6,5,8,9,14
1863,7,5,8,10,15
1864,8,5,8,11,0
1865,9,5,8,12,1
1866,10,5,8,13,2
1867,11,5,8,14,3
1868,12,5,8,15,4
1869,13,5,8,0,5
1870,14,5,8,1,6
1871,15,5,8,2,7
1872,0,5,8,3,8
1873,1,6,8,3,9
1874,2,6,8,4,10
1875,3,6,8,5,11
1876,4,6,8,6,12
1877,5,6,8,7,13
1878,6,6,8,8,14
1879,7,6,8,9,15
1880,8,6,8,10,0
1881,9,6,8,11,1
1882,10,6,8,12,2
1883,11,6,8,13,3
1884,12,6,8,14,4
1885,13,6,8,15,5
1886,14,6,8,0,6
1887,15,6,8,1,7
1888,0,6,8,2,8
1889,1,7,8,2,9
1890,2,7,8,3,10
1891,3,7,8,4,11
1892,4,7,8,5,12
1893,5,7,8,6,13
1894,6,7,8,7,14
1895,7,7,8,8,15
1896,8,7,8,9,0
1897,9,7,8,10,1
1898,10,7,8,11,2
1899,11,7,8,12,3
1900,12,7,8,13,4
1901,13,7,8,14,5
1902,14,7,8,15,6
1903,15,7,8,0,7
1904,0,7,8,1,8
1905,1,8,8,1,9
1906,2,8,8,2,10
1907,3,8,8,3,11
1908,4,8,8,4,12
1909,5,8,8,5,13
1910,6,8,8,6,14
1911,7,8,8,7,15
1912,8,8,8,8,0
1913,9,8,8,9,1
1914,10,8,8,10,2
1915,11,8,8,11,3
1916,12,8,8,12,4
1917,13,8,8,13,5
1918,14,8,8,14,6
1919,15,8,8,15,7
1920,0,8,8,0,8
1921,1,9,8,0,9
1922,2,9,8,1,10
1923,3,9,8,2,11
1924,4,9,8,3,12
1925,5,9,8,4,13
1926,6,9,8,5,14
1927,7,9,8,6,15
1928,8,9,8,7,0
1929,9,9,8,8,1
1930,10,9,8,9,2
1931,11,9,8,10,3
1932,12,9,8,11,4
1933,13,9,8,12,5
1934,14,9,8,13,6
1935,15,9,8,14,7
1936,0,9,8,15,8
1937,1,10,8,15,9
1938,2,10,8,0,10
1939,3,10,8,1,11
1940,4,10,8,2,12
1941,5,10,8,3,13
1942,6,10,8,4,14
1943,7,10,8,5,15
1944,8,10,8,6,0
1945,9,10,8,7,1
1946,10,10,8,8,2
1947,11,10,8,9,3
1948,12,10,8,10,4
1949,13,10,8,11,5
1950,14,10,8,12,6
1951,15,10,8,13,7
1952,0,10,8,14,8
1953,1,11,8,14,9
1954,2,11,8,15,10
1955,3,11,8,0,11
1956,4,11,8,1,12
1957,5,11,8,2,13
1958,6,11,8,3,14
1959,7,11,8,4,15
1960,8,11,8,5,0
1961,9,11,8,6,1
1962,10,11,8,7,2
1963,11,11,8,8,3
1964,12,11,8,9,4
1965,13,11,8,10,5
1966,14,11,8,11,6
1967,15,11,8,12,7
1968,0,11,8,13,8
1969,1,12,8,13,9
1970,2,12,8,14,10
1971,3,12,8,15,11
1972,4,12,8,0,12
1973,5,12,8,1,13
1974,6,12,8,2,14
1975,7,12,8,3,15
1976,8,12,8,4,0
1977,9,12,8,5,1
1978,10,12,8,6,2
1979,11,12,8,7,3
1980,12,12,8,8,4
1981,13,12,8,9,5
1982,14,12,8,10,6
1983,15,12,8,11,7
1984,0,12,8,12,8
1985,1,13,8,12,9
1986,2,13,8,13,10
1987,3,13,8,14,11
1988,4,13,8,15,12
1989,5,13,8,0,13
1990,6,13,8,1,14
1991,7,13,8,2,15
1992,8,13,8,3,0
1993,9,13,8,4,1
1994,10,13,8,5,2
1995,11,13,8,6,3
1996,12,13,8,7,4
1997,13,13,8,8,5
1998,14,13,8,9,6
1999,15,13,8,10,7
2000,0,13,8,11,8
2001,1,14,8,11,9
2002,2,14,8,12,10
2003,3,14,8,13,11
2004,4,14,8,14,12
2005,5,14,8,15,13
2006,6,14,8,0,14
2007,7,14,8,1,15
2008,8,14,8,2,0
2009,9,14,8,3,1
2010,10,14,8,4,2
2011,11,14,8,5,3
2012,12,14,8,6,4
2013,13,14,8,7,5
2014,14,14,8,8,6
2015,15,14,8,9,7
2016,0,14,8,10,8
2017,1,15,8,10,9
2018,2,15,8,11,10
2019,3,15,8,12,11
2020,4,15,8,13,12
2021,5,15,8,14,13
2022,6,15,8,15,14
2023,7,15,8,0,15
2024,8,15,8,1,0
2025,9,15,8,2,1
2026,10,15,8,3,2
2027,11,15,8,4,3
2028,12,15,8,5,4
2029,13,15,8,6,5
2030,14,15,8,7,6
2031,15,15,8,8,7
2032,0,15,8,9,8
2033,1,0,8,9,9
2034,2,0,8,10,10
2035,3,0,8,11,11
2036,4,0,8,12,12
2037,5,0,8,13,13
2038,6,0,8,14,14
2039,7,0,8,15,15
2040,8,0,8,0,0
2041,9,0,8,1,1
2042,10,0,8,2,2
2043,11,0,8,3,3
2044,12,0,8,4,4
2045,13,0,8,5,5
2046,14,0,8,6,6
2047,15,0,8,7,7
2048,0,0,8,8,8
2049,1,1,9,9,8
2050,2,1,9,10,9
2051,3,1,9,11,10
2052,4,1,9,12,11
2053,5,1,9,13,12
2054,6,1,9,14,13
2055,7,1,9,15,14
2056,8,1,9,0,15
2057,9,1,9,1,0
2058,10,1,9,2,1
2059,11,1,9,3,2
2060,12,1,9,4,3
2061,13,1,9,5,4
2062,14,1,9,6,5
2063,15,1,9,7,6
2064,0,1,9,8,7
2065,1,2,9,8,8
2066,2,2,9,9,9
2067,3,2,9,10,10
2068,4,2,9,11,11
2069,5,2,9,12,12
2070,6,2,9,13,13
2071,7,2,9,14,14
2072,8,2,9,15,15
2073,9,2,9,0,0
2074,10,2,9,1,1
2075,11,2,9,2,2
2076,12,2,9,3,3
2077,13,2,9,4,4
2078,14,2,9,5,5
2079,15,2,9,6,6
2080,0,2,9,7,7
2081,1,3,9,7,8
2082,2,3,9,8,9
2083,3,3,9,9,10
2084,4,3,9,10,11
2085,5,3,9,11,12
2086,6,3,9,12,13
2087,7,3,9,13,14
2088,8,3,9,14,15
2089,9,3,9,15,0
2090,10,3,9,0,1
2091,11,3,9,1,2
2092,12,3,9,2,3
2093,13,3,9,3,4
2094,14,3,9,4,5
2095,15,3,9,5,6
2096,0,3,9,6,7
2097,1,4,9,6,8
2098,2,4,9,7,9
2099,3,4,9,8,10
2100,4,4,9,9,11
2101,5,4,9,10,12
2102,6,4,9,11,13
2103,7,4,9,12,14
2104,8,4,9,13,15
2105,9,4,9,14,0
2106,10,4,9,15,1
2107,11,4,9,0,2
2108,12,4,9,1,3
2109,13,4,9,2,4
2110,14,4,9,3,5
2111,15,4,9,4,6
2112,0,4,9,5,7
2113,1,5,9,5,8
2114,2,5,9,6,9
2115,3,5,9,7,10
2116,4,5,9,8,11
2117,5,5,9,9,12
2118,6,5,9,10,13
2119,7,5,9,11,14
2120,8,5,9,12,15
2121,9,5,9,13,0
2122,10,5,9,14,1
2123,11,5,9,15,2
2124,12,5,9,0,3
2125,13,5,9,1,4
2126,14,5,9,2,5
2127,15,5,9,3,6
2128,0,5,9,4,7
2129,1,6,9,4,8
2130,2,6,9,5,9
2131,3,6,9,6,10
2132,4,6,9,7,11
2133,5,6,9,8,12
2134,6,6,9,9,13
2135,7,6,9,10,14
2136,8,6,9,11,15
2137,9,6,9,12,0
2138,10,6,9,13,1
2139,11,6,9,14,2
2140,12,6,9,15,3
2141,13,6,9,0,4
2142,14,6,9,1,5
2143,15,6,9,2,6
2144,0,6,9,3,7
2145,1,7,9,3,8
2146,2,7,9,4,9
2147,3,7,9,5,10
2148,4,7,9,6,11
2149,5,7,9,7,12
2150,6,7,9,8,13
2151,7,7,9,9,14
2152,8,7,9,10,15
2153,9,7,9,11,0
2154,10,7,9,12,1
2155,11,7,9,13,2
2156,12,7,9,14,3
2157,13,7,9,15,4
2158,14,7,9,0,5
2159,15,7,9,1,6
2160,0,7,9,2,7
2161,1,8,9,2,8
2162,2,8,9,3,9
2163,3,8,9,4,10
2164,4,8,9,5,11
2165,5,8,9,6,12
2166,6,8,9,7,13
2167,7,8,9,8,14
2168,8,8,9,9,15
2169,9,8,9,10,0
2170,10,8,9,11,1
2171,11,8,9,12,2
2172,12,8,9,13,3
2173,13,8,9,14,4
2174,14,8,9,15,5
2175,15,8,9,0,6
2176,0,8,9,1,7
2177,1,9,9,1,8
2178,2,9,9,2,9
2179,3,9,9,3,10
2180,4,9,9,4,11
2181,5,9,9,5,12
2182,6,9,9,6,13
2183,7,9,9,7,14
2184,8,9,9,8,15
2185,9,9,9,9,0
2186,10,9,9,10,1
2187,11,9,9,11,2
2188,12,9,9,12,3
2189,13,9,9,13,4
2190,14,9,9,14,5
2191,15,9,9,15,6
2192,0,9,9,0,7
2193,1,10,9,0,8
2194,2,10,9,1,9
2195,3,10,9,2,10
2196,4,10,9,3,11
2197,5,10,9,4,12
2198,6,10,9,5,13
2199,7,10,9,6,14
2200,8,10,9,7,15
2201,9,10,9,8,0
2202,10,10,9,9,1
2203,11,10,9,10,2
2204,12,10,9,11,3
2205,13,10,9,12,4
2206,14,10,9,13,5
2207,15,10,9,14,6
2208,0,10,9,15,7
2209,1,11,9,15,8
2210,2,11,9,0,9
2211,3,11,9,1,10
2212,4,11,9,2,11
2213,5,11,9,3,12
2214,6,11,9,4,13
2215,7,11,9,5,14
2216,8,11,9,6,15
2217,9,11,9,7,0
2218,10,11,9,8,1
2219,11,11,9,9,2
2220,12,11,9,10,3
2221,13,11,9,11,4
2222,14,11,9,12,5
2223,15,11,9,13,6
2224,0,11,9,14,7
2225,1,12,9,14,8
2226,2,12,9,15,9
2227,3,12,9,0,10
2228,4,12,9,1,11
2229,5,12,9,2,12
2230,6,12,9,3,13
2231,7,12,9,4,14
2232,8,12,9,5,15
2233,9,12,9,6,0
2234,10,12,9,7,1
2235,11,12,9,8,2
2236,12,12,9,9,3
2237,13,12,9,10,4
2238,14,12,9,11,5
2239,15,12,9,12,6
2240,0,12,9,13,7
2241,1,13,9,13,8
2242,2,13,9,14,9
2243,3,13,9,15,10
2244,4,13,9,0,11
2245,5,13,9,1,12
2246,6,13,9,2,13
2247,7,13,9,3,14
2248,8,13,9,4,15
2249,9,13,9,5,0
2250,10,13,9,6,1
2251,11,13,9,7,2
2252,12,13,9,8,3
2253,13,13,9,9,4
2254,14,13,9,10,5
2255,15,13,9,11,6
2256,0,13,9,12,7
2257,1,14,9,12,8
2258,2,14,9,13,9
2259,3,14,9,14,10
2260,4,14,9,15,11
2261,5,14,9,0,12
2262,6,14,9,1,13
2263,7,14,9,2,14
2264,8,14,9,3,15
2265,9,14,9,4,0
2266,10,14,9,5,1
2267,11,14,9,6,2
2268,12,14,9,7,3
2269,13,14,9,8,4
2270,14,14,9,9,5
2271,15,14,9,10,6
2272,0,14,9,11,7
2273,1,15,9,11,8
2274,2,15,9,12,9
2275,3,15,9,13,10
2276,4,15,9,14,11
2277,5,15,9,15,12
2278,6,15,9,0,13
2279,7,15,9,1,14
2280,8,15,9,2,15
2281,9,15,9,3,0
2282,10,15,9,4,1
2283,11,15,9,5,2
2284,12,15,9,6,3
2285,13,15,9,7,4
2286,14,15,9,8,5
2287,15,15,9,9,6
2288,0,15,9,10,7
2289,1,0,9,10,8
2290,2,0,9,11,9
2291,3,0,9,12,10
2292,4,0,9,13,11
2293,5,0,9,14,12
2294,6,0,9,15,13
2295,7,0,9,0,14
2296,8,0,9,1,15
2297,9,0,9,2,0
2298,10,0,9,3,1
2299,11,0,9,4,2
2300,12,0,9,5,3
2301,13,0,9,6,4
2302,14,0,9,7,5
2303,15,0,9,8,6
2304,0,0,9,9,7
2305,1,1,10,10,7
2306,2,1,10,11,8
2307,3,1,10,12,9
2308,4,1,10,13,10
2309,5,1,10,14,11
2310,6,1,10,15,12
2311,7,1,10,0,13
2312,8,1,10,1,14
2313,9,1,10,2,15
2314,10,1,10,3,0
2315,11,1,10,4,1
2316,12,1,10,5,2
2317,13,1,10,6,3
2318,14,1,10,7,4
2319,15,1,10,8,5
2320,0,1,10,9,6
2321,1,2,10,9,7
2322,2,2,10,10,8
2323,3,2,10,11,9
2324,4,2,10,12,10
2325,5,2,10,13,11
2326,6,2,10,14,12
2327,7,2,10,15,13
2328,8,2,10,0,14
2329,9,2,10,1,15
2330,10,2,10,2,0
2331,11,2,10,3,1
2332,12,2,10,4,2
2333,13,2,10,5,3
2334,14,2,10,6,4
2335,15,2,10,7,5
2336,0,2,10,8,6
2337,1,3,10,8,7
2338,2,3,10,9,8
2339,3,3,10,10,9
2340,4,3,10,11,10
2341,5,3,10,12,11
2342,6,3,10,13,12
2343,7,3,10,14,13
2344,8,3,10,15,14
2345,9,3,10,0,15
2346,10,3,10,1,0
2347,11,3,10,2,1
2348,12,3,10,3,2
2349,13,3,10,4,3
2350,14,3,10,5,4
2351,15,3,10,6,5
2352,0,3,10,7,6
2353,1,4,10,7,7
2354,2,4,10,8,8
2355,3,4,10,9,9
2356,4,4,10,10,10
2357,5,4,10,11,11
2358,6,4,10,12,12
2359,7,4,10,13,13
2360,8,4,10,14,14
2361,9,4,10,15,15
2362,10,4,10,0,0
2363,11,4,10,1,1
2364,12,4,10,2,2
2365,13,4,10,3,3
2366,14,4,10,4,4
2367,15,4,10,5,5
2368,0,4,10,6,6
2369,1,5,10,6,7
2370,2,5,10,7,8
2371,3,5,10,8,9
2372,4,5,10,9,10
2373,5,5,10,10,11
2374,6,5,10,11,12
2375,7,5,10,12,13
2376,8,5,10,13,14
2377,9,5,10,14,15
2378,10,5,10,15,0
2379,11,5,10,0,1
2380,12,5,10,1,2
2381,13,5,10,2,3
2382,14,5,10,3,4
2383,15,5,10,4,5
2384,0,5,10,5,6
2385,1,6,10,5,7
2386,2,6,10,6,8
2387,3,6,10,7,9
2388,4,6,10,8,10
2389,5,6,10,9,11
2390,6,6,10,10,12
2391,7,6,10,11,13
2392,8,6,10,12,14
2393,9,6,10,13,15
2394,10,6,10,14,0
2395,11,6,10,15,1
2396,12,6,10,0,2
2397,13,6,10,1,3
2398,14,6,10,2,4
2399,15,6,10,3,5
2400,0,6,10,4,6
2401,1,7,10,4,7
2402,2,7,10,5,8
2403,3,7,10,6,9
2404,4,7,10,7,10
2405,5,7,10,8,11
2406,6,7,10,9,12
2407,7,7,10,10,13
2408,8,7,10,11,14
2409,9,7,10,12,15
2410,10,7,10,13,0
2411,11,7,10,14,1
2412,12,7,10,15,2
2413,13,7,10,0,3
2414,14,7,10,1,4
2415,15,7,10,2,5
2416,0,7,10,3,6
2417,1,8,10,3,7
2418,2,8,10,4,8
2419,3,8,10,5,9
2420,4,8,10,6,10
2421,5,8,10,7,11
2422,6,8,10,8,12
2423,7,8,10,9,13
2424,8,8,10,10,14
2425,9,8,10,11,15
2426,10,8,10,12,0
2427,11,8,10,13,1
2428,12,8,10,14,2
2429,13,8,10,15,3
2430,14,8,10,0,4
2431,15,8,10,1,5
2432,0,8,10,2,6
2433,1,9,10,2,7
2434,2,9,10,3,8
2435,3,9,10,4,9
2436,4,9,10,5,10
2437,5,9,10,6,11
2438,6,9,10,7,12
2439,7,9,10,8,13
2440,8,9,10,9,14
2441,9,9,10,10,15
2442,10,9,10,11,0
2443,11,9,10,12,1
2444,12,9,10,13,2
2445,13,9,10,14,3
2446,14,9,10,15,4
2447,15,9,10,0,5
2448,0,9,10,1,6
2449,1,10,10,1,7
2450,2,10,10,2,8
2451,3,10,10,3,9
2452,4,10,10,4,10
2453,5,10,10,5,11
2454,6,10,10,6,12
2455,7,10,10,7,13
2456,8,10,10,8,14
2457,9,10,10,9,15
2458,10,10,10,10,0
2459,11,10,10,11,1
2460,12,10,10,12,2
2461,13,10,10,13,3
2462,14,10,10,14,4
2463,15,10,10,15,5
2464,0,10,10,0,6
2465,1,11,10,0,7
2466,2,11,10,1,8
2467,3,11,10,2,9
2468,4,11,10,3,10
2469,5,11,10,4,11
2470,6,11,10,5,12
2471,7,11,10,6,13
2472,8,11,10,7,14
2473,9,11,10,8,15
2474,10,11,10,9,0
2475,11,11,10,10,1
2476,12,11,10,11,2
2477,13,11,10,12,3
2478,14,11,10,13,4
2479,15,11,10,14,5
2480,0,11,10,15,6
2481,1,12,10,15,7
2482,2,12,10,0,8
2483,3,12,10,1,9
2484,4,12,10,2,10
2485,5,12,10,3,11
2486,6,12,10,4,12
2487,7,12,10,5,13
2488,8,12,10,6,14
2489,9,12,10,7,15
2490,10,12,10,8,0
2491,11,12,10,9,1
2492,12,12,10,10,2
2493,13,12,10,11,3
2494,14,12,10,12,4
2495,15,12,10,13,5
2496,0,12,10,14,6
2497,1,13,10,14,7
2498,2,13,10,15,8
2499,3,13,10,0,9
2500,4,13,10,1,10
2501,5,13,10,2,11
2502,6,13,10,3,12
2503,7,13,10,4,13
2504,8,13,10,5,14
2505,9,13,10,6,15
2506,10,13,10,7,0
2507,11,13,10,8,1
2508,12,13,10,9,2
2509,13,13,10,10,3
2510,14,13,10,11,4
2511,15,13,10,12,5
2512,0,13,10,13,6
2513,1,14,10,13,7
2514,2,14,10,14,8
2515,3,14,10,15,9
2516,4,14,10,0,10
2517,5,14,10,1,11
2518,6,14,10,2,12
2519,7,14,10,3,13
2520,8,14,10,4,14
2521,9,14,10,5,15
2522,10,14,10,6,0
2523,11,14,10,7,1
2524,12,14,10,8,2
2525,13,14,10,9,3
2526,14,14,10,10,4
2527,15,14,10,11,5
2528,0,14,10,12,6
2529,1,15,10,12,7
2530,2,15,10,13,8
2531,3,15,10,14,9
2532,4,15,10,15,10
2533,5,15,10,0,11
2534,6,15,10,1,12
2535,7,15,10,2,13
2536,8,15,10,3,14
2537,9,15,10,4,15
2538,10,15,10,5,0
2539,11,15,10,6,1
2540,12,15,10,7,2
2541,13,15,10,8,3
2542,14,15,10,9,4
2543,15,15,10,10,5
2544,0,15,10,11,6
2545,1,0,10,11,7
2546,2,0,10,12,8
2547,3,0,10,13,9
2548,4,0,10,14,10
2549,5,0,10,15,11
2550,6,0,10,0,12
2551,7,0,10,1,13
2552,8,0,10,2,14
2553,9,0,10,3,15
2554,10,0,10,4,0
2555,11,0,10,5,1
2556,12,0,10,6,2
2557,13,0,10,7,3
2558,14,0,10,8,4
2559,15,0,10,9,5
2560,0,0,10,10,6
2561,1,1,11,11,6
2562,2,1,11,12,7
2563,3,1,11,13,8
2564,4,1,11,14,9
2565,5,1,11,15,10
2566,6,1,11,0,11
2567,7,1,11,1,12
2568,8,1,11,2,13
2569,9,1,11,3,14
2570,10,1,11,4,15
2571,11,1,11,5,0
2572,12,1,11,6,1
2573,13,1,11,7,2
2574,14,1,11,8,3
2575,15,1,11,9,4
2576,0,1,11,10,5
2577,1,2,11,10,6
2578,2,2,11,11,7
2579,3,2,11,12,8
2580,4,2,11,13,9
2581,5,2,11,14,10
2582,6,2,11,15,11
2583,7,2,11,0,12
2584,8,2,11,1,13
2585,9,2,11,2,14
2586,10,2,11,3,15
2587,11,2,11,4,0
2588,12,2,11,5,1
2589,13,2,11,6,2
2590,14,2,11,7,3
2591,15,2,11,8,4
2592,0,2,11,9,5
2593,1,3,11,9,6
2594,2,3,11,10,7
2595,3,3,11,11,8
2596,4,3,11,12,9
2597,5,3,11,13,10
2598,6,3,11,14,11
2599,7,3,11,15,12
2600,8,3,11,0,13
2601,9,3,11,1,14
2602,10,3,11,2,15
2603,11,3,11,3,0
2604,12,3,11,4,1
2605,13,3,11,5,2
2606,14,3,11,6,3
2607,15,3,11,7,4
2608,0,3,11,8,5
2609,1,4,11,8,6
2610,2,4,11,9,7
2611,3,4,11,10,8
2612,4,4,11,11,9
2613,5,4,11,12,10
2614,6,4,11,13,11
2615,7,4,11,14,12
2616,8,4,11,15,13
2617,9,4,11,0,14
2618,10,4,11,1,15
2619,11,4,11,2,0
2620,12,4,11,3,1
2621,13,4,11,4,2
2622,14,4,11,5,3
2623,15,4,11,6,4
2624,0,4,11,7,5
2625,1,5,11,7,6
2626,2,5,11,8,7
2627,3,5,11,9,8
2628,4,5,11,10,9
2629,5,5,11,11,10
2630,6,5,11,12,11
2631,7,5,11,13,12
2632,8,5,11,14,13
2633,9,5,11,15,14
2634,10,5,11,0,15
2635,11,5,11,1,0
2636,12,5,11,2,1
2637,13,5,11,3,2
2638,14,5,11,4,3
2639,15,5,11,5,4
2640,0,5,11,6,5
2641,1,6,11,6,6
2642,2,6,11,7,7
2643,3,6,11,8,8
2644,4,6,11,9,9
2645,5,6,11,10,10
2646,6,6,11,11,11
2647,7,6,11,12,12
2648,8,6,11,13,13
2649,9,6,11,14,14
2650,10,6,11,15,15
2651,11,6,11,0,0
2652,12,6,11,1,1
2653,13,6,11,2,2
2654,14,6,11,3,3
2655,15,6,11,4,4
2656,0,6,11,5,5
2657,1,7,11,5,6
2658,2,7,11,6,7
2659,3,7,11,7,8
2660,4,7,11,8,9
2661,5,7,11,9,10
2662,6,7,11,10,11
2663,7,7,11,11,12
2664,8,7,11,12,13
2665,9,7,11,13,14
2666,10,7,11,14,15
2667,11,7,11,15,0
2668,12,7,11,0,1
2669,13,7,11,1,2
2670,14,7,11,2,3
2671,15,7,11,3,4
2672,0,7,11,4,5
2673,1,8,11,4,6
2674,2,8,11,5,7
2675,3,8,11,6,8
2676,4,8,11,7,9
2677,5,8,11,8,10
2678,6,8,11,9,11
2679,7,8,11,10,12
2680,8,8,11,11,13
2681,9,8,11,12,14
2682,10,8,11,13,15
2683,11,8,11,14,0
2684,12,8,11,15,1
2685,13,8,11,0,2
2686,14,8,11,1,3
2687,15,8,11,2,4
2688,0,8,11,3,5
2689,1,9,11,3,6
2690,2,9,11,4,7
2691,3,9,11,5,8
2692,4,9,11,6,9
2693,5,9,11,7,10
2694,6,9,11,8,11
2695,7,9,11,9,12
2696,8,9,11,10,13
2697,9,9,11,11,14
2698,10,9,11,12,15
2699,11,9,11,13,0
2700,12,9,11,14,1
2701,13,9,11,15,2
2702,14,9,11,0,3
2703,15,9,11,1,4
2704,0,9,11,2,5
2705,1,10,11,2,6
2706,2,10,11,3,7
2707,3,10,11,4,8
2708,4,10,11,5,9
2709,5,10,11,6,10
2710,6,10,11,7,11
2711,7,10,11,8,12
2712,8,10,11,9,13
2713,9,10,11,10,14
2714,10,10,11,11,15
2715,11,10,11,12,0
2716,12,10,11,13,1
2717,13,10,11,14,2
2718,14,10,11,15,3
2719,15,10,11,0,4
2720,0,10,11,1,5
2721,1,11,11,1,6
2722,2,11,11,2,7
2723,3,11,11,3,8
2724,4,11,11,4,9
2725,5,11,11,5,10
2726,6,11,11,6,11
2727,7,11,11,7,12
2728,8,11,11,8,13
2729,9,11,11,9,14
2730,10,11,11,10,15
2731,11,11,11,11,0
2732,12,11,11,12,1
2733,13,11,11,13,2
2734,14,11,11,14,3
2735,15,11,11,15,4
2736,0,11,11,0,5
2737,1,12,11,0,6
2738,2,12,11,1,7
2739,3,12,11,2,8
2740,4,12,11,3,9
2741,5,12,11,4,10
2742,6,12,11,5,11
2743,7,12,11,6,12
2744,8,12,11,7,13
2745,9,12,11,8,14
2746,10,12,11,9,15
2747,11,12,11,10,0
2748,12,12,11,11,1
2749,13,12,11,12,2
2750,14,12,11,13,3
2751,15,12,11,14,4
2752,0,12,11,15,5
2753,1,13,11,15,6
2754,2,13,11,0,7
2755,3,13,11,1,8
2756,4,13,11,2,9
2757,5,13,11,3,10
2758,6,13,11,4,11
2759,7,13,11,5,12
2760,8,13,11,6,13
2761,9,13,11,7,14
2762,10,13,11,8,15
2763,11,13,11,9,0
2764,12,13,11,10,1
2765,13,13,11,11,2
2766,14,13,11,12,3
2767,15,13,11,13,4
2768,0,13,11,14,5
2769,1,14,11,14,6
2770,2,14,11,15,7
2771,3,14,11,0,8
2772,4,14,11,1,9
2773,5,14,11,2,10
2774,6,14,11,3,11
2775,7,14,11,4,12
2776,8,14,11,5,13
2777,9,14,11,6,14
2778,10,14,11,7,15
2779,11,14,11,8,0
2780,12,14,11,9,1
2781,13,14,11,10,2
2782,14,14,11,11,3
2783,15,14,11,12,4
2784,0,14,11,13,5
2785,1,15,11,13,6
2786,2,15,11,14,7
2787,3,15,11,15,8
2788,4,15,11,0,9
2789,5,15,11,1,10
2790,6,15,11,2,11
2791,7,15,11,3,12
2792,8,15,11,4,13
2793,9,15,11,5,14
2794,10,15,11,6,15
2795,11,15,11,7,0
2796,12,15,11,8,1
2797,13,15,11,9,2
2798,14,15,11,10,3
2799,15,15,11,11,4
2800,0,15,11,12,5
2801,1,0,11,12,6
2802,2,0,11,13,7
2803,3,0,11,14,8
2804,4,0,11,15,9
2805,5,0,11,0,10
2806,6,0,11,1,11
2807,7,0,11,2,12
2808,8,0,11,3,13
2809,9,0,11,4,14
2810,10,0,11,5,15
2811,11,0,11,6,0
2812,12,0,11,7,1
2813,13,0,11,8,2
2814,14,0,11,9,3
2815,15,0,11,10,4
2816,0,0,11,11,5
2817,1,1,12,12,5
2818,2,1,12,13,6
2819,3,1,12,14,7
2820,4,1,12,15,8
2821,5,1,12,0,9
2822,6,1,12,1,10
2823,7,1,12,2,11
2824,8,1,12,3,12
2825,9,1,12,4,13
2826,10,1,12,5,14
2827,11,1,12,6,15
2828,12,1,12,7,0
2829,13,1,12,8,1
2830,14,1,12,9,2
2831,15,1,12,10,3
2832,0,1,12,11,4
2833,1,2,12,11,5
2834,2,2,12,12,6
2835,3,2,12,13,7
2836,4,2,12,14,8
2837,5,2,12,15,9
2838,6,2,12,0,10
2839,7,2,12,1,11
2840,8,2,12,2,12
2841,9,2,12,3,13
2842,10,2,12,4,14
2843,11,2,12,5,15
2844,12,2,12,6,0
2845,13,2,12,7,1
2846,14,2,12,8,2
2847,15,2,12,9,3
2848,0,2,12,10,4
2849,1,3,12,10,5
2850,2,3,12,11,6
2851,3,3,12,12,7
2852,4,3,12,13,8
2853,5,3,12,14,9
2854,6,3,12,15,10
2855,7,3,12,0,11
2856,8,3,12,1,12
2857,9,3,12,2,13
2858,10,3,12,3,14
2859,11,3,12,4,15
2860,12,3,12,5,0
2861,13,3,12,6,1
2862,14,3,12,7,2
2863,15,3,12,8,3
2864,0,3,12,9,4
2865,1,4,12,9,5
2866,2,4,12,10,6
2867,3,4,12,11,7
2868,4,4,12,12,8
2869,5,4,12,13,9
2870,6,4,12,14,10
2871,7,4,12,15,11
2872,8,4,12,0,12
2873,9,4,12,1,13
2874,10,4,12,2,14
2875,11,4,12,3,15
2876,12,4,12,4,0
2877,13,4,12,5,1
2878,14,4,12,6,2
2879,15,4,12,7,3
2880,0,4,12,8,4
2881,1,5,12,8,5
2882,2,5,12,9,6
2883,3,5,12,10,7
2884,4,5,12,11,8
2885,5,5,12,12,9
2886,6,5,12,13,10
2887,7,5,12,14,11
2888,8,5,12,15,12
2889,9,5,12,0,13
2890,10,5,12,1,14
2891,11,5,12,2,15
2892,12,5,12,3,0
2893,13,5,12,4,1
2894,14,5,12,5,2
2895,15,5,12,6,3
2896,0,5,12,7,4
2897,1,6,12,7,5
2898,2,6,12,8,6
2899,3,6,12,9,7
2900,4,6,12,10,8
2901,5,6,12,11,9
2902,6,6,12,12,10
2903,7,6,12,13,11
2904,8,6,12,14,12
2905,9,6,12,15,13
2906,10,6,12,0,14
2907,11,6,12,1,15
2908,12,6,12,2,0
2909,13,6,12,3,1
2910,14,6,12,4,2
2911,15,6,12,5,3
2912,0,6,12,6,4
2913,1,7,12,6,5
2914,2,7,12,7,6
2915,3,7,12,8,7
2916,4,7,12,9,8
2917,5,7,12,10,9
2918,6,7,12,11,10
2919,7,7,12,12,11
2920,8,7,12,13,12
2921,9,7,12,14,13
2922,10,7,12,15,14
2923,11,7,12,0,15
2924,12,7,12,1,0
2925,13,7,12,2,1
2926,14,7,12,3,2
2927,15,7,12,4,3
2928,0,7,12,5,4
2929,1,8,12,5,5
2930,2,8,12,6,6
2931,3,8,12,7,7
2932,4,8,12,8,8
2933,5,8,12,9,9
2934,6,8,12,10,10
2935,7,8,12,11,11
2936,8,8,12,12,12
2937,9,8,12,13,13
2938,10,8,12,14,14
2939,11,8,12,15,15
2940,12,8,12,0,0
2941,13,8,12,1,1
2942,14,8,12,2,2
2943,15,8,12,3,3
2944,0,8,12,4,4
2945,1,9,12,4,5
2946,2,9,12,5,6
2947,3,9,12,6,7
2948,4,9,12,7,8
2949,5,9,12,8,9
2950,6,9,12,9,10
2951,7,9,12,10,11
2952,8,9,12,11,12
2953,9,9,12,12,13
2954,10,9,12,13,14
2955,11,9,12,14,15
2956,12,9,12,15,0
2957,13,9,12,0,1
2958,14,9,12,1,2
2959,15,9,12,2,3
2960,0,9,12,3,4
2961,1,10,12,3,5
2962,2,10,12,4,6
2963,3,10,12,5,7
2964,4,10,12,6,8
2965,5,10,12,7,9
2966,6,10,12,8,10
2967,7,10,12,9,11
2968,8,10,12,10,12
2969,9,10,12,11,13
2970,10,10,12,12,14
2971,11,10,12,13,15
2972,12,10,12,14,0
2973,13,10,12,15,1
2974,14,10,12,0,2
2975,15,10,12,1,3
2976,0,10,12,2,4
2977,1,11,12,2,5
2978,2,11,12,3,6
2979,3,11,12,4,7
2980,4,11,12,5,8
2981,5,11,12,6,9
2982,6,11,12,7,10
2983,7,11,12,8,11
2984,8,11,12,9,12
2985,9,11,12,10,13
2986,10,11,12,11,14
2987,11,11,12,12,15
2988,12,11,12,13,0
2989,13,11,12,14,1
2990,14,11,12,15,2
2991,15,11,12,0,3
2992,0,11,12,1,4
2993,1,12,12,1,5
2994,2,12,12,2,6
2995,3,12,12,3,7
2996,4,12,12,4,8
2997,5,12,12,5,9
2998,6,12,12,6,10
2999,7,12,12,7,11
3000,8,12,12,8,12
3001,9,12,12,9,13
3002,10,12,12,10,14
3003,11,12,12,11,15
3004,12,12,12,12,0
3005,13,12,12,13,1
3006,14,12,12,14,2
3007,15,12,12,15,3
3008,0,12,12,0,4
3009,1,13,12,0,5
3010,2,13,12,1,6
3011,3,13,12,2,7
3012,4,13,12,3,8
3013,5,13,12,4,9
3014,6,13,12,5,10
3015,7,13,12,6,11
3016,8,13,12,7,12
3017,9,13,12,8,13
3018,10,13,12,9,14
3019,11,13,12,10,15
3020,12,13,12,11,0
3021,13,13,12,12,1
3022,14,13,12,13,2
3023,15,13,12,14,3
3024,0,13,12,15,4
3025,1,14,12,15,5
3026,2,14,12,0,6
3027,3,14,12,1,7
3028,4,14,12,2,8
3029,5,14,12,3,9
3030,6,14,12,4,10
3031,7,14,12,5,11
3032,8,14,12,6,12
3033,9,14,12,7,13
3034,10,14,12,8,14
3035,11,14,12,9,15
3036,12,14,12,10,0
3037,13,14,12,11,1
3038,14,14,12,12,2
3039,15,14,12,13,3
3040,0,14,12,14,4
3041,1,15,12,14,5
3042,2,15,12,15,6
3043,3,15,12,0,7
3044,4,15,12,1,8
3045,5,15,12,2,9
3046,6,15,12,3,10
3047,7,15,12,4,11
3048,8,15,12,5,12
3049,9,15,12,6,13
3050,10,15,12,7,14
3051,11,15,12,8,15
3052,12,15,12,9,0
3053,13,15,12,10,1
3054,14,15,12,11,2
3055,15,15,12,12,3
3056,0,15,12,13,4
3057,1,0,12,13,5
3058,2,0,12,14,6
3059,3,0,12,15,7
3060,4,0,12,0,8
3061,5,0,12,1,9
3062,6,0,12,2,10
3063,7,0,12,3,11
3064,8,0,12,4,12
3065,9,0,12,5,13
3066,10,0,12,6,14
3067,11,0,12,7,15
3068,12,0,12,8,0
3069,13,0,12,9,1
3070,14,0,12,10,2
3071,15,0,12,11,3
3072,0,0,12,12,4
3073,1,1,13,13,4
3074,2,1,13,14,5
3075,3,1,13,15,6
3076,4,1,13,0,7
3077,5,1,13,1,8
3078,6,1,13,2,9
3079,7,1,13,3,10
3080,8,1,13,4,11
3081,9,1,13,5,12
3082,10,1,13,6,13
3083,11,1,13,7,14
3084,12,1,13,8,15
3085,13,1,13,9,0
3086,14,1,13,10,1
3087,15,1,13,11,2
3088,0,1,13,12,3
3089,1,2,13,12,4
3090,2,2,13,13,5
3091,3,2,13,14,6
3092,4,2,13,15,7
3093,5,2,13,0,8
3094,6,2,13,1,9
3095,7,2,13,2,10
3096,8,2,13,3,11
3097,9,2,13,4,12
3098,10,2,13,5,13
3099,11,2,13,6,14
3100,12,2,13,7,15
3101,13,2,13,8,0
3102,14,2,13,9,1
3103,15,2,13,10,2
3104,0,2,13,11,3
3105,1,3,13,11,4
3106,2,3,13,12,5
3107,3,3,13,13,6
3108,4,3,13,14,7
3109,5,3,13,15,8
3110,6,3,13,0,9
3111,7,3,13,1,10
3112,8,3,13,2,11
3113,9,3,13,3,12
3114,10,3,13,4,13
3115,11,3,13,5,14
3116,12,3,13,6,15
3117,13,3,13,7,0
3118,14,3,13,8,1
3119,15,3,13,9,2
3120,0,3,13,10,3
3121,1,4,13,10,4
3122,2,4,13,11,5
3123,3,4,13,12,6
3124,4,4,13,13,7
3125,5,4,13,14,8
3126,6,4,13,15,9
3127,7,4,13,0,10
3128,8,4,13,1,11
3129,9,4,13,2,12
3130,10,4,13,3,13
3131,11,4,13,4,14
3132,12,4,13,5,15
3133,13,4,13,6,0
3134,14,4,13,7,1
3135,15,4,13,8,2
3136,0,4,13,9,3
3137,1,5,13,9,4
3138,2,5,13,10,5
3139,3,5,13,11,6
3140,4,5,13,12,7
3141,5,5,13,13,8
3142,6,5,13,14,9
3143,7,5,13,15,10
3144,8,5,13,0,11
3145,9,5,13,1,12
3146,10,5,13,2,13
3147,11,5,13,3,14
3148,12,5,13,4,15
3149,13,5,13,5,0
3150,14,5,13,6,1
3151,15,5,13,7,2
3152,0,5,13,8,3
3153,1,6,13,8,4
3154,2,6,13,9,5
3155,3,6,13,10,6
3156,4,6,13,11,7
3157,5,6,13,12,8
3158,6,6,13,13,9
3159,7,6,13,14,10
3160,8,6,13,15,11
3161,9,6,13,0,12
3162,10,6,13,1,13
3163,11,6,13,2,14
3164,12,6,13,3,15
3165,13,6,13,4,0
3166,14,6,13,5,1
3167,15,6,13,6,2
3168,0,6,13,7,3
3169,1,7,13,7,4
3170,2,7,13,8,5
3171,3,7,13,9,6
3172,4,7,13,10,7
3173,5,7,13,11,8
3174,6,7,13,12,9
3175,7,7,13,13,10
3176,8,7,13,14,11
3177,9,7,13,15,12
3178,10,7,13,0,13
3179,11,7,13,1,14
3180,12,7,13,2,15
3181,13,7,13,3,0
3182,14,7,13,4,1
3183,15,7,13,5,2
3184,0,7,13,6,3
3185,1,8,13,6,4
3186,2,8,13,7,5
3187,3,8,13,8,6
3188,4,8,13,9,7
3189,5,8,13,10,8
3190,6,8,13,11,9
3191,7,8,13,12,10
3192,8,8,13,13,11
3193,9,8,13,14,12
3194,10,8,13,15,13
3195,11,8,13,0,14
3196,12,8,13,1,15
3197,13,8,13,2,0
3198,14,8,13,3,1
3199,15,8,13,4,2
3200,0,8,13,5,3
3201,1,9,13,5,4
3202,2,9,13,6,5
3203,3,9,13,7,6
3204,4,9,13,8,7
3205,5,9,13,9,8
3206,6,9,13,10,9
3207,7,9,13,11,10
3208,8,9,13,12,11
3209,9,9,13,13,12
3210,10,9,13,14,13
3211,11,9,13,15,14
3212,12,9,13,0,15
3213,13,9,13,1,0
3214,14,9,13,2,1
3215,15,9,13,3,2
3216,0,9,13,4,3
3217,1,10,13,4,4
3218,2,10,13,5,5
3219,3,10,13,6,6
3220,4,10,13,7,7
3221,5,10,13,8,8
3222,6,10,13,9,9
3223,7,10,13,10,10
3224,8,10,13,11,11
3225,9,10,13,12,12
3226,10,10,13,13,13
3227,11,10,13,14,14
3228,12,10,13,15,15
3229,13,10,13,0,0
3230,14,10,13,1,1
3231,15,10,13,2,2
3232,0,10,13,3,3
3233,1,11,13,3,4
3234,2,11,13,4,5
3235,3,11,13,5,6
3236,4,11,13,6,7
3237,5,11,13,7,8
3238,6,11,13,8,9
3239,7,11,13,9,10
3240,8,11,13,10,11
3241,9,11,13,11,12
3242,10,11,13,12,13
3243,11,11,13,13,14
3244,12,11,13,14,15
3245,13,11,13,15,0
3246,14,11,13,0,1
3247,15,11,13,1,2
3248,0,11,13,2,3
3249,1,12,13,2,4
3250,2,12,13,3,5
3251,3,12,13,4,6
3252,4,12,13,5,7
3253,5,12,13,6,8
3254,6,12,13,7,9
3255,7,12,13,8,10
3256,8,12,13,9,11
3257,9,12,13,10,12
3258,10,12,13,11,13
3259,11,12,13,12,14
3260,12,12,13,13,15
3261,13,12,13,14,0
3262,14,12,13,15,1
3263,15,12,13,0,2
3264,0,12,13,1,3
3265,1,13,13,1,4
3266,2,13,13,2,5
3267,3,13,13,3,6
3268,4,13,13,4,7
3269,5,13,13,5,8
3270,6,13,13,6,9
3271,7,13,13,7,10
3272,8,13,13,8,11
3273,9,13,13,9,12
3274,10,13,13,10,13
3275,11,13,13,11,14
3276,12,13,13,12,15
3277,13,13,13,13,0
3278,14,13,13,14,1
3279,15,13,13,15,2
3280,0,13,13,0,3
3281,1,14,13,0,4
3282,2,14,13,1,5
3283,3,14,13,2,6
3284,4,14,13,3,7
3285,5,14,13,4,8
3286,6,14,13,5,9
3287,7,14,13,6,10
3288,8,14,13,7,11
3289,9,14,13,8,12
3290,10,14,13,9,13
3291,11,14,13,10,14
3292,12,14,13,11,15
3293,13,14,13,12,0
3294,14,14,13,13,1
3295,15,14,13,14,2
3296,0,14,13,15,3
3297,1,15,13,15,4
3298,2,15,13,0,5
3299,3,15,13,1,6
3300,4,15,13,2,7
3301,5,15,13,3,8
3302,6,15,13,4,9
3303,7,15,13,5,10
3304,8,15,13,6,11
3305,9,15,13,7,12
3306,10,15,13,8,13
3307,11,15,13,9,14
3308,12,15,13,10,15
3309,13,15,13,11,0
3310,14,15,13,12,1
3311,15,15,13,13,2
3312,0,15,13,14,3
3313,1,0,13,14,4
3314,2,0,13,15,5
3315,3,0,13,0,6
3316,4,0,13,1,7
3317,5,0,13,2,8
3318,6,0,13,3,9
3319,7,0,13,4,10
3320,8,0,13,5,11
3321,9,0,13,6,12
3322,10,0,13,7,13
3323,11,0,13,8,14
3324,12,0,13,9,15
3325,13,0,13,10,0
3326,14,0,13,11,1
3327,15,0,13,12,2
3328,0,0,13,13,3
3329,1,1,14,14,3
3330,2,1,14,15,4
3331,3,1,14,0,5
3332,4,1,14,1,6
3333,5,1,14,2,7
3334,6,1,14,3,8
3335,7,1,14,4,9
3336,8,1,14,5,10
3337,9,1,14,6,11
3338,10,1,14,7,12
3339,11,1,14,8,13
3340,12,1,14,9,14
3341,13,1,14,10,15
3342,14,1,14,11,0
3343,15,1,14,12,1
3344,0,1,14,13,2
3345,1,2,14,13,3
3346,2,2,14,14,4
3347,3,2,14,15,5
3348,4,2,14,0,6
3349,5,2,14,1,7
3350,6,2,14,2,8
3351,7,2,14,3,9
3352,8,2,14,4,10
3353,9,2,14,5,11
3354,10,2,14,6,12
3355,11,2,14,7,13
3356,12,2,14,8,14
3357,13,2,14,9,15
3358,14,2,14,10,0
3359,15,2,14,11,1
3360,0,2,14,12,2
3361,1,3,14,12,3
3362,2,3,14,13,4
3363,3,3,14,14,5
3364,4,3,14,15,6
3365,5,3,14,0,7
3366,6,3,14,1,8
3367,7,3,14,2,9
3368,8,3,14,3,10
3369,9,3,14,4,11
3370,10,3,14,5,12
3371,11,3,14,6,13
3372,12,3,14,7,14
3373,13,3,14,8,15
3374,14,3,14,9,0
3375,15,3,14,10,1
3376,0,3,14,11,2
3377,1,4,14,11,3
3378,2,4,14,12,4
3379,3,4,14,13,5
3380,4,4,14,14,6
3381,5,4,14,15,7
3382,6,4,14,0,8
3383,7,4,14,1,9
3384,8,4,14,2,10
3385,9,4,14,3,11
3386,10,4,14,4,12
3387,11,4,14,5,13
3388,12,4,14,6,14
3389,13,4,14,7,15
3390,14,4,14,8,0
3391,15,4,14,9,1
3392,0,4,14,10,2
3393,1,5,14,10,3
3394,2,5,14,11,4
3395,3,5,14,12,5
3396,4,5,14,13,6
3397,5,5,14,14,7
3398,6,5,14,15,8
3399,7,5,14,0,9
3400,8,5,14,1,10
3401,9,5,14,2,11
3402,10,5,14,3,12
3403,11,5,14,4,13
3404,12,5,14,5,14
3405,13,5,14,6,15
3406,14,5,14,7,0
3407,15,5,14,8,1
3408,0,5,14,9,2
3409,1,6,14,9,3
3410,2,6,14,10,4
3411,3,6,14,11,5
3412,4,6,14,12,6
3413,5,6,14,13,7
3414,6,6,14,14,8
3415,7,6,14,15,9
3416,8,6,14,0,10
3417,9,6,14,1,11
3418,10,6,14,2,12
3419,11,6,14,3,13
3420,12,6,14,4,14
3421,13,6,14,5,15
3422,14,6,14,6,0
3423,15,6,14,7,1
3424,0,6,14,8,2
3425,1,7,14,8,3
3426,2,7,14,9,4
3427,3,7,14,10,5
3428,4,7,14,11,6
3429,5,7,14,12,7
3430,6,7,14,13,8
3431,7,7,14,14,9
3432,8,7,14,15,10
3433,9,7,14,0,11
3434,10,7,14,1,12
3435,11,7,14,2,13
3436,12,7,14,3,14
3437,13,7,14,4,15
3438,14,7,14,5,0
3439,15,7,14,6,1
3440,0,7,14,7,2
3441,1,8,14,7,3
3442,2,8,14,8,4
3443,3,8,14,9,5
3444,4,8,14,10,6
3445,5,8,14,11,7
3446,6,8,14,12,8
3447,7,8,14,13,9
3448,8,8,14,14,10
3449,9,8,14,15,11
3450,10,8,14,0,12
3451,11,8,14,1,13
3452,12,8,14,2,14
3453,13,8,14,3,15
3454,14,8,14,4,0
3455,15,8,14,5,1
3456,0,8,14,6,2
3457,1,9,14,6,3
3458,2,9,14,7,4
3459,3,9,14,8,5
3460,4,9,14,9,6
3461,5,9,14,10,7
3462,6,9,14,11,8
3463,7,9,14,12,9
3464,8,9,14,13,10
3465,9,9,14,14,11
3466,10,9,14,15,12
3467,11,9,14,0,13
3468,12,9,14,1,14
3469,13,9,14,2,15
3470,14,9,14,3,0
3471,15,9,14,4,1
3472,0,9,14,5,2
3473,1,10,14,5,3
3474,2,10,14,6,4
3475,3,10,14,7,5
3476,4,10,14,8,6
3477,5,10,14,9,7
3478,6,10,14,10,8
3479,7,10,14,11,9
3480,8,10,14,12,10
3481,9,10,14,13,11
3482,10,10,14,14,12
3483,11,10,14,15,13
3484,12,10,14,0,14
3485,13,10,14,1,15
3486,14,10,14,2,0
3487,15,10,14,3,1
3488,0,10,14,4,2
3489,1,11,14,4,3
3490,2,11,14,5,4
3491,3,11,14,6,5
3492,4,11,14,7,6
3493,5,11,14,8,7
3494,6,11,14,9,8
3495,7,11,14,10,9
3496,8,11,14,11,10
3497,9,11,14,12,11
3498,10,11,14,13,12
3499,11,11,14,14,13
3500,12,11,14,15,14
3501,13,11,14,0,15
3502,14,11,14,1,0
3503,15,11,14,2,1
3504,0,11,14,3,2
3505,1,12,14,3,3
3506,2,12,14,4,4
3507,3,12,14,5,5
3508,4,12,14,6,6
3509,5,12,14,7,7
3510,6,12,14,8,8
3511,7,12,14,9,9
3512,8,12,14,10,10
3513,9,12,14,11,11
3514,10,12,14,12,12
3515,11,12,14,13,13
3516,12,12,14,14,14
3517,13,12,14,15,15
3518,14,12,14,0,0
3519,15,12,14,1,1
3520,0,12,14,2,2
3521,1,13,14,2,3
3522,2,13,14,3,4
3523,3,13,14,4,5
3524,4,13,14,5,6
3525,5,13,14,6,7
3526,6,13,14,7,8
3527,7,13,14,8,9
3528,8,13,14,9,10
3529,9,13,14,10,11
3530,10,13,14,11,12
3531,11,13,14,12,13
3532,12,13,14,13,14
3533,13,13,14,14,15
3534,14,13,14,15,0
3535,15,13,14,0,1
3536,0,13,14,1,2
3537,1,14,14,1,3
3538,2,14,14,2,4
3539,3,14,14,3,5
3540,4,14,14,4,6
3541,5,14,14,5,7
3542,6,14,14,6,8
3543,7,14,14,7,9
3544,8,14,14,8,10
3545,9,14,14,9,11
3546,10,14,14,10,12
3547,11,14,14,11,13
3548,12,14,14,12,14
3549,13,14,14,13,15
3550,14,14,14,14,0
3551,15,14,14,15,1
3552,0,14,14,0,2
3553,1,15,14,0,3
3554,2,15,14,1,4
3555,3,15,14,2,5
3556,4,15,14,3,6
3557,5,15,14,4,7
3558,6,15,14,5,8
3559,7,15,14,6,9
3560,8,15,14,7,10
3561,9,15,14,8,11
3562,10,15,14,9,12
3563,11,15,14,10,13
3564,12,15,14,11,14
3565,13,15,14,12,15
3566,14,15,14,13,0
3567,15,15,14,14,1
3568,0,15,14,15,2
3569,1,0,14,15,3
3570,2,0,14,0,4
3571,3,0,14,1,5
3572,4,0,14,2,6
3573,5,0,14,3,7
3574,6,0,14,4,8
3575,7,0,14,5,9
3576,8,0,14,6,10
3577,9,0,14,7,11
3578,10,0,14,8,12
3579,11,0,14,9,13
3580,12,0,14,10,14
3581,13,0,14,11,15
3582,14,0,14,12,0
3583,15,0,14,13,1
3584,0,0,14,14,2
3585,1,1,15,15,2
3586,2,1,15,0,3
3587,3,1,15,1,4
3588,4,1,15,2,5
3589,5,1,15,3,6
3590,6,1,15,4,7
3591,7,1,15,5,8
3592,8,1,15,6,9
3593,9,1,15,7,10
3594,10,1,15,8,11
3595,11,1,15,9,12
3596,12,1,15,10,13
3597,13,1,15,11,14
3598,14,1,15,12,15
3599,15,1,15,13,0
3600,0,1,15,14,1
3601,1,2,15,14,2
3602,2,2,15,15,3
3603,3,2,15,0,4
3604,4,2,15,1,5
3605,5,2,15,2,6
3606,6,2,15,3,7
3607,7,2,15,4,8
3608,8,2,15,5,9
3609,9,2,15,6,10
3610,10,2,15,7,11
3611,11,2,15,8,12
3612,12,2,15,9,13
3613,13,2,15,10,14
3614,14,2,15,11,15
3615,15,2,15,12,0
3616,0,2,15,13,1
3617,1,3,15,13,2
3618,2,3,15,14,3
3619,3,3,15,15,4
3620,4,3,15,0,5
3621,5,3,15,1,6
3622,6,3,15,2,7
3623,7,3,15,3,8
3624,8,3,15,4,9
3625,9,3,15,5,10
3626,10,3,15,6,11
3627,11,3,15,7,12
3628,12,3,15,8,13
3629,13,3,15,9,14
3630,14,3,15,10,15
3631,15,3,15,11,0
3632,0,3,15,12,1
3633,1,4,15,12,2
3634,2,4,15,13,3
3635,3,4,15,14,4
3636,4,4,15,15,5
3637,5,4,15,0,6
3638,6,4,15,1,7
3639,7,4,15,2,8
3640,8,4,15,3,9
3641,9,4,15,4,10
3642,10,4,15,5,11
3643,11,4,15,6,12
3644,12,4,15,7,13
3645,13,4,15,8,14
3646,14,4,15,9,15
3647,15,4,15,10,0
3648,0,4,15,11,1
3649,1,5,15,11,2
3650,2,5,15,12,3
3651,3,5,15,13,4
3652,4,5,15,14,5
3653,5,5,15,15,6
3654,6,5,15,0,7
3655,7,5,15,1,8
3656,8,5,15,2,9
3657,9,5,15,3,10
3658,10,5,15,4,11
3659,11,5,15,5,12
3660,12,5,15,6,13
3661,13,5,15,7,14
3662,14,5,15,8,15
3663,15,5,15,9,0
3664,0,5,15,10,1
3665,1,6,15,10,2
3666,2,6,15,11,3
3667,3,6,15,12,4
3668,4,6,15,13,5
3669,5,6,15,14,6
3670,6,6,15,15,7
3671,7,6,15,0,8
3672,8,6,15,1,9
3673,9,6,15,2,10
3674,10,6,15,3,11
3675,11,6,15,4,12
3676,12,6,15,5,13
3677,13,6,15,6,14
3678,14,6,15,7,15
3679,15,6,15,8,0
3680,0,6,15,9,1
3681,1,7,15,9,2
3682,2,7,15,10,3
3683,3,7,15,11,4
3684,4,7,15,12,5
3685,5,7,15,13,6
3686,6,7,15,14,7
3687,7,7,15,15,8
3688,8,7,15,0,9
3689,9,7,15,1,10
3690,10,7,15,2,11
3691,11,7,15,3,12
3692,12,7,15,4,13
3693,13,7,15,5,14
3694,14,7,15,6,15
3695,15,7,15,7,0
3696,0,7,15,8,1
3697,1,8,15,8,2
3698,2,8,15,9,3
3699,3,8,15,10,4
3700,4,8,15,11,5
3701,5,8,15,12,6
3702,6,8,15,13,7
3703,7,8,15,14,8
3704,8,8,15,15,9
3705,9,8,15,0,10
3706,10,8,15,1,11
3707,11,8,15,2,12
3708,12,8,15,3,13
3709,13,8,15,4,14
3710,14,8,15,5,15
3711,15,8,15,6,0
3712,0,8,15,7,1
3713,1,9,15,7,2
3714,2,9,15,8,3
3715,3,9,15,9,4
3716,4,9,15,10,5
3717,5,9,15,11,6
3718,6,9,15,12,7
3719,7,9,15,13,8
3720,8,9,15,14,9
3721,9,9,15,15,10
3722,10,9,15,0,11
3723,11,9,15,1,12
3724,12,9,15,2,13
3725,13,9,15,3,14
3726,14,9,15,4,15
3727,15,9,15,5,0
3728,0,9,15,6,1
3729,1,10,15,6,2
3730,2,10,15,7,3
3731,3,10,15,8,4
3732,4,10,15,9,5
3733,5,10,15,10,6
3734,6,10,15,11,7
3735,7,10,15,12,8
3736,8,10,15,13,9
3737,9,10,15,14,10
3738,10,10,15,15,11
3739,11,10,15,0,12
3740,12,10,15,1,13
3741,13,10,15,2,14
3742,14,10,15,3,15
3743,15,10,15,4,0
3744,0,10,15,5,1
3745,1,11,15,5,2
3746,2,11,15,6,3
3747,3,11,15,7,4
3748,4,11,15,8,5
3749,5,11,15,9,6
3750,6,11,15,10,7
3751,7,11,15,11,8
3752,8,11,15,12,9
3753,9,11,15,13,10
3754,10,11,15,14,11
3755,11,11,15,15,12
3756,12,11,15,0,13
3757,13,11,15,1,14
3758,14,11,15,2,15
3759,15,11,15,3,0
3760,0,11,15,4,1
3761,1,12,15,4,2
3762,2,12,15,5,3
3763,3,12,15,6,4
3764,4,12,15,7,5
3765,5,12,15,8,6
3766,6,12,15,9,7
3767,7,12,15,10,8
3768,8,12,15,11,9
3769,9,12,15,12,10
3770,10,12,15,13,11
3771,11,12,15,14,12
3772,12,12,15,15,13
3773,13,12,15,0,14
3774,14,12,15,1,15
3775,15,12,15,2,0
3776,0,12,15,3,1
3777,1,13,15,3,2
3778,2,13,15,4,3
3779,3,13,15,5,4
3780,4,13,15,6,5
3781,5,13,15,7,6
3782,6,13,15,8,7
3783,7,13,15,9,8
3784,8,13,15,10,9
3785,9,13,15,11,10
3786,10,13,15,12,11
3787,11,13,15,13,12
3788,12,13,15,14,13
3789,13,13,15,15,14
3790,14,13,15,0,15
3791,15,13,15,1,0
3792,0,13,15,2,1
3793,1,14,15,2,2
3794,2,14,15,3,3
3795,3,14,15,4,4
3796,4,14,15,5,5
3797,5,14,15,6,6
3798,6,14,15,7,7
3799,7,14,15,8,8
3800,8,14,15,9,9
3801,9,14,15,10,10
3802,10,14,15,11,11
3803,11,14,15,12,12
3804,12,14,15,13,13
3805,13,14,15,14,14
3806,14,14,15,15,15
3807,15,14,15,0,0
3808,0,14,15,1,1
3809,1,15,15,1,2
3810,2,15,15,2,3
3811,3,15,15,3,4
3812,4,15,15,4,5
3813,5,15,15,5,6
3814,6,15,15,6,7
3815,7,15,15,7,8
3816,8,15,15,8,9
3817,9,15,15,9,10
3818,10,15,15,10,11
3819,11,15,15,11,12
3820,12,15,15,12,13
3821,13,15,15,13,14
3822,14,15,15,14,15
3823,15,15,15,15,0
3824,0,15,15,0,1
3825,1,0,15,0,2
3826,2,0,15,1,3
3827,3,0,15,2,4
3828,4,0,15,3,5
3829,5,0,15,4,6
3830,6,0,15,5,7
3831,7,0,15,6,8
3832,8,0,15,7,9
3833,9,0,15,8,10
3834,10,0,15,9,11
3835,11,0,15,10,12
3836,12,0,15,11,13
3837,13,0,15,12,14
3838,14,0,15,13,15
3839,15,0,15,14,0
3840,0,0,15,15,1
3841,1,1,0,0,1
3842,2,1,0,1,2
3843,3,1,0,2,3
3844,4,1,0,3,4
3845,5,1,0,4,5
3846,6,1,0,5,6
3847,7,1,0,6,7
3848,8,1,0,7,8
3849,9,1,0,8,9
3850,10,1,0,9,10
3851,11,1,0,10,11
3852,12,1,0,11,12
3853,13,1,0,12,13
3854,14,1,0,13,14
3855,15,1,0,14,15
3856,0,1,0,15,0
3857,1,2,0,15,1
3858,2,2,0,0,2
3859,3,2,0,1,3
3860,4,2,0,2,4
3861,5,2,0,3,5
3862,6,2,0,4,6
3863,7,2,0,5,7
3864,8,2,0,6,8
3865,9,2,0,7,9
3866,10,2,0,8,10
3867,11,2,0,9,11
3868,12,2,0,10,12
3869,13,2,0,11,13
3870,14,2,0,12,14
3871,15,2,0,13,15
3872,0,2,0,14,0
3873,1,3,0,14,1
3874,2,3,0,15,2
3875,3,3,0,0,3
3876,4,3,0,1,4
3877,5,3,0,2,5
3878,6,3,0,3,6
3879,7,3,0,4,7
3880,8,3,0,5,8
3881,9,3,0,6,9
3882,10,3,0,7,10
3883,11,3,0,8,11
3884,12,3,0,9,12
3885,13,3,0,10,13
3886,14,3,0,11,14
3887,15,3,0,12,15
3888,0,3,0,13,0
3889,1,4,0,13,1
3890,2,4,0,14,2
3891,3,4,0,15,3
3892,4,4,0,0,4
3893,5,4,0,1,5
3894,6,4,0,2,6
3895,7,4,0,3,7
3896,8,4,0,4,8
3897,9,4,0,5,9
3898,10,4,0,6,10
3899,11,4,0,7,11
3900,12,4,0,8,12
3901,13,4,0,9,13
3902,14,4,0,10,14
3903,15,4,0,11,15
3904,0,4,0,12,0
3905,1,5,0,12,1
3906,2,5,0,13,2
3907,3,5,0,14,3
3908,4,5,0,15,4
3909,5,5,0,0,5
3910,6,5,0,1,6
3911,7,5,0,2,7
3912,8,5,0,3,8
3913,9,5,0,4,9
3914,10,5,0,5,10
3915,11,5,0,6,11
3916,12,5,0,7,12
3917,13,5,0,8,13
3918,14,5,0,9,14
3919,15,5,0,10,15
3920,0,5,0,11,0
3921,1,6,0,11,1
3922,2,6,0,12,2
3923,3,6,0,13,3
3924,4,6,0,14,4
3925,5,6,0,15,5
3926,6,6,0,0,6
3927,7,6,0,1,7
3928,8,6,0,2,8
3929,9,6,0,3,9
3930,10,6,0,4,10
3931,11,6,0,5,11
3932,12,6,0,6,12
3933,13,6,0,7,13
3934,14,6,0,8,14
3935,15,6,0,9,15
3936,0,6,0,10,0
3937,1,7,0,10,1
3938,2,7,0,11,2
3939,3,7,0,12,3
3940,4,7,0,13,4
3941,5,7,0,14,5
3942,6,7,0,15,6
3943,7,7,0,0,7
3944,8,7,0,1,8
3945,9,7,0,2,9
3946,10,7,0,3,10
3947,11,7,0,4,11
3948,12,7,0,5,12
3949,13,7,0,6,13
3950,14,7,0,7,14
3951,15,7,0,8,15
3952,0,7,0,9,0
3953,1,8,0,9,1
3954,2,8,0,10,2
3955,3,8,0,11,3
3956,4,8,0,12,4
3957,5,8,0,13,5
3958,6,8,0,14,6
3959,7,8,0,15,7
3960,8,8,0,0,8
3961,9,8,0,1,9
3962,10,8,0,2,10
3963,11,8,0,3,11
3964,12,8,0,4,12
3965,13,8,0,5,13
3966,14,8,0,6,14
3967,15,8,0,7,15
3968,0,8,0,8,0
3969,1,9,0,8,1
3970,2,9,0,9,2
3971,3,9,0,10,3
3972,4,9,0,11,4
3973,5,9,0,12,5
3974,6,9,0,13,6
3975,7,9,0,14,7
3976,8,9,0,15,8
3977,9,9,0,0,9
3978,10,9,0,1,10
3979,11,9,0,2,11
3980,12,9,0,3,12
3981,13,9,0,4,13
3982,14,9,0,5,14
3983,15,9,0,6,15
3984,0,9,0,7,0
3985,1,10,0,7,1
3986,2,10,0,8,2
3987,3,10,0,9,3
3988,4,10,0,10,4
3989,5,10,0,11,5
3990,6,10,0,12,6
3991,7,10,0,13,7
3992,8,10,0,14,8
3993,9,10,0,15,9
3994,10,10,0,0,10
3995,11,10,0,1,11
3996,12,10,0,2,12
3997,13,10,0,3,13
3998,14,10,0,4,14
3999,15,10,0,5,15
4000,0,10,0,6,0
4001,1,11,0,6,1
4002,2,11,0,7,2
4003,3,11,0,8,3
4004,4,11,0,9,4
4005,5,11,0,10,5
4006,6,11,0,11,6
4007,7,11,0,12,7
4008,8,11,0,13,8
4009,9,11,0,14,9
4010,10,11,0,15,10
4011,11,11,0,0,11
4012,12,11,0,1,12
4013,13,11,0,2,13
4014,14,11,0,3,14
4015,15,11,0,4,15
4016,0,11,0,5,0
4017,1,12,0,5,1
4018,2,12,0,6,2
4019,3,12,0,7,3
4020,4,12,0,8,4
4021,5,12,0,9,5
4022,6,12,0,10,6
4023,7,12,0,11,7
4024,8,12,0,12,8
4025,9,12,0,13,9
4026,10,12,0,14,10
4027,11,12,0,15,11
4028,12,12,0,0,12
4029,13,12,0,1,13
4030,14,12,0,2,14
4031,15,12,0,3,15
4032,0,12,0,4,0
4033,1,13,0,4,1
4034,2,13,0,5,2
4035,3,13,0,6,3
4036,4,13,0,7,4
4037,5,13,0,8,5
4038,6,13,0,9,6
4039,7,13,0,10,7
4040,8,13,0,11,8
4041,9,13,0,12,9
4042,10,13,0,13,10
4043,11,13,0,14,11
4044,12,13,0,15,12
4045,13,13,0,0,13
4046,14,13,0,1,14
4047,15,13,0,2,15
4048,0,13,0,3,0
4049,1,14,0,3,1
4050,2,14,0,4,2
4051,3,14,0,5,3
4052,4,14,0,6,4
4053,5,14,0,7,5
4054,6,14,0,8,6
4055,7,14,0,9,7
4056,8,14,0,10,8
4057,9,14,0,11,9
4058,10,14,0,12,10
4059,11,14,0,13,11
4060,12,14,0,14,12
4061,13,14,0,15,13
4062,14,14,0,0,14
4063,15,14,0,1,15
4064,0,14,0,2,0
4065,1,15,0,2,1
4066,2,15,0,3,2
4067,3,15,0,4,3
4068,4,15,0,5,4
4069,5,15,0,6,5
4070,6,15,0,7,6
4071,7,15,0,8,7
4072,8,15,0,9,8
4073,9,15,0,10,9
4074,10,15,0,11,10
4075,11,15,0,12,11
4076,12,15,0,13,12
4077,13,15,0,14,13
4078,14,15,0,15,14
4079,15,15,0,0,15
4080,0,15,0,1,0
4081,1,0,0,1,1
4082,2,0,0,2,2
4083,3,0,0,3,3
4084,4,0,0,4,4
4085,5,0,0,5,5
4086,6,0,0,6,6
4087,7,0,0,7,7
4088,8,0,0,8,8
4089,9,0,0,9,9
4090,10,0,0,10,10
4091,11,0,0,11,11
4092,12,0,0,12,12
4093,13,0,0,13,13
4094,14,0,0,14,14
4095,15,0,0,15,15
4096,0,0,0,0,0
