gene,block1,block2,block3,block4,block5,block6,block7,block8,block9,block10
1,α⁷,α⁴,α,α,0,0,0,0,0,0
2,α²,1,α²,α,0,0,0,0,0,0
3,1,α³,α³,α,0,0,0,0,0,0
4,α⁵,α,α⁴,α,0,0,0,0,0,0
5,α⁴,α⁶,α⁵,α,0,0,0,0,0,0
6,α³,α²,1,α,0,0,0,0,0,0
7,α⁴,α³,α,α²,0,0,0,0,0,0
8,1,α⁵,α²,α²,0,0,0,0,0,0
9,α³,α,α³,α²,0,0,0,0,0,0
10,α,α⁴,α⁴,α²,0,0,0,0,0,0
11,α⁶,α²,α⁵,α²,0,0,0,0,0,0
12,α⁵,α⁷,α⁶,α²,0,0,0,0,0,0
13,α⁵,α⁴,α²,α³,0,0,0,0,0,0
14,α,α⁶,α³,α³,0,0,0,0,0,0
15,α⁴,α²,α⁴,α³,0,0,0,0,0,0
16,α²,α⁵,α⁵,α³,0,0,0,0,0,0
17,α⁷,α³,α⁶,α³,0,0,0,0,0,0
18,α⁶,1,α⁷,α³,0,0,0,0,0,0
19,α⁶,α⁵,α³,α⁴,0,0,0,0,0,0
20,α²,α⁷,α⁴,α⁴,0,0,0,0,0,0
21,α⁵,α³,α⁵,α⁴,0,0,0,0,0,0
22,α³,α⁶,α⁶,α⁴,0,0,0,0,0,0
23,1,α⁴,α⁷,α⁴,0,0,0,0,0,0
24,α⁷,α,1,α⁴,0,0,0,0,0,0
25,1,α²,α,α⁵,0,0,0,0,0,0
26,α⁷,α⁶,α⁴,α⁵,0,0,0,0,0,0
27,α³,1,α⁵,α⁵,0,0,0,0,0,0
28,α⁶,α⁴,α⁶,α⁵,0,0,0,0,0,0
29,α⁴,α⁷,α⁷,α⁵,0,0,0,0,0,0
30,α,α⁵,1,α⁵,0,0,0,0,0,0
31,α²,α⁶,α,α⁶,0,0,0,0,0,0
32,α,α³,α²,α⁶,0,0,0,0,0,0
33,1,α⁷,α⁵,α⁶,0,0,0,0,0,0
34,α⁴,α,α⁶,α⁶,0,0,0,0,0,0
35,α⁷,α⁵,α⁷,α⁶,0,0,0,0,0,0
36,α⁵,1,1,α⁶,0,0,0,0,0,0
37,α⁶,α,α,α⁷,0,0,0,0,0,0
38,α³,α⁷,α²,α⁷,0,0,0,0,0,0
39,α²,α⁴,α³,α⁷,0,0,0,0,0,0
40,α,1,α⁶,α⁷,0,0,0,0,0,0
41,α⁵,α²,α⁷,α⁷,0,0,0,0,0,0
42,1,α⁶,1,α⁷,0,0,0,0,0,0
43,α,α⁷,α,1,0,0,0,0,0,0
44,α⁷,α²,α²,1,0,0,0,0,0,0
45,α⁴,1,α³,1,0,0,0,0,0,0
46,α³,α⁵,α⁴,1,0,0,0,0,0,0
47,α²,α,α⁷,1,0,0,0,0,0,0
48,α⁶,α³,1,1,0,0,0,0,0,0
49,0,α³,1,α,α,0,0,0,0,0
50,0,α⁵,α³,α²,α,0,0,0,0,0
51,0,α,α,α³,α,0,0,0,0,0
52,0,α⁴,α⁶,α⁴,α,0,0,0,0,0
53,0,α²,α⁵,α⁵,α,0,0,0,0,0
54,0,α⁶,α²,α⁷,α,0,0,0,0,0
55,0,α⁴,α,α²,α²,0,0,0,0,0
56,0,α⁶,α⁴,α³,α²,0,0,0,0,0
57,0,α²,α²,α⁴,α²,0,0,0,0,0
58,0,α⁵,α⁷,α⁵,α²,0,0,0,0,0
59,0,α³,α⁶,α⁶,α²,0,0,0,0,0
60,0,α⁷,α³,1,α²,0,0,0,0,0
61,0,1,α⁴,α,α³,0,0,0,0,0
62,0,α⁵,α²,α³,α³,0,0,0,0,0
63,0,α⁷,α⁵,α⁴,α³,0,0,0,0,0
64,0,α³,α³,α⁵,α³,0,0,0,0,0
65,0,α⁶,1,α⁶,α³,0,0,0,0,0
66,0,α⁴,α⁷,α⁷,α³,0,0,0,0,0
67,0,α,α⁵,α²,α⁴,0,0,0,0,0
68,0,α⁶,α³,α⁴,α⁴,0,0,0,0,0
69,0,1,α⁶,α⁵,α⁴,0,0,0,0,0
70,0,α⁴,α⁴,α⁶,α⁴,0,0,0,0,0
71,0,α⁷,α,α⁷,α⁴,0,0,0,0,0
72,0,α⁵,1,1,α⁴,0,0,0,0,0
73,0,α⁶,α,α,α⁵,0,0,0,0,0
74,0,α²,α⁶,α³,α⁵,0,0,0,0,0
75,0,α⁷,α⁴,α⁵,α⁵,0,0,0,0,0
76,0,α,α⁷,α⁶,α⁵,0,0,0,0,0
77,0,α⁵,α⁵,α⁷,α⁵,0,0,0,0,0
78,0,1,α²,1,α⁵,0,0,0,0,0
79,0,α,α³,α,α⁶,0,0,0,0,0
80,0,α⁷,α²,α²,α⁶,0,0,0,0,0
81,0,α³,α⁷,α⁴,α⁶,0,0,0,0,0
82,0,1,α⁵,α⁶,α⁶,0,0,0,0,0
83,0,α²,1,α⁷,α⁶,0,0,0,0,0
84,0,α⁶,α⁶,1,α⁶,0,0,0,0,0
85,0,α⁷,α⁷,α,α⁷,0,0,0,0,0
86,0,α²,α⁴,α²,α⁷,0,0,0,0,0
87,0,1,α³,α³,α⁷,0,0,0,0,0
88,0,α⁴,1,α⁵,α⁷,0,0,0,0,0
89,0,α,α⁶,α⁷,α⁷,0,0,0,0,0
90,0,α³,α,1,α⁷,0,0,0,0,0
91,0,α⁴,α²,α,1,0,0,0,0,0
92,0,1,1,α²,1,0,0,0,0,0
93,0,α³,α⁵,α³,1,0,0,0,0,0
94,0,α,α⁴,α⁴,1,0,0,0,0,0
95,0,α⁵,α,α⁶,1,0,0,0,0,0
96,0,α²,α⁷,1,1,0,0,0,0,0
97,0,0,α²,α³,α,α,0,0,0,0
98,0,0,1,1,α³,α,0,0,0,0
99,0,0,α³,α²,α⁴,α,0,0,0,0
100,0,0,α,α⁶,α⁵,α,0,0,0,0
101,0,0,α⁶,α,α⁶,α,0,0,0,0
102,0,0,α⁵,α⁷,α⁷,α,0,0,0,0
103,0,0,α³,α⁴,α²,α²,0,0,0,0
104,0,0,α,α,α⁴,α²,0,0,0,0
105,0,0,α⁴,α³,α⁵,α²,0,0,0,0
106,0,0,α²,α⁷,α⁶,α²,0,0,0,0
107,0,0,α⁷,α²,α⁷,α²,0,0,0,0
108,0,0,α⁶,1,1,α²,0,0,0,0
109,0,0,α⁷,α,α,α³,0,0,0,0
110,0,0,α⁴,α⁵,α³,α³,0,0,0,0
111,0,0,α²,α²,α⁵,α³,0,0,0,0
112,0,0,α⁵,α⁴,α⁶,α³,0,0,0,0
113,0,0,α³,1,α⁷,α³,0,0,0,0
114,0,0,1,α³,1,α³,0,0,0,0
115,0,0,α,α⁴,α,α⁴,0,0,0,0
116,0,0,1,α²,α²,α⁴,0,0,0,0
117,0,0,α⁵,α⁶,α⁴,α⁴,0,0,0,0
118,0,0,α³,α³,α⁶,α⁴,0,0,0,0
119,0,0,α⁶,α⁵,α⁷,α⁴,0,0,0,0
120,0,0,α⁴,α,1,α⁴,0,0,0,0
121,0,0,α⁵,α²,α,α⁵,0,0,0,0
122,0,0,α²,α⁵,α²,α⁵,0,0,0,0
123,0,0,α,α³,α³,α⁵,0,0,0,0
124,0,0,α⁶,α⁷,α⁵,α⁵,0,0,0,0
125,0,0,α⁴,α⁴,α⁷,α⁵,0,0,0,0
126,0,0,α⁷,α⁶,1,α⁵,0,0,0,0
127,0,0,1,α⁷,α,α⁶,0,0,0,0
128,0,0,α⁶,α³,α²,α⁶,0,0,0,0
129,0,0,α³,α⁶,α³,α⁶,0,0,0,0
130,0,0,α²,α⁴,α⁴,α⁶,0,0,0,0
131,0,0,α⁷,1,α⁶,α⁶,0,0,0,0
132,0,0,α⁵,α⁵,1,α⁶,0,0,0,0
133,0,0,α⁶,α⁶,α,α⁷,0,0,0,0
134,0,0,α,1,α²,α⁷,0,0,0,0
135,0,0,α⁷,α⁴,α³,α⁷,0,0,0,0
136,0,0,α⁴,α⁷,α⁴,α⁷,0,0,0,0
137,0,0,α³,α⁵,α⁵,α⁷,0,0,0,0
138,0,0,1,α,α⁷,α⁷,0,0,0,0
139,0,0,α⁷,α⁷,α²,1,0,0,0,0
140,0,0,α²,α,α³,1,0,0,0,0
141,0,0,1,α⁵,α⁴,1,0,0,0,0
142,0,0,α⁵,1,α⁵,1,0,0,0,0
143,0,0,α⁴,α⁶,α⁶,1,0,0,0,0
144,0,0,α,α²,1,1,0,0,0,0
145,0,0,0,α²,α³,α,α,0,0,0
146,0,0,0,1,1,α³,α,0,0,0
147,0,0,0,α³,α²,α⁴,α,0,0,0
148,0,0,0,α,α⁶,α⁵,α,0,0,0
149,0,0,0,α⁶,α,α⁶,α,0,0,0
150,0,0,0,α⁵,α⁷,α⁷,α,0,0,0
151,0,0,0,α³,α⁴,α²,α²,0,0,0
152,0,0,0,α,α,α⁴,α²,0,0,0
153,0,0,0,α⁴,α³,α⁵,α²,0,0,0
154,0,0,0,α²,α⁷,α⁶,α²,0,0,0
155,0,0,0,α⁷,α²,α⁷,α²,0,0,0
156,0,0,0,α⁶,1,1,α²,0,0,0
157,0,0,0,α⁷,α,α,α³,0,0,0
158,0,0,0,α⁴,α⁵,α³,α³,0,0,0
159,0,0,0,α²,α²,α⁵,α³,0,0,0
160,0,0,0,α⁵,α⁴,α⁶,α³,0,0,0
161,0,0,0,α³,1,α⁷,α³,0,0,0
162,0,0,0,1,α³,1,α³,0,0,0
163,0,0,0,α,α⁴,α,α⁴,0,0,0
164,0,0,0,1,α²,α²,α⁴,0,0,0
165,0,0,0,α⁵,α⁶,α⁴,α⁴,0,0,0
166,0,0,0,α³,α³,α⁶,α⁴,0,0,0
167,0,0,0,α⁶,α⁵,α⁷,α⁴,0,0,0
168,0,0,0,α⁴,α,1,α⁴,0,0,0
169,0,0,0,α⁵,α²,α,α⁵,0,0,0
170,0,0,0,α²,α⁵,α²,α⁵,0,0,0
171,0,0,0,α,α³,α³,α⁵,0,0,0
172,0,0,0,α⁶,α⁷,α⁵,α⁵,0,0,0
173,0,0,0,α⁴,α⁴,α⁷,α⁵,0,0,0
174,0,0,0,α⁷,α⁶,1,α⁵,0,0,0
175,0,0,0,1,α⁷,α,α⁶,0,0,0
176,0,0,0,α⁶,α³,α²,α⁶,0,0,0
177,0,0,0,α³,α⁶,α³,α⁶,0,0,0
178,0,0,0,α²,α⁴,α⁴,α⁶,0,0,0
179,0,0,0,α⁷,1,α⁶,α⁶,0,0,0
180,0,0,0,α⁵,α⁵,1,α⁶,0,0,0
181,0,0,0,α⁶,α⁶,α,α⁷,0,0,0
182,0,0,0,α,1,α²,α⁷,0,0,0
183,0,0,0,α⁷,α⁴,α³,α⁷,0,0,0
184,0,0,0,α⁴,α⁷,α⁴,α⁷,0,0,0
185,0,0,0,α³,α⁵,α⁵,α⁷,0,0,0
186,0,0,0,1,α,α⁷,α⁷,0,0,0
187,0,0,0,α⁷,α⁷,α²,1,0,0,0
188,0,0,0,α²,α,α³,1,0,0,0
189,0,0,0,1,α⁵,α⁴,1,0,0,0
190,0,0,0,α⁵,1,α⁵,1,0,0,0
191,0,0,0,α⁴,α⁶,α⁶,1,0,0,0
192,0,0,0,α,α²,1,1,0,0,0
193,0,0,0,0,α²,α³,α,α,0,0
194,0,0,0,0,1,1,α³,α,0,0
195,0,0,0,0,α³,α²,α⁴,α,0,0
196,0,0,0,0,α,α⁶,α⁵,α,0,0
197,0,0,0,0,α⁶,α,α⁶,α,0,0
198,0,0,0,0,α⁵,α⁷,α⁷,α,0,0
199,0,0,0,0,α³,α⁴,α²,α²,0,0
200,0,0,0,0,α,α,α⁴,α²,0,0
201,0,0,0,0,α⁴,α³,α⁵,α²,0,0
202,0,0,0,0,α²,α⁷,α⁶,α²,0,0
203,0,0,0,0,α⁷,α²,α⁷,α²,0,0
204,0,0,0,0,α⁶,1,1,α²,0,0
205,0,0,0,0,α⁷,α,α,α³,0,0
206,0,0,0,0,α⁴,α⁵,α³,α³,0,0
207,0,0,0,0,α²,α²,α⁵,α³,0,0
208,0,0,0,0,α⁵,α⁴,α⁶,α³,0,0
209,0,0,0,0,α³,1,α⁷,α³,0,0
210,0,0,0,0,1,α³,1,α³,0,0
211,0,0,0,0,α,α⁴,α,α⁴,0,0
212,0,0,0,0,1,α²,α²,α⁴,0,0
213,0,0,0,0,α⁵,α⁶,α⁴,α⁴,0,0
214,0,0,0,0,α³,α³,α⁶,α⁴,0,0
215,0,0,0,0,α⁶,α⁵,α⁷,α⁴,0,0
216,0,0,0,0,α⁴,α,1,α⁴,0,0
217,0,0,0,0,α⁵,α²,α,α⁵,0,0
218,0,0,0,0,α²,α⁵,α²,α⁵,0,0
219,0,0,0,0,α,α³,α³,α⁵,0,0
220,0,0,0,0,α⁶,α⁷,α⁵,α⁵,0,0
221,0,0,0,0,α⁴,α⁴,α⁷,α⁵,0,0
222,0,0,0,0,α⁷,α⁶,1,α⁵,0,0
223,0,0,0,0,1,α⁷,α,α⁶,0,0
224,0,0,0,0,α⁶,α³,α²,α⁶,0,0
225,0,0,0,0,α³,α⁶,α³,α⁶,0,0
226,0,0,0,0,α²,α⁴,α⁴,α⁶,0,0
227,0,0,0,0,α⁷,1,α⁶,α⁶,0,0
228,0,0,0,0,α⁵,α⁵,1,α⁶,0,0
229,0,0,0,0,α⁶,α⁶,α,α⁷,0,0
230,0,0,0,0,α,1,α²,α⁷,0,0
231,0,0,0,0,α⁷,α⁴,α³,α⁷,0,0
232,0,0,0,0,α⁴,α⁷,α⁴,α⁷,0,0
233,0,0,0,0,α³,α⁵,α⁵,α⁷,0,0
234,0,0,0,0,1,α,α⁷,α⁷,0,0
235,0,0,0,0,α⁷,α⁷,α²,1,0,0
236,0,0,0,0,α²,α,α³,1,0,0
237,0,0,0,0,1,α⁵,α⁴,1,0,0
238,0,0,0,0,α⁵,1,α⁵,1,0,0
239,0,0,0,0,α⁴,α⁶,α⁶,1,0,0
240,0,0,0,0,α,α²,1,1,0,0
241,0,0,0,0,0,α²,α³,α,α,0
242,0,0,0,0,0,1,1,α³,α,0
243,0,0,0,0,0,α³,α²,α⁴,α,0
244,0,0,0,0,0,α,α⁶,α⁵,α,0
245,0,0,0,0,0,α⁶,α,α⁶,α,0
246,0,0,0,0,0,α⁵,α⁷,α⁷,α,0
247,0,0,0,0,0,α³,α⁴,α²,α²,0
248,0,0,0,0,0,α,α,α⁴,α²,0
249,0,0,0,0,0,α⁴,α³,α⁵,α²,0
250,0,0,0,0,0,α²,α⁷,α⁶,α²,0
251,0,0,0,0,0,α⁷,α²,α⁷,α²,0
252,0,0,0,0,0,α⁶,1,1,α²,0
253,0,0,0,0,0,α⁷,α,α,α³,0
254,0,0,0,0,0,α⁴,α⁵,α³,α³,0
255,0,0,0,0,0,α²,α²,α⁵,α³,0
256,0,0,0,0,0,α⁵,α⁴,α⁶,α³,0
257,0,0,0,0,0,α³,1,α⁷,α³,0
258,0,0,0,0,0,1,α³,1,α³,0
259,0,0,0,0,0,α,α⁴,α,α⁴,0
260,0,0,0,0,0,1,α²,α²,α⁴,0
261,0,0,0,0,0,α⁵,α⁶,α⁴,α⁴,0
262,0,0,0,0,0,α³,α³,α⁶,α⁴,0
263,0,0,0,0,0,α⁶,α⁵,α⁷,α⁴,0
264,0,0,0,0,0,α⁴,α,1,α⁴,0
265,0,0,0,0,0,α⁵,α²,α,α⁵,0
266,0,0,0,0,0,α²,α⁵,α²,α⁵,0
267,0,0,0,0,0,α,α³,α³,α⁵,0
268,0,0,0,0,0,α⁶,α⁷,α⁵,α⁵,0
269,0,0,0,0,0,α⁴,α⁴,α⁷,α⁵,0
270,0,0,0,0,0,α⁷,α⁶,1,α⁵,0
271,0,0,0,0,0,1,α⁷,α,α⁶,0
272,0,0,0,0,0,α⁶,α³,α²,α⁶,0
273,0,0,0,0,0,α³,α⁶,α³,α⁶,0
274,0,0,0,0,0,α²,α⁴,α⁴,α⁶,0
275,0,0,0,0,0,α⁷,1,α⁶,α⁶,0
276,0,0,0,0,0,α⁵,α⁵,1,α⁶,0
277,0,0,0,0,0,α⁶,α⁶,α,α⁷,0
278,0,0,0,0,0,α,1,α²,α⁷,0
279,0,0,0,0,0,α⁷,α⁴,α³,α⁷,0
280,0,0,0,0,0,α⁴,α⁷,α⁴,α⁷,0
281,0,0,0,0,0,α³,α⁵,α⁵,α⁷,0
282,0,0,0,0,0,1,α,α⁷,α⁷,0
283,0,0,0,0,0,α⁷,α⁷,α²,1,0
284,0,0,0,0,0,α²,α,α³,1,0
285,0,0,0,0,0,1,α⁵,α⁴,1,0
286,0,0,0,0,0,α⁵,1,α⁵,1,0
287,0,0,0,0,0,α⁴,α⁶,α⁶,1,0
288,0,0,0,0,0,α,α²,1,1,0
289,0,0,0,0,0,0,α²,α³,α,α
290,0,0,0,0,0,0,1,1,α³,α
291,0,0,0,0,0,0,α³,α²,α⁴,α
292,0,0,0,0,0,0,α,α⁶,α⁵,α
293,0,0,0,0,0,0,α⁶,α,α⁶,α
294,0,0,0,0,0,0,α⁵,α⁷,α⁷,α
295,0,0,0,0,0,0,α³,α⁴,α²,α²
296,0,0,0,0,0,0,α,α,α⁴,α²
297,0,0,0,0,0,0,α⁴,α³,α⁵,α²
298,0,0,0,0,0,0,α²,α⁷,α⁶,α²
299,0,0,0,0,0,0,α⁷,α²,α⁷,α²
300,0,0,0,0,0,0,α⁶,1,1,α²
301,0,0,0,0,0,0,α⁷,α,α,α³
302,0,0,0,0,0,0,α⁴,α⁵,α³,α³
303,0,0,0,0,0,0,α²,α²,α⁵,α³
304,0,0,0,0,0,0,α⁵,α⁴,α⁶,α³
305,0,0,0,0,0,0,α³,1,α⁷,α³
306,0,0,0,0,0,0,1,α³,1,α³
307,0,0,0,0,0,0,α,α⁴,α,α⁴
308,0,0,0,0,0,0,1,α²,α²,α⁴
309,0,0,0,0,0,0,α⁵,α⁶,α⁴,α⁴
310,0,0,0,0,0,0,α³,α³,α⁶,α⁴
311,0,0,0,0,0,0,α⁶,α⁵,α⁷,α⁴
312,0,0,0,0,0,0,α⁴,α,1,α⁴
313,0,0,0,0,0,0,α⁵,α²,α,α⁵
314,0,0,0,0,0,0,α²,α⁵,α²,α⁵
315,0,0,0,0,0,0,α,α³,α³,α⁵
316,0,0,0,0,0,0,α⁶,α⁷,α⁵,α⁵
317,0,0,0,0,0,0,α⁴,α⁴,α⁷,α⁵
318,0,0,0,0,0,0,α⁷,α⁶,1,α⁵
319,0,0,0,0,0,0,1,α⁷,α,α⁶
320,0,0,0,0,0,0,α⁶,α³,α²,α⁶
321,0,0,0,0,0,0,α³,α⁶,α³,α⁶
322,0,0,0,0,0,0,α²,α⁴,α⁴,α⁶
323,0,0,0,0,0,0,α⁷,1,α⁶,α⁶
324,0,0,0,0,0,0,α⁵,α⁵,1,α⁶
325,0,0,0,0,0,0,α⁶,α⁶,α,α⁷
326,0,0,0,0,0,0,α,1,α²,α⁷
327,0,0,0,0,0,0,α⁷,α⁴,α³,α⁷
328,0,0,0,0,0,0,α⁴,α⁷,α⁴,α⁷
329,0,0,0,0,0,0,α³,α⁵,α⁵,α⁷
330,0,0,0,0,0,0,1,α,α⁷,α⁷
331,0,0,0,0,0,0,α⁷,α⁷,α²,1
332,0,0,0,0,0,0,α²,α,α³,1
333,0,0,0,0,0,0,1,α⁵,α⁴,1
334,0,0,0,0,0,0,α⁵,1,α⁵,1
335,0,0,0,0,0,0,α⁴,α⁶,α⁶,1
336,0,0,0,0,0,0,α,α²,1,1
337,α⁴,0,0,0,0,0,0,α⁶,α,α
338,α⁶,0,0,0,0,0,0,α²,α²,α
339,α²,0,0,0,0,0,0,α⁵,α³,α
340,α⁵,0,0,0,0,0,0,α³,α⁴,α
341,α³,0,0,0,0,0,0,1,α⁵,α
342,1,0,0,0,0,0,0,α⁷,α⁶,α
343,α⁵,0,0,0,0,0,0,α⁷,α²,α²
344,α⁷,0,0,0,0,0,0,α³,α³,α²
345,α³,0,0,0,0,0,0,α⁶,α⁴,α²
346,α⁶,0,0,0,0,0,0,α⁴,α⁵,α²
347,α⁴,0,0,0,0,0,0,α,α⁶,α²
348,α,0,0,0,0,0,0,1,α⁷,α²
349,α⁶,0,0,0,0,0,0,1,α³,α³
350,1,0,0,0,0,0,0,α⁴,α⁴,α³
351,α⁴,0,0,0,0,0,0,α⁷,α⁵,α³
352,α⁷,0,0,0,0,0,0,α⁵,α⁶,α³
353,α⁵,0,0,0,0,0,0,α²,α⁷,α³
354,α²,0,0,0,0,0,0,α,1,α³
355,α³,0,0,0,0,0,0,α²,α,α⁴
356,α⁷,0,0,0,0,0,0,α,α⁴,α⁴
357,α,0,0,0,0,0,0,α⁵,α⁵,α⁴
358,α⁵,0,0,0,0,0,0,1,α⁶,α⁴
359,1,0,0,0,0,0,0,α⁶,α⁷,α⁴
360,α⁶,0,0,0,0,0,0,α³,1,α⁴
361,α⁷,0,0,0,0,0,0,α⁴,α,α⁵
362,α⁴,0,0,0,0,0,0,α³,α²,α⁵
363,1,0,0,0,0,0,0,α²,α⁵,α⁵
364,α²,0,0,0,0,0,0,α⁶,α⁶,α⁵
365,α⁶,0,0,0,0,0,0,α,α⁷,α⁵
366,α²,0,0,0,0,0,0,1,α,α⁶
367,1,0,0,0,0,0,0,α⁵,α²,α⁶
368,α⁵,0,0,0,0,0,0,α⁴,α³,α⁶
369,α,0,0,0,0,0,0,α³,α⁶,α⁶
370,α³,0,0,0,0,0,0,α⁷,α⁷,α⁶
371,α⁷,0,0,0,0,0,0,α²,1,α⁶
372,1,0,0,0,0,0,0,α³,α,α⁷
373,α³,0,0,0,0,0,0,α,α²,α⁷
374,α,0,0,0,0,0,0,α⁶,α³,α⁷
375,α⁶,0,0,0,0,0,0,α⁵,α⁴,α⁷
376,α²,0,0,0,0,0,0,α⁴,α⁷,α⁷
377,α⁴,0,0,0,0,0,0,1,1,α⁷
378,α⁵,0,0,0,0,0,0,α,α,1
379,α,0,0,0,0,0,0,α⁴,α²,1
380,α⁴,0,0,0,0,0,0,α²,α³,1
381,α²,0,0,0,0,0,0,α⁷,α⁴,1
382,α⁷,0,0,0,0,0,0,α⁶,α⁵,1
383,α³,0,0,0,0,0,0,α⁵,1,1
384,α⁵,1,0,0,0,0,0,0,α,α
385,1,α⁴,0,0,0,0,0,0,α²,α
386,α³,α⁵,0,0,0,0,0,0,α⁴,α
387,α²,α²,0,0,0,0,0,0,α⁵,α
388,α,α⁶,0,0,0,0,0,0,1,α
389,α²,α⁷,0,0,0,0,0,0,α,α²
390,α⁶,α,0,0,0,0,0,0,α²,α²
391,α,α⁵,0,0,0,0,0,0,α³,α²
392,α⁷,1,0,0,0,0,0,0,α⁴,α²
393,α⁴,α⁶,0,0,0,0,0,0,α⁵,α²
394,α³,α³,0,0,0,0,0,0,α⁶,α²
395,α³,1,0,0,0,0,0,0,α²,α³
396,α⁷,α²,0,0,0,0,0,0,α³,α³
397,α²,α⁶,0,0,0,0,0,0,α⁴,α³
398,1,α,0,0,0,0,0,0,α⁵,α³
399,α⁵,α⁷,0,0,0,0,0,0,α⁶,α³
400,α⁴,α⁴,0,0,0,0,0,0,α⁷,α³
401,α⁴,α,0,0,0,0,0,0,α³,α⁴
402,1,α³,0,0,0,0,0,0,α⁴,α⁴
403,α³,α⁷,0,0,0,0,0,0,α⁵,α⁴
404,α,α²,0,0,0,0,0,0,α⁶,α⁴
405,α⁶,1,0,0,0,0,0,0,α⁷,α⁴
406,α⁵,α⁵,0,0,0,0,0,0,1,α⁴
407,α⁶,α⁶,0,0,0,0,0,0,α,α⁵
408,α⁵,α²,0,0,0,0,0,0,α⁴,α⁵
409,α,α⁴,0,0,0,0,0,0,α⁵,α⁵
410,α⁴,1,0,0,0,0,0,0,α⁶,α⁵
411,α²,α³,0,0,0,0,0,0,α⁷,α⁵
412,α⁷,α,0,0,0,0,0,0,1,α⁵
413,1,α²,0,0,0,0,0,0,α,α⁶
414,α⁷,α⁷,0,0,0,0,0,0,α²,α⁶
415,α⁶,α³,0,0,0,0,0,0,α⁵,α⁶
416,α²,α⁵,0,0,0,0,0,0,α⁶,α⁶
417,α⁵,α,0,0,0,0,0,0,α⁷,α⁶
418,α³,α⁴,0,0,0,0,0,0,1,α⁶
419,α⁴,α⁵,0,0,0,0,0,0,α,α⁷
420,1,1,0,0,0,0,0,0,α³,α⁷
421,α⁷,α⁴,0,0,0,0,0,0,α⁶,α⁷
422,α³,α⁶,0,0,0,0,0,0,α⁷,α⁷
423,α⁶,α²,0,0,0,0,0,0,1,α⁷
424,α⁷,α³,0,0,0,0,0,0,α,1
425,α⁵,α⁶,0,0,0,0,0,0,α²,1
426,α²,α⁴,0,0,0,0,0,0,α³,1
427,α,α,0,0,0,0,0,0,α⁴,1
428,1,α⁵,0,0,0,0,0,0,α⁷,1
429,α⁴,α⁷,0,0,0,0,0,0,1,1
430,α⁶,α²,α,0,0,0,0,0,0,α
431,α³,α,α²,0,0,0,0,0,0,α
432,α⁷,1,α⁵,0,0,0,0,0,0,α
433,α,α⁴,α⁶,0,0,0,0,0,0,α
434,α⁵,α⁷,α⁷,0,0,0,0,0,0,α
435,1,α⁵,1,0,0,0,0,0,0,α
436,α,α⁶,α,0,0,0,0,0,0,α²
437,α⁷,α³,α²,0,0,0,0,0,0,α²
438,α⁴,α²,α³,0,0,0,0,0,0,α²
439,1,α,α⁶,0,0,0,0,0,0,α²
440,α²,α⁵,α⁷,0,0,0,0,0,0,α²
441,α⁶,1,1,0,0,0,0,0,0,α²
442,α⁷,α,α,0,0,0,0,0,0,α³
443,α²,α⁷,α²,0,0,0,0,0,0,α³
444,1,α⁴,α³,0,0,0,0,0,0,α³
445,α⁵,α³,α⁴,0,0,0,0,0,0,α³
446,α,α²,α⁷,0,0,0,0,0,0,α³
447,α³,α⁶,1,0,0,0,0,0,0,α³
448,α⁴,α⁷,α,0,0,0,0,0,0,α⁴
449,1,α²,α²,0,0,0,0,0,0,α⁴
450,α³,1,α³,0,0,0,0,0,0,α⁴
451,α,α⁵,α⁴,0,0,0,0,0,0,α⁴
452,α⁶,α⁴,α⁵,0,0,0,0,0,0,α⁴
453,α²,α³,1,0,0,0,0,0,0,α⁴
454,α³,α⁴,α,0,0,0,0,0,0,α⁵
455,α⁵,1,α²,0,0,0,0,0,0,α⁵
456,α,α³,α³,0,0,0,0,0,0,α⁵
457,α⁴,α,α⁴,0,0,0,0,0,0,α⁵
458,α²,α⁶,α⁵,0,0,0,0,0,0,α⁵
459,α⁷,α⁵,α⁶,0,0,0,0,0,0,α⁵
460,α⁴,α⁵,α²,0,0,0,0,0,0,α⁶
461,α⁶,α,α³,0,0,0,0,0,0,α⁶
462,α²,α⁴,α⁴,0,0,0,0,0,0,α⁶
463,α⁵,α²,α⁵,0,0,0,0,0,0,α⁶
464,α³,α⁷,α⁶,0,0,0,0,0,0,α⁶
465,1,α⁶,α⁷,0,0,0,0,0,0,α⁶
466,α⁵,α⁶,α³,0,0,0,0,0,0,α⁷
467,α⁷,α²,α⁴,0,0,0,0,0,0,α⁷
468,α³,α⁵,α⁵,0,0,0,0,0,0,α⁷
469,α⁶,α³,α⁶,0,0,0,0,0,0,α⁷
470,α⁴,1,α⁷,0,0,0,0,0,0,α⁷
471,α,α⁷,1,0,0,0,0,0,0,α⁷
472,α²,1,α,0,0,0,0,0,0,1
473,α⁶,α⁷,α⁴,0,0,0,0,0,0,1
474,1,α³,α⁵,0,0,0,0,0,0,1
475,α⁴,α⁶,α⁶,0,0,0,0,0,0,1
476,α⁷,α⁴,α⁷,0,0,0,0,0,0,1
477,α⁵,α,1,0,0,0,0,0,0,1
478,1,α⁴,α²,0,α,0,0,0,0,0
479,α³,α⁶,α³,0,α,0,0,0,0,0
480,α,α²,α⁴,0,α,0,0,0,0,0
481,α⁶,α⁵,α⁵,0,α,0,0,0,0,0
482,α⁵,α³,α⁶,0,α,0,0,0,0,0
483,α²,α⁷,1,0,α,0,0,0,0,0
484,α³,1,α,0,α²,0,0,0,0,0
485,α,α⁵,α³,0,α²,0,0,0,0,0
486,α⁴,α⁷,α⁴,0,α²,0,0,0,0,0
487,α²,α³,α⁵,0,α²,0,0,0,0,0
488,α⁷,α⁶,α⁶,0,α²,0,0,0,0,0
489,α⁶,α⁴,α⁷,0,α²,0,0,0,0,0
490,α⁴,α,α²,0,α³,0,0,0,0,0
491,α²,α⁶,α⁴,0,α³,0,0,0,0,0
492,α³,α⁴,α⁶,0,α³,0,0,0,0,0
493,1,α⁷,α⁷,0,α³,0,0,0,0,0
494,α⁷,α⁵,1,0,α³,0,0,0,0,0
495,1,α⁶,α,0,α⁴,0,0,0,0,0
496,α⁵,α²,α³,0,α⁴,0,0,0,0,0
497,α³,α⁷,α⁵,0,α⁴,0,0,0,0,0
498,α⁶,α,α⁶,0,α⁴,0,0,0,0,0
499,α⁴,α⁵,α⁷,0,α⁴,0,0,0,0,0
500,α,1,1,0,α⁴,0,0,0,0,0
501,α,α⁷,α²,0,α⁵,0,0,0,0,0
502,α⁶,α³,α⁴,0,α⁵,0,0,0,0,0
503,α⁴,1,α⁶,0,α⁵,0,0,0,0,0
504,α⁷,α²,α⁷,0,α⁵,0,0,0,0,0
505,α⁵,α⁶,1,0,α⁵,0,0,0,0,0
506,α⁶,α⁷,α,0,α⁶,0,0,0,0,0
507,α³,α²,α²,0,α⁶,0,0,0,0,0
508,α²,1,α³,0,α⁶,0,0,0,0,0
509,α⁷,α⁴,α⁵,0,α⁶,0,0,0,0,0
510,α⁵,α,α⁷,0,α⁶,0,0,0,0,0
511,1,α³,1,0,α⁶,0,0,0,0,0
512,α,α⁴,α,0,α⁷,0,0,0,0,0
513,α⁷,1,α²,0,α⁷,0,0,0,0,0
514,α⁴,α³,α³,0,α⁷,0,0,0,0,0
515,α³,α,α⁴,0,α⁷,0,0,0,0,0
516,1,α⁵,α⁶,0,α⁷,0,0,0,0,0
517,α⁶,α²,1,0,α⁷,0,0,0,0,0
518,α⁷,α³,α,0,1,0,0,0,0,0
519,α²,α⁵,α²,0,1,0,0,0,0,0
520,1,α,α³,0,1,0,0,0,0,0
521,α⁵,α⁴,α⁴,0,1,0,0,0,0,0
522,α⁴,α²,α⁵,0,1,0,0,0,0,0
523,α,α⁶,α⁷,0,1,0,0,0,0,0
524,0,α,α⁵,α,0,α,0,0,0,0
525,0,α⁷,α,α²,0,α,0,0,0,0
526,0,α⁴,α⁴,α³,0,α,0,0,0,0
527,0,α³,α²,α⁴,0,α,0,0,0,0
528,0,1,α⁶,α⁶,0,α,0,0,0,0
529,0,α⁶,α³,1,0,α,0,0,0,0
530,0,α⁷,α⁴,α,0,α²,0,0,0,0
531,0,α²,α⁶,α²,0,α²,0,0,0,0
532,0,1,α²,α³,0,α²,0,0,0,0
533,0,α⁵,α⁵,α⁴,0,α²,0,0,0,0
534,0,α⁴,α³,α⁵,0,α²,0,0,0,0
535,0,α,α⁷,α⁷,0,α²,0,0,0,0
536,0,1,α⁵,α²,0,α³,0,0,0,0
537,0,α³,α⁷,α³,0,α³,0,0,0,0
538,0,α,α³,α⁴,0,α³,0,0,0,0
539,0,α⁶,α⁶,α⁵,0,α³,0,0,0,0
540,0,α⁵,α⁴,α⁶,0,α³,0,0,0,0
541,0,α²,1,1,0,α³,0,0,0,0
542,0,α³,α,α,0,α⁴,0,0,0,0
543,0,α,α⁶,α³,0,α⁴,0,0,0,0
544,0,α⁴,1,α⁴,0,α⁴,0,0,0,0
545,0,α²,α⁴,α⁵,0,α⁴,0,0,0,0
546,0,α⁷,α⁷,α⁶,0,α⁴,0,0,0,0
547,0,α⁶,α⁵,α⁷,0,α⁴,0,0,0,0
548,0,α⁴,α²,α²,0,α⁵,0,0,0,0
549,0,α²,α⁷,α⁴,0,α⁵,0,0,0,0
550,0,α⁵,α,α⁵,0,α⁵,0,0,0,0
551,0,α³,α⁵,α⁶,0,α⁵,0,0,0,0
552,0,1,1,α⁷,0,α⁵,0,0,0,0
553,0,α⁷,α⁶,1,0,α⁵,0,0,0,0
554,0,1,α⁷,α,0,α⁶,0,0,0,0
555,0,α⁵,α³,α³,0,α⁶,0,0,0,0
556,0,α³,1,α⁵,0,α⁶,0,0,0,0
557,0,α⁶,α²,α⁶,0,α⁶,0,0,0,0
558,0,α⁴,α⁶,α⁷,0,α⁶,0,0,0,0
559,0,α,α,1,0,α⁶,0,0,0,0
560,0,α²,α²,α,0,α⁷,0,0,0,0
561,0,α,1,α²,0,α⁷,0,0,0,0
562,0,α⁶,α⁴,α⁴,0,α⁷,0,0,0,0
563,0,α⁴,α,α⁶,0,α⁷,0,0,0,0
564,0,α⁷,α³,α⁷,0,α⁷,0,0,0,0
565,0,α⁵,α⁷,1,0,α⁷,0,0,0,0
566,0,α⁶,1,α,0,1,0,0,0,0
567,0,α³,α³,α²,0,1,0,0,0,0
568,0,α²,α,α³,0,1,0,0,0,0
569,0,α⁷,α⁵,α⁵,0,1,0,0,0,0
570,0,α⁵,α²,α⁷,0,1,0,0,0,0
571,0,1,α⁴,1,0,1,0,0,0,0
572,0,0,1,α²,α,0,α,0,0,0
573,0,0,α⁶,α⁵,α²,0,α,0,0,0
574,0,0,α³,α³,α³,0,α,0,0,0
575,0,0,α²,1,α⁴,0,α,0,0,0
576,0,0,α,α⁴,α⁷,0,α,0,0,0
577,0,0,α⁵,α⁶,1,0,α,0,0,0
578,0,0,α⁶,α⁷,α,0,α²,0,0,0
579,0,0,α,α³,α²,0,α²,0,0,0
580,0,0,α⁷,α⁶,α³,0,α²,0,0,0
581,0,0,α⁴,α⁴,α⁴,0,α²,0,0,0
582,0,0,α³,α,α⁵,0,α²,0,0,0
583,0,0,α²,α⁵,1,0,α²,0,0,0
584,0,0,α³,α⁶,α,0,α³,0,0,0
585,0,0,α⁷,1,α²,0,α³,0,0,0
586,0,0,α²,α⁴,α³,0,α³,0,0,0
587,0,0,1,α⁷,α⁴,0,α³,0,0,0
588,0,0,α⁵,α⁵,α⁵,0,α³,0,0,0
589,0,0,α⁴,α²,α⁶,0,α³,0,0,0
590,0,0,α⁴,α⁷,α²,0,α⁴,0,0,0
591,0,0,1,α,α³,0,α⁴,0,0,0
592,0,0,α³,α⁵,α⁴,0,α⁴,0,0,0
593,0,0,α,1,α⁵,0,α⁴,0,0,0
594,0,0,α⁶,α⁶,α⁶,0,α⁴,0,0,0
595,0,0,α⁵,α³,α⁷,0,α⁴,0,0,0
596,0,0,α⁵,1,α³,0,α⁵,0,0,0
597,0,0,α,α²,α⁴,0,α⁵,0,0,0
598,0,0,α⁴,α⁶,α⁵,0,α⁵,0,0,0
599,0,0,α²,α,α⁶,0,α⁵,0,0,0
600,0,0,α⁷,α⁷,α⁷,0,α⁵,0,0,0
601,0,0,α⁶,α⁴,1,0,α⁵,0,0,0
602,0,0,α⁷,α⁵,α,0,α⁶,0,0,0
603,0,0,α⁶,α,α⁴,0,α⁶,0,0,0
604,0,0,α²,α³,α⁵,0,α⁶,0,0,0
605,0,0,α⁵,α⁷,α⁶,0,α⁶,0,0,0
606,0,0,α³,α²,α⁷,0,α⁶,0,0,0
607,0,0,1,1,1,0,α⁶,0,0,0
608,0,0,α,α,α,0,α⁷,0,0,0
609,0,0,1,α⁶,α²,0,α⁷,0,0,0
610,0,0,α⁷,α²,α⁵,0,α⁷,0,0,0
611,0,0,α³,α⁴,α⁶,0,α⁷,0,0,0
612,0,0,α⁶,1,α⁷,0,α⁷,0,0,0
613,0,0,α⁴,α³,1,0,α⁷,0,0,0
614,0,0,α⁵,α⁴,α,0,1,0,0,0
615,0,0,α²,α²,α²,0,1,0,0,0
616,0,0,α,α⁷,α³,0,1,0,0,0
617,0,0,1,α³,α⁶,0,1,0,0,0
618,0,0,α⁴,α⁵,α⁷,0,1,0,0,0
619,0,0,α⁷,α,1,0,1,0,0,0
620,0,0,0,1,α²,α,0,α,0,0
621,0,0,0,α⁶,α⁵,α²,0,α,0,0
622,0,0,0,α³,α³,α³,0,α,0,0
623,0,0,0,α²,1,α⁴,0,α,0,0
624,0,0,0,α,α⁴,α⁷,0,α,0,0
625,0,0,0,α⁵,α⁶,1,0,α,0,0
626,0,0,0,α⁶,α⁷,α,0,α²,0,0
627,0,0,0,α,α³,α²,0,α²,0,0
628,0,0,0,α⁷,α⁶,α³,0,α²,0,0
629,0,0,0,α⁴,α⁴,α⁴,0,α²,0,0
630,0,0,0,α³,α,α⁵,0,α²,0,0
631,0,0,0,α²,α⁵,1,0,α²,0,0
632,0,0,0,α³,α⁶,α,0,α³,0,0
633,0,0,0,α⁷,1,α²,0,α³,0,0
634,0,0,0,α²,α⁴,α³,0,α³,0,0
635,0,0,0,1,α⁷,α⁴,0,α³,0,0
636,0,0,0,α⁵,α⁵,α⁵,0,α³,0,0
637,0,0,0,α⁴,α²,α⁶,0,α³,0,0
638,0,0,0,α⁴,α⁷,α²,0,α⁴,0,0
639,0,0,0,1,α,α³,0,α⁴,0,0
640,0,0,0,α³,α⁵,α⁴,0,α⁴,0,0
641,0,0,0,α,1,α⁵,0,α⁴,0,0
642,0,0,0,α⁶,α⁶,α⁶,0,α⁴,0,0
643,0,0,0,α⁵,α³,α⁷,0,α⁴,0,0
644,0,0,0,α⁵,1,α³,0,α⁵,0,0
645,0,0,0,α,α²,α⁴,0,α⁵,0,0
646,0,0,0,α⁴,α⁶,α⁵,0,α⁵,0,0
647,0,0,0,α²,α,α⁶,0,α⁵,0,0
648,0,0,0,α⁷,α⁷,α⁷,0,α⁵,0,0
649,0,0,0,α⁶,α⁴,1,0,α⁵,0,0
650,0,0,0,α⁷,α⁵,α,0,α⁶,0,0
651,0,0,0,α⁶,α,α⁴,0,α⁶,0,0
652,0,0,0,α²,α³,α⁵,0,α⁶,0,0
653,0,0,0,α⁵,α⁷,α⁶,0,α⁶,0,0
654,0,0,0,α³,α²,α⁷,0,α⁶,0,0
655,0,0,0,1,1,1,0,α⁶,0,0
656,0,0,0,α,α,α,0,α⁷,0,0
657,0,0,0,1,α⁶,α²,0,α⁷,0,0
658,0,0,0,α⁷,α²,α⁵,0,α⁷,0,0
659,0,0,0,α³,α⁴,α⁶,0,α⁷,0,0
660,0,0,0,α⁶,1,α⁷,0,α⁷,0,0
661,0,0,0,α⁴,α³,1,0,α⁷,0,0
662,0,0,0,α⁵,α⁴,α,0,1,0,0
663,0,0,0,α²,α²,α²,0,1,0,0
664,0,0,0,α,α⁷,α³,0,1,0,0
665,0,0,0,1,α³,α⁶,0,1,0,0
666,0,0,0,α⁴,α⁵,α⁷,0,1,0,0
667,0,0,0,α⁷,α,1,0,1,0,0
668,0,0,0,0,1,α²,α,0,α,0
669,0,0,0,0,α⁶,α⁵,α²,0,α,0
670,0,0,0,0,α³,α³,α³,0,α,0
671,0,0,0,0,α²,1,α⁴,0,α,0
672,0,0,0,0,α,α⁴,α⁷,0,α,0
673,0,0,0,0,α⁵,α⁶,1,0,α,0
674,0,0,0,0,α⁶,α⁷,α,0,α²,0
675,0,0,0,0,α,α³,α²,0,α²,0
676,0,0,0,0,α⁷,α⁶,α³,0,α²,0
677,0,0,0,0,α⁴,α⁴,α⁴,0,α²,0
678,0,0,0,0,α³,α,α⁵,0,α²,0
679,0,0,0,0,α²,α⁵,1,0,α²,0
680,0,0,0,0,α³,α⁶,α,0,α³,0
681,0,0,0,0,α⁷,1,α²,0,α³,0
682,0,0,0,0,α²,α⁴,α³,0,α³,0
683,0,0,0,0,1,α⁷,α⁴,0,α³,0
684,0,0,0,0,α⁵,α⁵,α⁵,0,α³,0
685,0,0,0,0,α⁴,α²,α⁶,0,α³,0
686,0,0,0,0,α⁴,α⁷,α²,0,α⁴,0
687,0,0,0,0,1,α,α³,0,α⁴,0
688,0,0,0,0,α³,α⁵,α⁴,0,α⁴,0
689,0,0,0,0,α,1,α⁵,0,α⁴,0
690,0,0,0,0,α⁶,α⁶,α⁶,0,α⁴,0
691,0,0,0,0,α⁵,α³,α⁷,0,α⁴,0
692,0,0,0,0,α⁵,1,α³,0,α⁵,0
693,0,0,0,0,α,α²,α⁴,0,α⁵,0
694,0,0,0,0,α⁴,α⁶,α⁵,0,α⁵,0
695,0,0,0,0,α²,α,α⁶,0,α⁵,0
696,0,0,0,0,α⁷,α⁷,α⁷,0,α⁵,0
697,0,0,0,0,α⁶,α⁴,1,0,α⁵,0
698,0,0,0,0,α⁷,α⁵,α,0,α⁶,0
699,0,0,0,0,α⁶,α,α⁴,0,α⁶,0
700,0,0,0,0,α²,α³,α⁵,0,α⁶,0
701,0,0,0,0,α⁵,α⁷,α⁶,0,α⁶,0
702,0,0,0,0,α³,α²,α⁷,0,α⁶,0
703,0,0,0,0,1,1,1,0,α⁶,0
704,0,0,0,0,α,α,α,0,α⁷,0
705,0,0,0,0,1,α⁶,α²,0,α⁷,0
706,0,0,0,0,α⁷,α²,α⁵,0,α⁷,0
707,0,0,0,0,α³,α⁴,α⁶,0,α⁷,0
708,0,0,0,0,α⁶,1,α⁷,0,α⁷,0
709,0,0,0,0,α⁴,α³,1,0,α⁷,0
710,0,0,0,0,α⁵,α⁴,α,0,1,0
711,0,0,0,0,α²,α²,α²,0,1,0
712,0,0,0,0,α,α⁷,α³,0,1,0
713,0,0,0,0,1,α³,α⁶,0,1,0
714,0,0,0,0,α⁴,α⁵,α⁷,0,1,0
715,0,0,0,0,α⁷,α,1,0,1,0
716,0,0,0,0,0,1,α²,α,0,α
717,0,0,0,0,0,α⁶,α⁵,α²,0,α
718,0,0,0,0,0,α³,α³,α³,0,α
719,0,0,0,0,0,α²,1,α⁴,0,α
720,0,0,0,0,0,α,α⁴,α⁷,0,α
721,0,0,0,0,0,α⁵,α⁶,1,0,α
722,0,0,0,0,0,α⁶,α⁷,α,0,α²
723,0,0,0,0,0,α,α³,α²,0,α²
724,0,0,0,0,0,α⁷,α⁶,α³,0,α²
725,0,0,0,0,0,α⁴,α⁴,α⁴,0,α²
726,0,0,0,0,0,α³,α,α⁵,0,α²
727,0,0,0,0,0,α²,α⁵,1,0,α²
728,0,0,0,0,0,α³,α⁶,α,0,α³
729,0,0,0,0,0,α⁷,1,α²,0,α³
730,0,0,0,0,0,α²,α⁴,α³,0,α³
731,0,0,0,0,0,1,α⁷,α⁴,0,α³
732,0,0,0,0,0,α⁵,α⁵,α⁵,0,α³
733,0,0,0,0,0,α⁴,α²,α⁶,0,α³
734,0,0,0,0,0,α⁴,α⁷,α²,0,α⁴
735,0,0,0,0,0,1,α,α³,0,α⁴
736,0,0,0,0,0,α³,α⁵,α⁴,0,α⁴
737,0,0,0,0,0,α,1,α⁵,0,α⁴
738,0,0,0,0,0,α⁶,α⁶,α⁶,0,α⁴
739,0,0,0,0,0,α⁵,α³,α⁷,0,α⁴
740,0,0,0,0,0,α⁵,1,α³,0,α⁵
741,0,0,0,0,0,α,α²,α⁴,0,α⁵
742,0,0,0,0,0,α⁴,α⁶,α⁵,0,α⁵
743,0,0,0,0,0,α²,α,α⁶,0,α⁵
744,0,0,0,0,0,α⁷,α⁷,α⁷,0,α⁵
745,0,0,0,0,0,α⁶,α⁴,1,0,α⁵
746,0,0,0,0,0,α⁷,α⁵,α,0,α⁶
747,0,0,0,0,0,α⁶,α,α⁴,0,α⁶
748,0,0,0,0,0,α²,α³,α⁵,0,α⁶
749,0,0,0,0,0,α⁵,α⁷,α⁶,0,α⁶
750,0,0,0,0,0,α³,α²,α⁷,0,α⁶
751,0,0,0,0,0,1,1,1,0,α⁶
752,0,0,0,0,0,α,α,α,0,α⁷
753,0,0,0,0,0,1,α⁶,α²,0,α⁷
754,0,0,0,0,0,α⁷,α²,α⁵,0,α⁷
755,0,0,0,0,0,α³,α⁴,α⁶,0,α⁷
756,0,0,0,0,0,α⁶,1,α⁷,0,α⁷
757,0,0,0,0,0,α⁴,α³,1,0,α⁷
758,0,0,0,0,0,α⁵,α⁴,α,0,1
759,0,0,0,0,0,α²,α²,α²,0,1
760,0,0,0,0,0,α,α⁷,α³,0,1
761,0,0,0,0,0,1,α³,α⁶,0,1
762,0,0,0,0,0,α⁴,α⁵,α⁷,0,1
763,0,0,0,0,0,α⁷,α,1,0,1
764,α³,0,0,0,0,0,α⁶,α,α,0
765,α⁵,0,0,0,0,0,α²,α²,α,0
766,α,0,0,0,0,0,α⁵,α³,α,0
767,α⁴,0,0,0,0,0,α³,α⁴,α,0
768,α²,0,0,0,0,0,1,α⁵,α,0
769,α⁷,0,0,0,0,0,α⁷,α⁶,α,0
770,α⁴,0,0,0,0,0,α⁷,α²,α²,0
771,α⁶,0,0,0,0,0,α³,α³,α²,0
772,α²,0,0,0,0,0,α⁶,α⁴,α²,0
773,α⁵,0,0,0,0,0,α⁴,α⁵,α²,0
774,α³,0,0,0,0,0,α,α⁶,α²,0
775,1,0,0,0,0,0,1,α⁷,α²,0
776,α⁵,0,0,0,0,0,1,α³,α³,0
777,α⁷,0,0,0,0,0,α⁴,α⁴,α³,0
778,α³,0,0,0,0,0,α⁷,α⁵,α³,0
779,α⁶,0,0,0,0,0,α⁵,α⁶,α³,0
780,α⁴,0,0,0,0,0,α²,α⁷,α³,0
781,α,0,0,0,0,0,α,1,α³,0
782,α²,0,0,0,0,0,α²,α,α⁴,0
783,α⁶,0,0,0,0,0,α,α⁴,α⁴,0
784,1,0,0,0,0,0,α⁵,α⁵,α⁴,0
785,α⁴,0,0,0,0,0,1,α⁶,α⁴,0
786,α⁷,0,0,0,0,0,α⁶,α⁷,α⁴,0
787,α⁵,0,0,0,0,0,α³,1,α⁴,0
788,α⁶,0,0,0,0,0,α⁴,α,α⁵,0
789,α³,0,0,0,0,0,α³,α²,α⁵,0
790,α⁷,0,0,0,0,0,α²,α⁵,α⁵,0
791,α,0,0,0,0,0,α⁶,α⁶,α⁵,0
792,α⁵,0,0,0,0,0,α,α⁷,α⁵,0
793,1,0,0,0,0,0,α⁷,1,α⁵,0
794,α,0,0,0,0,0,1,α,α⁶,0
795,α⁷,0,0,0,0,0,α⁵,α²,α⁶,0
796,α⁴,0,0,0,0,0,α⁴,α³,α⁶,0
797,1,0,0,0,0,0,α³,α⁶,α⁶,0
798,α²,0,0,0,0,0,α⁷,α⁷,α⁶,0
799,α⁶,0,0,0,0,0,α²,1,α⁶,0
800,α⁷,0,0,0,0,0,α³,α,α⁷,0
801,α²,0,0,0,0,0,α,α²,α⁷,0
802,1,0,0,0,0,0,α⁶,α³,α⁷,0
803,α⁵,0,0,0,0,0,α⁵,α⁴,α⁷,0
804,α,0,0,0,0,0,α⁴,α⁷,α⁷,0
805,α³,0,0,0,0,0,1,1,α⁷,0
806,α⁴,0,0,0,0,0,α,α,1,0
807,1,0,0,0,0,0,α⁴,α²,1,0
808,α³,0,0,0,0,0,α²,α³,1,0
809,α,0,0,0,0,0,α⁷,α⁴,1,0
810,α⁶,0,0,0,0,0,α⁶,α⁵,1,0
811,α²,0,0,0,0,0,α⁵,1,1,0
812,0,α⁵,0,0,0,0,0,1,α,α
813,0,α⁷,0,0,0,0,0,α³,α²,α
814,0,α³,0,0,0,0,0,α,α³,α
815,0,α⁶,0,0,0,0,0,α⁶,α⁴,α
816,0,α⁴,0,0,0,0,0,α⁵,α⁵,α
817,0,α⁶,0,0,0,0,0,α,α²,α²
818,0,1,0,0,0,0,0,α⁴,α³,α²
819,0,α⁴,0,0,0,0,0,α²,α⁴,α²
820,0,α⁷,0,0,0,0,0,α⁷,α⁵,α²
821,0,α⁵,0,0,0,0,0,α⁶,α⁶,α²
822,0,α,0,0,0,0,0,α³,1,α²
823,0,α²,0,0,0,0,0,α⁴,α,α³
824,0,α⁷,0,0,0,0,0,α²,α³,α³
825,0,α,0,0,0,0,0,α⁵,α⁴,α³
826,0,α⁵,0,0,0,0,0,α³,α⁵,α³
827,0,1,0,0,0,0,0,1,α⁶,α³
828,0,α⁶,0,0,0,0,0,α⁷,α⁷,α³
829,0,α³,0,0,0,0,0,α⁵,α²,α⁴
830,0,1,0,0,0,0,0,α³,α⁴,α⁴
831,0,α²,0,0,0,0,0,α⁶,α⁵,α⁴
832,0,α⁶,0,0,0,0,0,α⁴,α⁶,α⁴
833,0,α,0,0,0,0,0,α,α⁷,α⁴
834,0,α⁷,0,0,0,0,0,1,1,α⁴
835,0,1,0,0,0,0,0,α,α,α⁵
836,0,α⁴,0,0,0,0,0,α⁶,α³,α⁵
837,0,α,0,0,0,0,0,α⁴,α⁵,α⁵
838,0,α³,0,0,0,0,0,α⁷,α⁶,α⁵
839,0,α⁷,0,0,0,0,0,α⁵,α⁷,α⁵
840,0,α²,0,0,0,0,0,α²,1,α⁵
841,0,α³,0,0,0,0,0,α³,α,α⁶
842,0,α,0,0,0,0,0,α²,α²,α⁶
843,0,α⁵,0,0,0,0,0,α⁷,α⁴,α⁶
844,0,α²,0,0,0,0,0,α⁵,α⁶,α⁶
845,0,α⁴,0,0,0,0,0,1,α⁷,α⁶
846,0,1,0,0,0,0,0,α⁶,1,α⁶
847,0,α,0,0,0,0,0,α⁷,α,α⁷
848,0,α⁴,0,0,0,0,0,α⁴,α²,α⁷
849,0,α²,0,0,0,0,0,α³,α³,α⁷
850,0,α⁶,0,0,0,0,0,1,α⁵,α⁷
851,0,α³,0,0,0,0,0,α⁶,α⁷,α⁷
852,0,α⁵,0,0,0,0,0,α,1,α⁷
853,0,α⁶,0,0,0,0,0,α²,α,1
854,0,α²,0,0,0,0,0,1,α²,1
855,0,α⁵,0,0,0,0,0,α⁵,α³,1
856,0,α³,0,0,0,0,0,α⁴,α⁴,1
857,0,α⁷,0,0,0,0,0,α,α⁶,1
858,0,α⁴,0,0,0,0,0,α⁷,1,1
859,α⁶,0,1,0,0,0,0,0,α,α
860,α⁴,0,α⁴,0,0,0,0,0,α²,α
861,α,0,α⁷,0,0,0,0,0,α³,α
862,1,0,α⁵,0,0,0,0,0,α⁴,α
863,α⁵,0,α,0,0,0,0,0,α⁶,α
864,α³,0,α⁶,0,0,0,0,0,1,α
865,α⁴,0,α⁷,0,0,0,0,0,α,α²
866,α⁷,0,α,0,0,0,0,0,α²,α²
867,α⁵,0,α⁵,0,0,0,0,0,α³,α²
868,α²,0,1,0,0,0,0,0,α⁴,α²
869,α,0,α⁶,0,0,0,0,0,α⁵,α²
870,α⁶,0,α²,0,0,0,0,0,α⁷,α²
871,α⁵,0,1,0,0,0,0,0,α²,α³
872,1,0,α²,0,0,0,0,0,α³,α³
873,α⁶,0,α⁶,0,0,0,0,0,α⁴,α³
874,α³,0,α,0,0,0,0,0,α⁵,α³
875,α²,0,α⁷,0,0,0,0,0,α⁶,α³
876,α⁷,0,α³,0,0,0,0,0,1,α³
877,1,0,α⁴,0,0,0,0,0,α,α⁴
878,α⁶,0,α,0,0,0,0,0,α³,α⁴
879,α,0,α³,0,0,0,0,0,α⁴,α⁴
880,α⁷,0,α⁷,0,0,0,0,0,α⁵,α⁴
881,α⁴,0,α²,0,0,0,0,0,α⁶,α⁴
882,α³,0,1,0,0,0,0,0,α⁷,α⁴
883,α,0,α⁵,0,0,0,0,0,α²,α⁵
884,α⁷,0,α²,0,0,0,0,0,α⁴,α⁵
885,α²,0,α⁴,0,0,0,0,0,α⁵,α⁵
886,1,0,1,0,0,0,0,0,α⁶,α⁵
887,α⁵,0,α³,0,0,0,0,0,α⁷,α⁵
888,α⁴,0,α,0,0,0,0,0,1,α⁵
889,α⁵,0,α²,0,0,0,0,0,α,α⁶
890,α²,0,α⁶,0,0,0,0,0,α³,α⁶
891,1,0,α³,0,0,0,0,0,α⁵,α⁶
892,α³,0,α⁵,0,0,0,0,0,α⁶,α⁶
893,α,0,α,0,0,0,0,0,α⁷,α⁶
894,α⁶,0,α⁴,0,0,0,0,0,1,α⁶
895,α⁷,0,α⁵,0,0,0,0,0,α,α⁷
896,α⁶,0,α³,0,0,0,0,0,α²,α⁷
897,α³,0,α⁷,0,0,0,0,0,α⁴,α⁷
898,α,0,α⁴,0,0,0,0,0,α⁶,α⁷
899,α⁴,0,α⁶,0,0,0,0,0,α⁷,α⁷
900,α²,0,α²,0,0,0,0,0,1,α⁷
901,α³,0,α³,0,0,0,0,0,α,1
902,1,0,α⁶,0,0,0,0,0,α²,1
903,α⁷,0,α⁴,0,0,0,0,0,α³,1
904,α⁴,0,1,0,0,0,0,0,α⁵,1
905,α²,0,α⁵,0,0,0,0,0,α⁷,1
906,α⁵,0,α⁷,0,0,0,0,0,1,1
907,α²,α⁶,0,α²,0,0,0,0,0,α
908,α⁷,α⁴,0,α⁴,0,0,0,0,0,α
909,α,α⁷,0,α⁵,0,0,0,0,0,α
910,α⁵,α⁵,0,α⁶,0,0,0,0,0,α
911,1,α²,0,α⁷,0,0,0,0,0,α
912,α⁶,α,0,1,0,0,0,0,0,α
913,α⁷,α²,0,α,0,0,0,0,0,α²
914,α³,α⁷,0,α³,0,0,0,0,0,α²
915,1,α⁵,0,α⁵,0,0,0,0,0,α²
916,α²,1,0,α⁶,0,0,0,0,0,α²
917,α⁶,α⁶,0,α⁷,0,0,0,0,0,α²
918,α,α³,0,1,0,0,0,0,0,α²
919,α²,α⁴,0,α,0,0,0,0,0,α³
920,1,α³,0,α²,0,0,0,0,0,α³
921,α⁴,1,0,α⁴,0,0,0,0,0,α³
922,α,α⁶,0,α⁶,0,0,0,0,0,α³
923,α³,α,0,α⁷,0,0,0,0,0,α³
924,α⁷,α⁷,0,1,0,0,0,0,0,α³
925,1,1,0,α,0,0,0,0,0,α⁴
926,α³,α⁵,0,α²,0,0,0,0,0,α⁴
927,α,α⁴,0,α³,0,0,0,0,0,α⁴
928,α⁵,α,0,α⁵,0,0,0,0,0,α⁴
929,α²,α⁷,0,α⁷,0,0,0,0,0,α⁴
930,α⁴,α²,0,1,0,0,0,0,0,α⁴
931,α⁵,α³,0,α,0,0,0,0,0,α⁵
932,α,α,0,α²,0,0,0,0,0,α⁵
933,α⁴,α⁶,0,α³,0,0,0,0,0,α⁵
934,α²,α⁵,0,α⁴,0,0,0,0,0,α⁵
935,α⁶,α²,0,α⁶,0,0,0,0,0,α⁵
936,α³,1,0,1,0,0,0,0,0,α⁵
937,α⁴,α,0,α,0,0,0,0,0,α⁶
938,α⁶,α⁴,0,α²,0,0,0,0,0,α⁶
939,α²,α²,0,α³,0,0,0,0,0,α⁶
940,α⁵,α⁷,0,α⁴,0,0,0,0,0,α⁶
941,α³,α⁶,0,α⁵,0,0,0,0,0,α⁶
942,α⁷,α³,0,α⁷,0,0,0,0,0,α⁶
943,α⁵,α²,0,α²,0,0,0,0,0,α⁷
944,α⁷,α⁵,0,α³,0,0,0,0,0,α⁷
945,α³,α³,0,α⁴,0,0,0,0,0,α⁷
946,α⁶,1,0,α⁵,0,0,0,0,0,α⁷
947,α⁴,α⁷,0,α⁶,0,0,0,0,0,α⁷
948,1,α⁴,0,1,0,0,0,0,0,α⁷
949,α,α⁵,0,α,0,0,0,0,0,1
950,α⁶,α³,0,α³,0,0,0,0,0,1
951,1,α⁶,0,α⁴,0,0,0,0,0,1
952,α⁴,α⁴,0,α⁵,0,0,0,0,0,1
953,α⁷,α,0,α⁶,0,0,0,0,0,1
954,α⁵,1,0,α⁷,0,0,0,0,0,1
955,α³,α²,α,0,0,α,0,0,0,0
956,α⁵,α,α²,0,0,α,0,0,0,0
957,α⁴,α⁶,α⁴,0,0,α,0,0,0,0
958,α²,1,α⁵,0,0,α,0,0,0,0
959,α⁷,α⁴,α⁶,0,0,α,0,0,0,0
960,α⁶,α⁷,α⁷,0,0,α,0,0,0,0
961,α⁴,α³,α²,0,0,α²,0,0,0,0
962,α⁶,α²,α³,0,0,α²,0,0,0,0
963,α⁵,α⁷,α⁵,0,0,α²,0,0,0,0
964,α³,α,α⁶,0,0,α²,0,0,0,0
965,1,α⁵,α⁷,0,0,α²,0,0,0,0
966,α⁷,1,1,0,0,α²,0,0,0,0
967,1,α,α,0,0,α³,0,0,0,0
968,α⁵,α⁴,α³,0,0,α³,0,0,0,0
969,α⁷,α³,α⁴,0,0,α³,0,0,0,0
970,α⁶,1,α⁶,0,0,α³,0,0,0,0
971,α⁴,α²,α⁷,0,0,α³,0,0,0,0
972,α,α⁶,1,0,0,α³,0,0,0,0
973,α²,α⁷,α,0,0,α⁴,0,0,0,0
974,α,α²,α²,0,0,α⁴,0,0,0,0
975,α⁶,α⁵,α⁴,0,0,α⁴,0,0,0,0
976,1,α⁴,α⁵,0,0,α⁴,0,0,0,0
977,α⁷,α,α⁷,0,0,α⁴,0,0,0,0
978,α⁵,α³,1,0,0,α⁴,0,0,0,0
979,α⁶,α⁴,α,0,0,α⁵,0,0,0,0
980,α²,α³,α³,0,0,α⁵,0,0,0,0
981,α⁷,α⁶,α⁵,0,0,α⁵,0,0,0,0
982,α,α⁵,α⁶,0,0,α⁵,0,0,0,0
983,1,α²,1,0,0,α⁵,0,0,0,0
984,α,α³,α,0,0,α⁶,0,0,0,0
985,α⁷,α⁵,α²,0,0,α⁶,0,0,0,0
986,α⁴,α,α³,0,0,α⁶,0,0,0,0
987,α³,α⁴,α⁴,0,0,α⁶,0,0,0,0
988,1,α⁷,α⁶,0,0,α⁶,0,0,0,0
989,α²,α⁶,α⁷,0,0,α⁶,0,0,0,0
990,α²,α⁴,α²,0,0,α⁷,0,0,0,0
991,1,α⁶,α³,0,0,α⁷,0,0,0,0
992,α⁵,α²,α⁴,0,0,α⁷,0,0,0,0
993,α⁴,α⁵,α⁵,0,0,α⁷,0,0,0,0
994,α,1,α⁷,0,0,α⁷,0,0,0,0
995,α³,α⁷,1,0,0,α⁷,0,0,0,0
996,α⁴,1,α,0,0,1,0,0,0,0
997,α³,α⁵,α³,0,0,1,0,0,0,0
998,α,α⁷,α⁴,0,0,1,0,0,0,0
999,α⁶,α³,α⁵,0,0,1,0,0,0,0
1000,α⁵,α⁶,α⁶,0,0,1,0,0,0,0
1001,α²,α,1,0,0,1,0,0,0,0
1002,0,α⁴,α⁶,α²,0,0,α,0,0,0
1003,0,α⁶,α²,α³,0,0,α,0,0,0
1004,0,α²,α⁵,α⁴,0,0,α,0,0,0
1005,0,α⁵,α³,α⁵,0,0,α,0,0,0
1006,0,α³,1,α⁶,0,0,α,0,0,0
1007,0,1,α⁷,α⁷,0,0,α,0,0,0
1008,0,α⁵,α⁷,α³,0,0,α²,0,0,0
1009,0,α⁷,α³,α⁴,0,0,α²,0,0,0
1010,0,α³,α⁶,α⁵,0,0,α²,0,0,0
1011,0,α⁶,α⁴,α⁶,0,0,α²,0,0,0
1012,0,α⁴,α,α⁷,0,0,α²,0,0,0
1013,0,α,1,1,0,0,α²,0,0,0
1014,0,α²,α,α,0,0,α³,0,0,0
1015,0,α⁶,1,α⁴,0,0,α³,0,0,0
1016,0,1,α⁴,α⁵,0,0,α³,0,0,0
1017,0,α⁴,α⁷,α⁶,0,0,α³,0,0,0
1018,0,α⁷,α⁵,α⁷,0,0,α³,0,0,0
1019,0,α⁵,α²,1,0,0,α³,0,0,0
1020,0,α⁶,α³,α,0,0,α⁴,0,0,0
1021,0,α³,α²,α²,0,0,α⁴,0,0,0
1022,0,α⁷,α,α⁵,0,0,α⁴,0,0,0
1023,0,α,α⁵,α⁶,0,0,α⁴,0,0,0
1024,0,α⁵,1,α⁷,0,0,α⁴,0,0,0
1025,0,1,α⁶,1,0,0,α⁴,0,0,0
1026,0,α,α⁷,α,0,0,α⁵,0,0,0
1027,0,α⁷,α⁴,α²,0,0,α⁵,0,0,0
1028,0,α⁴,α³,α³,0,0,α⁵,0,0,0
1029,0,1,α²,α⁶,0,0,α⁵,0,0,0
1030,0,α²,α⁶,α⁷,0,0,α⁵,0,0,0
1031,0,α⁶,α,1,0,0,α⁵,0,0,0
1032,0,α⁷,α²,α,0,0,α⁶,0,0,0
1033,0,α²,1,α²,0,0,α⁶,0,0,0
1034,0,1,α⁵,α³,0,0,α⁶,0,0,0
1035,0,α⁵,α⁴,α⁴,0,0,α⁶,0,0,0
1036,0,α,α³,α⁷,0,0,α⁶,0,0,0
1037,0,α³,α⁷,1,0,0,α⁶,0,0,0
1038,0,α⁴,1,α,0,0,α⁷,0,0,0
1039,0,1,α³,α²,0,0,α⁷,0,0,0
1040,0,α³,α,α³,0,0,α⁷,0,0,0
1041,0,α,α⁶,α⁴,0,0,α⁷,0,0,0
1042,0,α²,α⁴,1,0,0,α⁷,0,0,0
1043,0,α³,α⁵,α,0,0,1,0,0,0
1044,0,α⁵,α,α²,0,0,1,0,0,0
1045,0,α,α⁴,α³,0,0,1,0,0,0
1046,0,α⁴,α²,α⁴,0,0,1,0,0,0
1047,0,α²,α⁷,α⁵,0,0,1,0,0,0
1048,0,α⁷,α⁶,α⁶,0,0,1,0,0,0
1049,0,0,α³,α²,α²,0,0,α,0,0
1050,0,0,α⁵,α⁷,α³,0,0,α,0,0
1051,0,0,α,α⁶,α⁴,0,0,α,0,0
1052,0,0,α²,α³,α⁶,0,0,α,0,0
1053,0,0,α⁷,α⁵,α⁷,0,0,α,0,0
1054,0,0,α⁶,α,1,0,0,α,0,0
1055,0,0,α⁷,α²,α,0,0,α²,0,0
1056,0,0,α⁴,α³,α³,0,0,α²,0,0
1057,0,0,α⁶,1,α⁴,0,0,α²,0,0
1058,0,0,α²,α⁷,α⁵,0,0,α²,0,0
1059,0,0,α³,α⁴,α⁷,0,0,α²,0,0
1060,0,0,1,α⁶,1,0,0,α²,0,0
1061,0,0,α,α⁷,α,0,0,α³,0,0
1062,0,0,1,α³,α²,0,0,α³,0,0
1063,0,0,α⁵,α⁴,α⁴,0,0,α³,0,0
1064,0,0,α⁷,α,α⁵,0,0,α³,0,0
1065,0,0,α³,1,α⁶,0,0,α³,0,0
1066,0,0,α⁴,α⁵,1,0,0,α³,0,0
1067,0,0,α⁵,α⁶,α,0,0,α⁴,0,0
1068,0,0,α²,1,α²,0,0,α⁴,0,0
1069,0,0,α,α⁴,α³,0,0,α⁴,0,0
1070,0,0,α⁶,α⁵,α⁵,0,0,α⁴,0,0
1071,0,0,1,α²,α⁶,0,0,α⁴,0,0
1072,0,0,α⁴,α,α⁷,0,0,α⁴,0,0
1073,0,0,α⁶,α⁷,α²,0,0,α⁵,0,0
1074,0,0,α³,α,α³,0,0,α⁵,0,0
1075,0,0,α²,α⁵,α⁴,0,0,α⁵,0,0
1076,0,0,α⁷,α⁶,α⁶,0,0,α⁵,0,0
1077,0,0,α,α³,α⁷,0,0,α⁵,0,0
1078,0,0,α⁵,α²,1,0,0,α⁵,0,0
1079,0,0,α⁶,α³,α,0,0,α⁶,0,0
1080,0,0,α⁷,1,α³,0,0,α⁶,0,0
1081,0,0,α⁴,α²,α⁴,0,0,α⁶,0,0
1082,0,0,α³,α⁶,α⁵,0,0,α⁶,0,0
1083,0,0,1,α⁷,α⁷,0,0,α⁶,0,0
1084,0,0,α²,α⁴,1,0,0,α⁶,0,0
1085,0,0,α³,α⁵,α,0,0,α⁷,0,0
1086,0,0,α⁷,α⁴,α²,0,0,α⁷,0,0
1087,0,0,1,α,α⁴,0,0,α⁷,0,0
1088,0,0,α⁵,α³,α⁵,0,0,α⁷,0,0
1089,0,0,α⁴,α⁷,α⁶,0,0,α⁷,0,0
1090,0,0,α,1,1,0,0,α⁷,0,0
1091,0,0,α²,α,α,0,0,1,0,0
1092,0,0,α⁴,α⁶,α²,0,0,1,0,0
1093,0,0,1,α⁵,α³,0,0,1,0,0
1094,0,0,α,α²,α⁵,0,0,1,0,0
1095,0,0,α⁶,α⁴,α⁶,0,0,1,0,0
1096,0,0,α⁵,1,α⁷,0,0,1,0,0
1097,0,0,0,α³,α²,α²,0,0,α,0
1098,0,0,0,α⁵,α⁷,α³,0,0,α,0
1099,0,0,0,α,α⁶,α⁴,0,0,α,0
1100,0,0,0,α²,α³,α⁶,0,0,α,0
1101,0,0,0,α⁷,α⁵,α⁷,0,0,α,0
1102,0,0,0,α⁶,α,1,0,0,α,0
1103,0,0,0,α⁷,α²,α,0,0,α²,0
1104,0,0,0,α⁴,α³,α³,0,0,α²,0
1105,0,0,0,α⁶,1,α⁴,0,0,α²,0
1106,0,0,0,α²,α⁷,α⁵,0,0,α²,0
1107,0,0,0,α³,α⁴,α⁷,0,0,α²,0
1108,0,0,0,1,α⁶,1,0,0,α²,0
1109,0,0,0,α,α⁷,α,0,0,α³,0
1110,0,0,0,1,α³,α²,0,0,α³,0
1111,0,0,0,α⁵,α⁴,α⁴,0,0,α³,0
1112,0,0,0,α⁷,α,α⁵,0,0,α³,0
1113,0,0,0,α³,1,α⁶,0,0,α³,0
1114,0,0,0,α⁴,α⁵,1,0,0,α³,0
1115,0,0,0,α⁵,α⁶,α,0,0,α⁴,0
1116,0,0,0,α²,1,α²,0,0,α⁴,0
1117,0,0,0,α,α⁴,α³,0,0,α⁴,0
1118,0,0,0,α⁶,α⁵,α⁵,0,0,α⁴,0
1119,0,0,0,1,α²,α⁶,0,0,α⁴,0
1120,0,0,0,α⁴,α,α⁷,0,0,α⁴,0
1121,0,0,0,α⁶,α⁷,α²,0,0,α⁵,0
1122,0,0,0,α³,α,α³,0,0,α⁵,0
1123,0,0,0,α²,α⁵,α⁴,0,0,α⁵,0
1124,0,0,0,α⁷,α⁶,α⁶,0,0,α⁵,0
1125,0,0,0,α,α³,α⁷,0,0,α⁵,0
1126,0,0,0,α⁵,α²,1,0,0,α⁵,0
1127,0,0,0,α⁶,α³,α,0,0,α⁶,0
1128,0,0,0,α⁷,1,α³,0,0,α⁶,0
1129,0,0,0,α⁴,α²,α⁴,0,0,α⁶,0
1130,0,0,0,α³,α⁶,α⁵,0,0,α⁶,0
1131,0,0,0,1,α⁷,α⁷,0,0,α⁶,0
1132,0,0,0,α²,α⁴,1,0,0,α⁶,0
1133,0,0,0,α³,α⁵,α,0,0,α⁷,0
1134,0,0,0,α⁷,α⁴,α²,0,0,α⁷,0
1135,0,0,0,1,α,α⁴,0,0,α⁷,0
1136,0,0,0,α⁵,α³,α⁵,0,0,α⁷,0
1137,0,0,0,α⁴,α⁷,α⁶,0,0,α⁷,0
1138,0,0,0,α,1,1,0,0,α⁷,0
1139,0,0,0,α²,α,α,0,0,1,0
1140,0,0,0,α⁴,α⁶,α²,0,0,1,0
1141,0,0,0,1,α⁵,α³,0,0,1,0
1142,0,0,0,α,α²,α⁵,0,0,1,0
1143,0,0,0,α⁶,α⁴,α⁶,0,0,1,0
1144,0,0,0,α⁵,1,α⁷,0,0,1,0
1145,0,0,0,0,α³,α²,α²,0,0,α
1146,0,0,0,0,α⁵,α⁷,α³,0,0,α
1147,0,0,0,0,α,α⁶,α⁴,0,0,α
1148,0,0,0,0,α²,α³,α⁶,0,0,α
1149,0,0,0,0,α⁷,α⁵,α⁷,0,0,α
1150,0,0,0,0,α⁶,α,1,0,0,α
1151,0,0,0,0,α⁷,α²,α,0,0,α²
1152,0,0,0,0,α⁴,α³,α³,0,0,α²
1153,0,0,0,0,α⁶,1,α⁴,0,0,α²
1154,0,0,0,0,α²,α⁷,α⁵,0,0,α²
1155,0,0,0,0,α³,α⁴,α⁷,0,0,α²
1156,0,0,0,0,1,α⁶,1,0,0,α²
1157,0,0,0,0,α,α⁷,α,0,0,α³
1158,0,0,0,0,1,α³,α²,0,0,α³
1159,0,0,0,0,α⁵,α⁴,α⁴,0,0,α³
1160,0,0,0,0,α⁷,α,α⁵,0,0,α³
1161,0,0,0,0,α³,1,α⁶,0,0,α³
1162,0,0,0,0,α⁴,α⁵,1,0,0,α³
1163,0,0,0,0,α⁵,α⁶,α,0,0,α⁴
1164,0,0,0,0,α²,1,α²,0,0,α⁴
1165,0,0,0,0,α,α⁴,α³,0,0,α⁴
1166,0,0,0,0,α⁶,α⁵,α⁵,0,0,α⁴
1167,0,0,0,0,1,α²,α⁶,0,0,α⁴
1168,0,0,0,0,α⁴,α,α⁷,0,0,α⁴
1169,0,0,0,0,α⁶,α⁷,α²,0,0,α⁵
1170,0,0,0,0,α³,α,α³,0,0,α⁵
1171,0,0,0,0,α²,α⁵,α⁴,0,0,α⁵
1172,0,0,0,0,α⁷,α⁶,α⁶,0,0,α⁵
1173,0,0,0,0,α,α³,α⁷,0,0,α⁵
1174,0,0,0,0,α⁵,α²,1,0,0,α⁵
1175,0,0,0,0,α⁶,α³,α,0,0,α⁶
1176,0,0,0,0,α⁷,1,α³,0,0,α⁶
1177,0,0,0,0,α⁴,α²,α⁴,0,0,α⁶
1178,0,0,0,0,α³,α⁶,α⁵,0,0,α⁶
1179,0,0,0,0,1,α⁷,α⁷,0,0,α⁶
1180,0,0,0,0,α²,α⁴,1,0,0,α⁶
1181,0,0,0,0,α³,α⁵,α,0,0,α⁷
1182,0,0,0,0,α⁷,α⁴,α²,0,0,α⁷
1183,0,0,0,0,1,α,α⁴,0,0,α⁷
1184,0,0,0,0,α⁴,α⁷,α⁶,0,0,α⁷
1185,0,0,0,0,α,1,1,0,0,α⁷
1186,0,0,0,0,α²,α,α,0,0,1
1187,0,0,0,0,α⁴,α⁶,α²,0,0,1
1188,0,0,0,0,1,α⁵,α³,0,0,1
1189,0,0,0,0,α,α²,α⁵,0,0,1
1190,0,0,0,0,α⁶,α⁴,α⁶,0,0,1
1191,0,0,0,0,α⁵,1,α⁷,0,0,1
1192,α²,0,0,0,0,α⁶,α,α,0,0
1193,α⁴,0,0,0,0,α²,α²,α,0,0
1194,1,0,0,0,0,α⁵,α³,α,0,0
1195,α³,0,0,0,0,α³,α⁴,α,0,0
1196,α,0,0,0,0,1,α⁵,α,0,0
1197,α⁶,0,0,0,0,α⁷,α⁶,α,0,0
1198,α³,0,0,0,0,α⁷,α²,α²,0,0
1199,α⁵,0,0,0,0,α³,α³,α²,0,0
1200,α,0,0,0,0,α⁶,α⁴,α²,0,0
1201,α⁴,0,0,0,0,α⁴,α⁵,α²,0,0
1202,α²,0,0,0,0,α,α⁶,α²,0,0
1203,α⁷,0,0,0,0,1,α⁷,α²,0,0
1204,α⁴,0,0,0,0,1,α³,α³,0,0
1205,α⁶,0,0,0,0,α⁴,α⁴,α³,0,0
1206,α²,0,0,0,0,α⁷,α⁵,α³,0,0
1207,α⁵,0,0,0,0,α⁵,α⁶,α³,0,0
1208,α³,0,0,0,0,α²,α⁷,α³,0,0
1209,1,0,0,0,0,α,1,α³,0,0
1210,α,0,0,0,0,α²,α,α⁴,0,0
1211,α⁵,0,0,0,0,α,α⁴,α⁴,0,0
1212,α⁷,0,0,0,0,α⁵,α⁵,α⁴,0,0
1213,α³,0,0,0,0,1,α⁶,α⁴,0,0
1214,α⁶,0,0,0,0,α⁶,α⁷,α⁴,0,0
1215,α⁴,0,0,0,0,α³,1,α⁴,0,0
1216,α⁵,0,0,0,0,α⁴,α,α⁵,0,0
1217,α²,0,0,0,0,α³,α²,α⁵,0,0
1218,α⁶,0,0,0,0,α²,α⁵,α⁵,0,0
1219,1,0,0,0,0,α⁶,α⁶,α⁵,0,0
1220,α⁴,0,0,0,0,α,α⁷,α⁵,0,0
1221,α⁷,0,0,0,0,α⁷,1,α⁵,0,0
1222,1,0,0,0,0,1,α,α⁶,0,0
1223,α⁶,0,0,0,0,α⁵,α²,α⁶,0,0
1224,α³,0,0,0,0,α⁴,α³,α⁶,0,0
1225,α⁷,0,0,0,0,α³,α⁶,α⁶,0,0
1226,α,0,0,0,0,α⁷,α⁷,α⁶,0,0
1227,α⁵,0,0,0,0,α²,1,α⁶,0,0
1228,α⁶,0,0,0,0,α³,α,α⁷,0,0
1229,α,0,0,0,0,α,α²,α⁷,0,0
1230,α⁷,0,0,0,0,α⁶,α³,α⁷,0,0
1231,α⁴,0,0,0,0,α⁵,α⁴,α⁷,0,0
1232,1,0,0,0,0,α⁴,α⁷,α⁷,0,0
1233,α²,0,0,0,0,1,1,α⁷,0,0
1234,α³,0,0,0,0,α,α,1,0,0
1235,α⁷,0,0,0,0,α⁴,α²,1,0,0
1236,α²,0,0,0,0,α²,α³,1,0,0
1237,1,0,0,0,0,α⁷,α⁴,1,0,0
1238,α⁵,0,0,0,0,α⁶,α⁵,1,0,0
1239,α,0,0,0,0,α⁵,1,1,0,0
1240,0,α³,0,0,0,0,1,α,α,0
1241,0,α⁵,0,0,0,0,α³,α²,α,0
1242,0,α,0,0,0,0,α,α³,α,0
1243,0,α⁴,0,0,0,0,α⁶,α⁴,α,0
1244,0,α²,0,0,0,0,α⁵,α⁵,α,0
1245,0,α⁶,0,0,0,0,α²,α⁷,α,0
1246,0,α⁴,0,0,0,0,α,α²,α²,0
1247,0,α⁶,0,0,0,0,α⁴,α³,α²,0
1248,0,α²,0,0,0,0,α²,α⁴,α²,0
1249,0,α⁵,0,0,0,0,α⁷,α⁵,α²,0
1250,0,α³,0,0,0,0,α⁶,α⁶,α²,0
1251,0,α⁷,0,0,0,0,α³,1,α²,0
1252,0,1,0,0,0,0,α⁴,α,α³,0
1253,0,α⁵,0,0,0,0,α²,α³,α³,0
1254,0,α⁷,0,0,0,0,α⁵,α⁴,α³,0
1255,0,α³,0,0,0,0,α³,α⁵,α³,0
1256,0,α⁶,0,0,0,0,1,α⁶,α³,0
1257,0,α⁴,0,0,0,0,α⁷,α⁷,α³,0
1258,0,α,0,0,0,0,α⁵,α²,α⁴,0
1259,0,α⁶,0,0,0,0,α³,α⁴,α⁴,0
1260,0,1,0,0,0,0,α⁶,α⁵,α⁴,0
1261,0,α⁴,0,0,0,0,α⁴,α⁶,α⁴,0
1262,0,α⁷,0,0,0,0,α,α⁷,α⁴,0
1263,0,α⁵,0,0,0,0,1,1,α⁴,0
1264,0,α⁶,0,0,0,0,α,α,α⁵,0
1265,0,α²,0,0,0,0,α⁶,α³,α⁵,0
1266,0,α⁷,0,0,0,0,α⁴,α⁵,α⁵,0
1267,0,α,0,0,0,0,α⁷,α⁶,α⁵,0
1268,0,α⁵,0,0,0,0,α⁵,α⁷,α⁵,0
1269,0,1,0,0,0,0,α²,1,α⁵,0
1270,0,α,0,0,0,0,α³,α,α⁶,0
1271,0,α⁷,0,0,0,0,α²,α²,α⁶,0
1272,0,α³,0,0,0,0,α⁷,α⁴,α⁶,0
1273,0,1,0,0,0,0,α⁵,α⁶,α⁶,0
1274,0,α²,0,0,0,0,1,α⁷,α⁶,0
1275,0,α⁶,0,0,0,0,α⁶,1,α⁶,0
1276,0,α⁷,0,0,0,0,α⁷,α,α⁷,0
1277,0,α²,0,0,0,0,α⁴,α²,α⁷,0
1278,0,1,0,0,0,0,α³,α³,α⁷,0
1279,0,α⁴,0,0,0,0,1,α⁵,α⁷,0
1280,0,α,0,0,0,0,α⁶,α⁷,α⁷,0
1281,0,α³,0,0,0,0,α,1,α⁷,0
1282,0,α⁴,0,0,0,0,α²,α,1,0
1283,0,1,0,0,0,0,1,α²,1,0
1284,0,α³,0,0,0,0,α⁵,α³,1,0
1285,0,α,0,0,0,0,α⁴,α⁴,1,0
1286,0,α⁵,0,0,0,0,α,α⁶,1,0
1287,0,α²,0,0,0,0,α⁷,1,1,0
1288,0,0,α³,0,0,0,0,α⁷,α,α
1289,0,0,α⁵,0,0,0,0,α⁵,α²,α
1290,0,0,α,0,0,0,0,α²,α³,α
1291,0,0,α⁴,0,0,0,0,α,α⁴,α
1292,0,0,α⁷,0,0,0,0,α⁶,α⁶,α
1293,0,0,α⁶,0,0,0,0,1,α⁷,α
1294,0,0,α⁴,0,0,0,0,1,α²,α²
1295,0,0,α⁶,0,0,0,0,α⁶,α³,α²
1296,0,0,α²,0,0,0,0,α³,α⁴,α²
1297,0,0,α⁵,0,0,0,0,α²,α⁵,α²
1298,0,0,1,0,0,0,0,α⁷,α⁷,α²
1299,0,0,α⁷,0,0,0,0,α,1,α²
1300,0,0,1,0,0,0,0,α²,α,α³
1301,0,0,α⁵,0,0,0,0,α,α³,α³
1302,0,0,α⁷,0,0,0,0,α⁷,α⁴,α³
1303,0,0,α³,0,0,0,0,α⁴,α⁵,α³
1304,0,0,α⁶,0,0,0,0,α³,α⁶,α³
1305,0,0,α,0,0,0,0,1,1,α³
1306,0,0,α²,0,0,0,0,α,α,α⁴
1307,0,0,α,0,0,0,0,α³,α²,α⁴
1308,0,0,α⁶,0,0,0,0,α²,α⁴,α⁴
1309,0,0,1,0,0,0,0,1,α⁵,α⁴
1310,0,0,α⁴,0,0,0,0,α⁵,α⁶,α⁴
1311,0,0,α⁷,0,0,0,0,α⁴,α⁷,α⁴
1312,0,0,α³,0,0,0,0,α²,α²,α⁵
1313,0,0,α²,0,0,0,0,α⁴,α³,α⁵
1314,0,0,α⁷,0,0,0,0,α³,α⁵,α⁵
1315,0,0,α,0,0,0,0,α,α⁶,α⁵
1316,0,0,α⁵,0,0,0,0,α⁶,α⁷,α⁵
1317,0,0,1,0,0,0,0,α⁵,1,α⁵
1318,0,0,α³,0,0,0,0,α⁵,α⁴,α⁶
1319,0,0,1,0,0,0,0,α⁴,α⁶,α⁶
1320,0,0,α²,0,0,0,0,α²,α⁷,α⁶
1321,0,0,α⁶,0,0,0,0,α⁷,1,α⁶
1322,0,0,α⁷,0,0,0,0,1,α,α⁷
1323,0,0,α⁵,0,0,0,0,α⁴,α⁴,α⁷
1324,0,0,α⁴,0,0,0,0,α⁶,α⁵,α⁷
1325,0,0,α,0,0,0,0,α⁵,α⁷,α⁷
1326,0,0,α³,0,0,0,0,α³,1,α⁷
1327,0,0,α⁴,0,0,0,0,α⁴,α,1
1328,0,0,1,0,0,0,0,α,α²,1
1329,0,0,α³,0,0,0,0,1,α³,1
1330,0,0,α⁶,0,0,0,0,α⁵,α⁵,1
1331,0,0,α⁵,0,0,0,0,α⁷,α⁶,1
1332,0,0,α²,0,0,0,0,α⁶,1,1
1333,α²,0,0,α⁶,0,0,0,0,α,α
1334,α,0,0,α²,0,0,0,0,α²,α
1335,α⁶,0,0,α³,0,0,0,0,α⁴,α
1336,1,0,0,1,0,0,0,0,α⁵,α
1337,α⁴,0,0,α⁷,0,0,0,0,α⁶,α
1338,α⁵,0,0,α⁴,0,0,0,0,1,α
1339,α⁶,0,0,α⁵,0,0,0,0,α,α²
1340,α³,0,0,α⁷,0,0,0,0,α²,α²
1341,α²,0,0,α³,0,0,0,0,α³,α²
1342,α⁷,0,0,α⁴,0,0,0,0,α⁵,α²
1343,α,0,0,α,0,0,0,0,α⁶,α²
1344,α⁵,0,0,1,0,0,0,0,α⁷,α²
1345,α⁷,0,0,α⁶,0,0,0,0,α²,α³
1346,α⁴,0,0,1,0,0,0,0,α³,α³
1347,α³,0,0,α⁴,0,0,0,0,α⁴,α³
1348,1,0,0,α⁵,0,0,0,0,α⁶,α³
1349,α²,0,0,α²,0,0,0,0,α⁷,α³
1350,α⁶,0,0,α,0,0,0,0,1,α³
1351,α⁷,0,0,α²,0,0,0,0,α,α⁴
1352,1,0,0,α⁷,0,0,0,0,α³,α⁴
1353,α⁵,0,0,α,0,0,0,0,α⁴,α⁴
1354,α⁴,0,0,α⁵,0,0,0,0,α⁵,α⁴
1355,α,0,0,α⁶,0,0,0,0,α⁷,α⁴
1356,α³,0,0,α³,0,0,0,0,1,α⁴
1357,α⁴,0,0,α⁴,0,0,0,0,α,α⁵
1358,1,0,0,α³,0,0,0,0,α²,α⁵
1359,α,0,0,1,0,0,0,0,α⁴,α⁵
1360,α⁶,0,0,α²,0,0,0,0,α⁵,α⁵
1361,α⁵,0,0,α⁶,0,0,0,0,α⁶,α⁵
1362,α²,0,0,α⁷,0,0,0,0,1,α⁵
1363,α³,0,0,1,0,0,0,0,α,α⁶
1364,α⁵,0,0,α⁵,0,0,0,0,α²,α⁶
1365,α,0,0,α⁴,0,0,0,0,α³,α⁶
1366,α²,0,0,α,0,0,0,0,α⁵,α⁶
1367,α⁷,0,0,α³,0,0,0,0,α⁶,α⁶
1368,α⁶,0,0,α⁷,0,0,0,0,α⁷,α⁶
1369,α⁴,0,0,α,0,0,0,0,α²,α⁷
1370,α⁶,0,0,α⁶,0,0,0,0,α³,α⁷
1371,α²,0,0,α⁵,0,0,0,0,α⁴,α⁷
1372,α³,0,0,α²,0,0,0,0,α⁶,α⁷
1373,1,0,0,α⁴,0,0,0,0,α⁷,α⁷
1374,α⁷,0,0,1,0,0,0,0,1,α⁷
1375,1,0,0,α,0,0,0,0,α,1
1376,α⁵,0,0,α²,0,0,0,0,α³,1
1377,α⁷,0,0,α⁷,0,0,0,0,α⁴,1
1378,α³,0,0,α⁶,0,0,0,0,α⁵,1
1379,α⁴,0,0,α³,0,0,0,0,α⁷,1
1380,α,0,0,α⁵,0,0,0,0,1,1
1381,α²,1,0,0,α,0,0,0,0,α
1382,α⁷,α⁷,0,0,α³,0,0,0,0,α
1383,α,α⁵,0,0,α⁴,0,0,0,0,α
1384,α⁵,α²,0,0,α⁵,0,0,0,0,α
1385,1,α,0,0,α⁶,0,0,0,0,α
1386,α³,α⁶,0,0,1,0,0,0,0,α
1387,α⁴,α⁷,0,0,α,0,0,0,0,α²
1388,α³,α,0,0,α²,0,0,0,0,α²
1389,1,1,0,0,α⁴,0,0,0,0,α²
1390,α²,α⁶,0,0,α⁵,0,0,0,0,α²
1391,α⁶,α³,0,0,α⁶,0,0,0,0,α²
1392,α,α²,0,0,α⁷,0,0,0,0,α²
1393,α⁵,1,0,0,α²,0,0,0,0,α³
1394,α⁴,α²,0,0,α³,0,0,0,0,α³
1395,α,α,0,0,α⁵,0,0,0,0,α³
1396,α³,α⁷,0,0,α⁶,0,0,0,0,α³
1397,α⁷,α⁴,0,0,α⁷,0,0,0,0,α³
1398,α²,α³,0,0,1,0,0,0,0,α³
1399,α³,α⁴,0,0,α,0,0,0,0,α⁴
1400,α⁶,α,0,0,α³,0,0,0,0,α⁴
1401,α⁵,α³,0,0,α⁴,0,0,0,0,α⁴
1402,α²,α²,0,0,α⁶,0,0,0,0,α⁴
1403,α⁴,1,0,0,α⁷,0,0,0,0,α⁴
1404,1,α⁵,0,0,1,0,0,0,0,α⁴
1405,α,α⁶,0,0,α,0,0,0,0,α⁵
1406,α⁴,α⁵,0,0,α²,0,0,0,0,α⁵
1407,α⁷,α²,0,0,α⁴,0,0,0,0,α⁵
1408,α⁶,α⁴,0,0,α⁵,0,0,0,0,α⁵
1409,α³,α³,0,0,α⁷,0,0,0,0,α⁵
1410,α⁵,α,0,0,1,0,0,0,0,α⁵
1411,α⁶,α²,0,0,α,0,0,0,0,α⁶
1412,α²,α⁷,0,0,α²,0,0,0,0,α⁶
1413,α⁵,α⁶,0,0,α³,0,0,0,0,α⁶
1414,1,α³,0,0,α⁵,0,0,0,0,α⁶
1415,α⁷,α⁵,0,0,α⁶,0,0,0,0,α⁶
1416,α⁴,α⁴,0,0,1,0,0,0,0,α⁶
1417,α⁵,α⁵,0,0,α,0,0,0,0,α⁷
1418,α⁷,α³,0,0,α²,0,0,0,0,α⁷
1419,α³,1,0,0,α³,0,0,0,0,α⁷
1420,α⁶,α⁷,0,0,α⁴,0,0,0,0,α⁷
1421,α,α⁴,0,0,α⁶,0,0,0,0,α⁷
1422,1,α⁶,0,0,α⁷,0,0,0,0,α⁷
1423,α⁶,α⁶,0,0,α²,0,0,0,0,1
1424,1,α⁴,0,0,α³,0,0,0,0,1
1425,α⁴,α,0,0,α⁴,0,0,0,0,1
1426,α⁷,1,0,0,α⁵,0,0,0,0,1
1427,α²,α⁵,0,0,α⁷,0,0,0,0,1
1428,α,α⁷,0,0,1,0,0,0,0,1
1429,α⁴,α⁷,α²,0,0,0,α,0,0,0
1430,α⁶,α⁴,α³,0,0,0,α,0,0,0
1431,α²,α³,α⁴,0,0,0,α,0,0,0
1432,α³,1,α⁶,0,0,0,α,0,0,0
1433,1,α²,α⁷,0,0,0,α,0,0,0
1434,α⁷,α⁶,1,0,0,0,α,0,0,0
1435,1,α⁷,α,0,0,0,α²,0,0,0
1436,α⁵,1,α³,0,0,0,α²,0,0,0
1437,α⁷,α⁵,α⁴,0,0,0,α²,0,0,0
1438,α³,α⁴,α⁵,0,0,0,α²,0,0,0
1439,α⁴,α,α⁷,0,0,0,α²,0,0,0
1440,α,α³,1,0,0,0,α²,0,0,0
1441,α²,α⁴,α,0,0,0,α³,0,0,0
1442,α,1,α²,0,0,0,α³,0,0,0
1443,α⁶,α,α⁴,0,0,0,α³,0,0,0
1444,1,α⁶,α⁵,0,0,0,α³,0,0,0
1445,α⁴,α⁵,α⁶,0,0,0,α³,0,0,0
1446,α⁵,α²,1,0,0,0,α³,0,0,0
1447,α⁶,α³,α,0,0,0,α⁴,0,0,0
1448,α³,α⁵,α²,0,0,0,α⁴,0,0,0
1449,α²,α,α³,0,0,0,α⁴,0,0,0
1450,α⁷,α²,α⁵,0,0,0,α⁴,0,0,0
1451,α,α⁷,α⁶,0,0,0,α⁴,0,0,0
1452,α⁵,α⁶,α⁷,0,0,0,α⁴,0,0,0
1453,α⁷,α⁴,α²,0,0,0,α⁵,0,0,0
1454,α⁴,α⁶,α³,0,0,0,α⁵,0,0,0
1455,α³,α²,α⁴,0,0,0,α⁵,0,0,0
1456,1,α³,α⁶,0,0,0,α⁵,0,0,0
1457,α²,1,α⁷,0,0,0,α⁵,0,0,0
1458,α⁶,α⁷,1,0,0,0,α⁵,0,0,0
1459,α⁷,1,α,0,0,0,α⁶,0,0,0
1460,1,α⁵,α³,0,0,0,α⁶,0,0,0
1461,α⁵,α⁷,α⁴,0,0,0,α⁶,0,0,0
1462,α⁴,α³,α⁵,0,0,0,α⁶,0,0,0
1463,α,α⁴,α⁷,0,0,0,α⁶,0,0,0
1464,α³,α,1,0,0,0,α⁶,0,0,0
1465,α⁴,α²,α,0,0,0,α⁷,0,0,0
1466,1,α,α²,0,0,0,α⁷,0,0,0
1467,α,α⁶,α⁴,0,0,0,α⁷,0,0,0
1468,α⁶,1,α⁵,0,0,0,α⁷,0,0,0
1469,α⁵,α⁴,α⁶,0,0,0,α⁷,0,0,0
1470,α²,α⁵,1,0,0,0,α⁷,0,0,0
1471,α³,α⁶,α,0,0,0,1,0,0,0
1472,α⁵,α³,α²,0,0,0,1,0,0,0
1473,α,α²,α³,0,0,0,1,0,0,0
1474,α²,α⁷,α⁵,0,0,0,1,0,0,0
1475,α⁷,α,α⁶,0,0,0,1,0,0,0
1476,α⁶,α⁵,α⁷,0,0,0,1,0,0,0
1477,0,α⁵,α⁵,α²,0,0,0,α,0,0
1478,0,α,α⁷,α³,0,0,0,α,0,0
1479,0,α⁴,α³,α⁴,0,0,0,α,0,0
1480,0,α²,α⁶,α⁵,0,0,0,α,0,0
1481,0,α⁷,α⁴,α⁶,0,0,0,α,0,0
1482,0,α⁶,α,α⁷,0,0,0,α,0,0
1483,0,α⁶,α⁶,α³,0,0,0,α²,0,0
1484,0,α²,1,α⁴,0,0,0,α²,0,0
1485,0,α⁵,α⁴,α⁵,0,0,0,α²,0,0
1486,0,α³,α⁷,α⁶,0,0,0,α²,0,0
1487,0,1,α⁵,α⁷,0,0,0,α²,0,0
1488,0,α⁷,α²,1,0,0,0,α²,0,0
1489,0,1,α³,α,0,0,0,α³,0,0
1490,0,α⁷,α⁷,α⁴,0,0,0,α³,0,0
1491,0,α³,α,α⁵,0,0,0,α³,0,0
1492,0,α⁶,α⁵,α⁶,0,0,0,α³,0,0
1493,0,α⁴,1,α⁷,0,0,0,α³,0,0
1494,0,α,α⁶,1,0,0,0,α³,0,0
1495,0,α²,α⁷,α,0,0,0,α⁴,0,0
1496,0,α,α⁴,α²,0,0,0,α⁴,0,0
1497,0,1,1,α⁵,0,0,0,α⁴,0,0
1498,0,α⁴,α²,α⁶,0,0,0,α⁴,0,0
1499,0,α⁷,α⁶,α⁷,0,0,0,α⁴,0,0
1500,0,α⁵,α,1,0,0,0,α⁴,0,0
1501,0,α⁶,α²,α,0,0,0,α⁵,0,0
1502,0,α³,1,α²,0,0,0,α⁵,0,0
1503,0,α²,α⁵,α³,0,0,0,α⁵,0,0
1504,0,α,α,α⁶,0,0,0,α⁵,0,0
1505,0,α⁵,α³,α⁷,0,0,0,α⁵,0,0
1506,0,1,α⁷,1,0,0,0,α⁵,0,0
1507,0,α,1,α,0,0,0,α⁶,0,0
1508,0,α⁷,α³,α²,0,0,0,α⁶,0,0
1509,0,α⁴,α,α³,0,0,0,α⁶,0,0
1510,0,α³,α⁶,α⁴,0,0,0,α⁶,0,0
1511,0,α²,α²,α⁷,0,0,0,α⁶,0,0
1512,0,α⁶,α⁴,1,0,0,0,α⁶,0,0
1513,0,α⁷,α⁵,α,0,0,0,α⁷,0,0
1514,0,α²,α,α²,0,0,0,α⁷,0,0
1515,0,1,α⁴,α³,0,0,0,α⁷,0,0
1516,0,α⁵,α²,α⁴,0,0,0,α⁷,0,0
1517,0,α⁴,α⁷,α⁵,0,0,0,α⁷,0,0
1518,0,α³,α³,1,0,0,0,α⁷,0,0
1519,0,α⁴,α⁴,α,0,0,0,1,0,0
1520,0,1,α⁶,α²,0,0,0,1,0,0
1521,0,α³,α²,α³,0,0,0,1,0,0
1522,0,α,α⁵,α⁴,0,0,0,1,0,0
1523,0,α⁶,α³,α⁵,0,0,0,1,0,0
1524,0,α⁵,1,α⁶,0,0,0,1,0,0
1525,0,0,α²,α⁵,α,0,0,0,α,0
1526,0,0,α⁴,α⁴,α²,0,0,0,α,0
1527,0,0,α³,α,α⁴,0,0,0,α,0
1528,0,0,α,α³,α⁵,0,0,0,α,0
1529,0,0,α⁶,α⁷,α⁶,0,0,0,α,0
1530,0,0,α⁵,α²,α⁷,0,0,0,α,0
1531,0,0,α³,α⁶,α²,0,0,0,α²,0
1532,0,0,α⁵,α⁵,α³,0,0,0,α²,0
1533,0,0,α⁴,α²,α⁵,0,0,0,α²,0
1534,0,0,α²,α⁴,α⁶,0,0,0,α²,0
1535,0,0,α⁷,1,α⁷,0,0,0,α²,0
1536,0,0,α⁶,α³,1,0,0,0,α²,0
1537,0,0,α⁷,α⁴,α,0,0,0,α³,0
1538,0,0,α⁴,α⁷,α³,0,0,0,α³,0
1539,0,0,α⁶,α⁶,α⁴,0,0,0,α³,0
1540,0,0,α⁵,α³,α⁶,0,0,0,α³,0
1541,0,0,α³,α⁵,α⁷,0,0,0,α³,0
1542,0,0,1,α,1,0,0,0,α³,0
1543,0,0,α,α²,α,0,0,0,α⁴,0
1544,0,0,1,α⁵,α²,0,0,0,α⁴,0
1545,0,0,α⁵,1,α⁴,0,0,0,α⁴,0
1546,0,0,α⁷,α⁷,α⁵,0,0,0,α⁴,0
1547,0,0,α⁶,α⁴,α⁷,0,0,0,α⁴,0
1548,0,0,α⁴,α⁶,1,0,0,0,α⁴,0
1549,0,0,α⁵,α⁷,α,0,0,0,α⁵,0
1550,0,0,α²,α³,α²,0,0,0,α⁵,0
1551,0,0,α,α⁶,α³,0,0,0,α⁵,0
1552,0,0,α⁶,α,α⁵,0,0,0,α⁵,0
1553,0,0,1,1,α⁶,0,0,0,α⁵,0
1554,0,0,α⁷,α⁵,1,0,0,0,α⁵,0
1555,0,0,1,α⁶,α,0,0,0,α⁶,0
1556,0,0,α⁶,1,α²,0,0,0,α⁶,0
1557,0,0,α³,α⁴,α³,0,0,0,α⁶,0
1558,0,0,α²,α⁷,α⁴,0,0,0,α⁶,0
1559,0,0,α⁷,α²,α⁶,0,0,0,α⁶,0
1560,0,0,α,α,α⁷,0,0,0,α⁶,0
1561,0,0,α,α⁷,α²,0,0,0,α⁷,0
1562,0,0,α⁷,α,α³,0,0,0,α⁷,0
1563,0,0,α⁴,α⁵,α⁴,0,0,0,α⁷,0
1564,0,0,α³,1,α⁵,0,0,0,α⁷,0
1565,0,0,1,α³,α⁷,0,0,0,α⁷,0
1566,0,0,α²,α²,1,0,0,0,α⁷,0
1567,0,0,α³,α³,α,0,0,0,1,0
1568,0,0,α²,1,α³,0,0,0,1,0
1569,0,0,1,α²,α⁴,0,0,0,1,0
1570,0,0,α⁵,α⁶,α⁵,0,0,0,1,0
1571,0,0,α⁴,α,α⁶,0,0,0,1,0
1572,0,0,α,α⁴,1,0,0,0,1,0
1573,0,0,0,α²,α⁵,α,0,0,0,α
1574,0,0,0,α⁴,α⁴,α²,0,0,0,α
1575,0,0,0,α³,α,α⁴,0,0,0,α
1576,0,0,0,α,α³,α⁵,0,0,0,α
1577,0,0,0,α⁶,α⁷,α⁶,0,0,0,α
1578,0,0,0,α⁵,α²,α⁷,0,0,0,α
1579,0,0,0,α³,α⁶,α²,0,0,0,α²
1580,0,0,0,α⁵,α⁵,α³,0,0,0,α²
1581,0,0,0,α⁴,α²,α⁵,0,0,0,α²
1582,0,0,0,α²,α⁴,α⁶,0,0,0,α²
1583,0,0,0,α⁷,1,α⁷,0,0,0,α²
1584,0,0,0,α⁶,α³,1,0,0,0,α²
1585,0,0,0,α⁷,α⁴,α,0,0,0,α³
1586,0,0,0,α⁴,α⁷,α³,0,0,0,α³
1587,0,0,0,α⁶,α⁶,α⁴,0,0,0,α³
1588,0,0,0,α⁵,α³,α⁶,0,0,0,α³
1589,0,0,0,α³,α⁵,α⁷,0,0,0,α³
1590,0,0,0,1,α,1,0,0,0,α³
1591,0,0,0,α,α²,α,0,0,0,α⁴
1592,0,0,0,1,α⁵,α²,0,0,0,α⁴
1593,0,0,0,α⁷,α⁷,α⁵,0,0,0,α⁴
1594,0,0,0,α⁶,α⁴,α⁷,0,0,0,α⁴
1595,0,0,0,α⁴,α⁶,1,0,0,0,α⁴
1596,0,0,0,α⁵,α⁷,α,0,0,0,α⁵
1597,0,0,0,α²,α³,α²,0,0,0,α⁵
1598,0,0,0,α,α⁶,α³,0,0,0,α⁵
1599,0,0,0,α⁶,α,α⁵,0,0,0,α⁵
1600,0,0,0,1,1,α⁶,0,0,0,α⁵
1601,0,0,0,α⁷,α⁵,1,0,0,0,α⁵
1602,0,0,0,1,α⁶,α,0,0,0,α⁶
1603,0,0,0,α⁶,1,α²,0,0,0,α⁶
1604,0,0,0,α³,α⁴,α³,0,0,0,α⁶
1605,0,0,0,α²,α⁷,α⁴,0,0,0,α⁶
1606,0,0,0,α⁷,α²,α⁶,0,0,0,α⁶
1607,0,0,0,α,α,α⁷,0,0,0,α⁶
1608,0,0,0,α,α⁷,α²,0,0,0,α⁷
1609,0,0,0,α⁷,α,α³,0,0,0,α⁷
1610,0,0,0,α⁴,α⁵,α⁴,0,0,0,α⁷
1611,0,0,0,α³,1,α⁵,0,0,0,α⁷
1612,0,0,0,1,α³,α⁷,0,0,0,α⁷
1613,0,0,0,α²,α²,1,0,0,0,α⁷
1614,0,0,0,α³,α³,α,0,0,0,1
1615,0,0,0,α²,1,α³,0,0,0,1
1616,0,0,0,1,α²,α⁴,0,0,0,1
1617,0,0,0,α⁵,α⁶,α⁵,0,0,0,1
1618,0,0,0,α⁴,α,α⁶,0,0,0,1
1619,0,0,0,α,α⁴,1,0,0,0,1
1620,α,0,0,0,α⁶,α,α,0,0,0
1621,α³,0,0,0,α²,α²,α,0,0,0
1622,α⁷,0,0,0,α⁵,α³,α,0,0,0
1623,α²,0,0,0,α³,α⁴,α,0,0,0
1624,1,0,0,0,1,α⁵,α,0,0,0
1625,α⁵,0,0,0,α⁷,α⁶,α,0,0,0
1626,α²,0,0,0,α⁷,α²,α²,0,0,0
1627,α⁴,0,0,0,α³,α³,α²,0,0,0
1628,1,0,0,0,α⁶,α⁴,α²,0,0,0
1629,α³,0,0,0,α⁴,α⁵,α²,0,0,0
1630,α,0,0,0,α,α⁶,α²,0,0,0
1631,α⁶,0,0,0,1,α⁷,α²,0,0,0
1632,α³,0,0,0,1,α³,α³,0,0,0
1633,α⁵,0,0,0,α⁴,α⁴,α³,0,0,0
1634,α,0,0,0,α⁷,α⁵,α³,0,0,0
1635,α⁴,0,0,0,α⁵,α⁶,α³,0,0,0
1636,α²,0,0,0,α²,α⁷,α³,0,0,0
1637,α⁷,0,0,0,α,1,α³,0,0,0
1638,1,0,0,0,α²,α,α⁴,0,0,0
1639,α⁴,0,0,0,α,α⁴,α⁴,0,0,0
1640,α⁶,0,0,0,α⁵,α⁵,α⁴,0,0,0
1641,α²,0,0,0,1,α⁶,α⁴,0,0,0
1642,α⁵,0,0,0,α⁶,α⁷,α⁴,0,0,0
1643,α³,0,0,0,α³,1,α⁴,0,0,0
1644,α⁴,0,0,0,α⁴,α,α⁵,0,0,0
1645,α,0,0,0,α³,α²,α⁵,0,0,0
1646,α⁵,0,0,0,α²,α⁵,α⁵,0,0,0
1647,α⁷,0,0,0,α⁶,α⁶,α⁵,0,0,0
1648,α³,0,0,0,α,α⁷,α⁵,0,0,0
1649,α⁶,0,0,0,α⁷,1,α⁵,0,0,0
1650,α⁷,0,0,0,1,α,α⁶,0,0,0
1651,α⁵,0,0,0,α⁵,α²,α⁶,0,0,0
1652,α²,0,0,0,α⁴,α³,α⁶,0,0,0
1653,α⁶,0,0,0,α³,α⁶,α⁶,0,0,0
1654,1,0,0,0,α⁷,α⁷,α⁶,0,0,0
1655,α⁴,0,0,0,α²,1,α⁶,0,0,0
1656,α⁵,0,0,0,α³,α,α⁷,0,0,0
1657,1,0,0,0,α,α²,α⁷,0,0,0
1658,α⁶,0,0,0,α⁶,α³,α⁷,0,0,0
1659,α³,0,0,0,α⁵,α⁴,α⁷,0,0,0
1660,α⁷,0,0,0,α⁴,α⁷,α⁷,0,0,0
1661,α,0,0,0,1,1,α⁷,0,0,0
1662,α²,0,0,0,α,α,1,0,0,0
1663,α⁶,0,0,0,α⁴,α²,1,0,0,0
1664,α,0,0,0,α²,α³,1,0,0,0
1665,α⁷,0,0,0,α⁷,α⁴,1,0,0,0
1666,α⁴,0,0,0,α⁶,α⁵,1,0,0,0
1667,1,0,0,0,α⁵,1,1,0,0,0
1668,0,α,0,0,0,1,α,α,0,0
1669,0,α³,0,0,0,α³,α²,α,0,0
1670,0,α⁷,0,0,0,α,α³,α,0,0
1671,0,α²,0,0,0,α⁶,α⁴,α,0,0
1672,0,1,0,0,0,α⁵,α⁵,α,0,0
1673,0,α⁴,0,0,0,α²,α⁷,α,0,0
1674,0,α²,0,0,0,α,α²,α²,0,0
1675,0,α⁴,0,0,0,α⁴,α³,α²,0,0
1676,0,1,0,0,0,α²,α⁴,α²,0,0
1677,0,α³,0,0,0,α⁷,α⁵,α²,0,0
1678,0,α,0,0,0,α⁶,α⁶,α²,0,0
1679,0,α⁵,0,0,0,α³,1,α²,0,0
1680,0,α⁶,0,0,0,α⁴,α,α³,0,0
1681,0,α³,0,0,0,α²,α³,α³,0,0
1682,0,α⁵,0,0,0,α⁵,α⁴,α³,0,0
1683,0,α,0,0,0,α³,α⁵,α³,0,0
1684,0,α⁴,0,0,0,1,α⁶,α³,0,0
1685,0,α²,0,0,0,α⁷,α⁷,α³,0,0
1686,0,α⁷,0,0,0,α⁵,α²,α⁴,0,0
1687,0,α⁴,0,0,0,α³,α⁴,α⁴,0,0
1688,0,α⁶,0,0,0,α⁶,α⁵,α⁴,0,0
1689,0,α²,0,0,0,α⁴,α⁶,α⁴,0,0
1690,0,α⁵,0,0,0,α,α⁷,α⁴,0,0
1691,0,α³,0,0,0,1,1,α⁴,0,0
1692,0,α⁴,0,0,0,α,α,α⁵,0,0
1693,0,1,0,0,0,α⁶,α³,α⁵,0,0
1694,0,α⁵,0,0,0,α⁴,α⁵,α⁵,0,0
1695,0,α⁷,0,0,0,α⁷,α⁶,α⁵,0,0
1696,0,α³,0,0,0,α⁵,α⁷,α⁵,0,0
1697,0,α⁶,0,0,0,α²,1,α⁵,0,0
1698,0,α⁷,0,0,0,α³,α,α⁶,0,0
1699,0,α⁵,0,0,0,α²,α²,α⁶,0,0
1700,0,α,0,0,0,α⁷,α⁴,α⁶,0,0
1701,0,α⁶,0,0,0,α⁵,α⁶,α⁶,0,0
1702,0,1,0,0,0,1,α⁷,α⁶,0,0
1703,0,α⁴,0,0,0,α⁶,1,α⁶,0,0
1704,0,α⁵,0,0,0,α⁷,α,α⁷,0,0
1705,0,1,0,0,0,α⁴,α²,α⁷,0,0
1706,0,α⁶,0,0,0,α³,α³,α⁷,0,0
1707,0,α²,0,0,0,1,α⁵,α⁷,0,0
1708,0,α⁷,0,0,0,α⁶,α⁷,α⁷,0,0
1709,0,α,0,0,0,α,1,α⁷,0,0
1710,0,α²,0,0,0,α²,α,1,0,0
1711,0,α⁶,0,0,0,1,α²,1,0,0
1712,0,α,0,0,0,α⁵,α³,1,0,0
1713,0,α⁷,0,0,0,α⁴,α⁴,1,0,0
1714,0,α³,0,0,0,α,α⁶,1,0,0
1715,0,1,0,0,0,α⁷,1,1,0,0
1716,0,0,α⁷,0,0,0,α,α,α,0
1717,0,0,α,0,0,0,1,α²,α,0
1718,0,0,1,0,0,0,α⁵,α⁴,α,0
1719,0,0,α⁶,0,0,0,α⁷,α⁵,α,0
1720,0,0,α³,0,0,0,α³,α⁶,α,0
1721,0,0,α²,0,0,0,α⁶,α⁷,α,0
1722,0,0,1,0,0,0,α²,α²,α²,0
1723,0,0,α²,0,0,0,α,α³,α²,0
1724,0,0,α,0,0,0,α⁶,α⁵,α²,0
1725,0,0,α⁷,0,0,0,1,α⁶,α²,0
1726,0,0,α⁴,0,0,0,α⁴,α⁷,α²,0
1727,0,0,α³,0,0,0,α⁷,1,α²,0
1728,0,0,α⁴,0,0,0,1,α,α³,0
1729,0,0,α,0,0,0,α³,α³,α³,0
1730,0,0,α³,0,0,0,α²,α⁴,α³,0
1731,0,0,α²,0,0,0,α⁷,α⁶,α³,0
1732,0,0,1,0,0,0,α,α⁷,α³,0
1733,0,0,α⁵,0,0,0,α⁵,1,α³,0
1734,0,0,α⁶,0,0,0,α⁶,α,α⁴,0
1735,0,0,α⁵,0,0,0,α,α²,α⁴,0
1736,0,0,α²,0,0,0,α⁴,α⁴,α⁴,0
1737,0,0,α⁴,0,0,0,α³,α⁵,α⁴,0
1738,0,0,α³,0,0,0,1,α⁷,α⁴,0
1739,0,0,α,0,0,0,α²,1,α⁴,0
1740,0,0,α²,0,0,0,α³,α,α⁵,0
1741,0,0,α⁷,0,0,0,α⁷,α²,α⁵,0
1742,0,0,α⁶,0,0,0,α²,α³,α⁵,0
1743,0,0,α³,0,0,0,α⁵,α⁵,α⁵,0
1744,0,0,α⁵,0,0,0,α⁴,α⁶,α⁵,0
1745,0,0,α⁴,0,0,0,α,1,α⁵,0
1746,0,0,α⁵,0,0,0,α²,α,α⁶,0
1747,0,0,α³,0,0,0,α⁴,α²,α⁶,0
1748,0,0,1,0,0,0,1,α³,α⁶,0
1749,0,0,α⁷,0,0,0,α³,α⁴,α⁶,0
1750,0,0,α⁴,0,0,0,α⁶,α⁶,α⁶,0
1751,0,0,α⁶,0,0,0,α⁵,α⁷,α⁶,0
1752,0,0,α⁶,0,0,0,α³,α²,α⁷,0
1753,0,0,α⁴,0,0,0,α⁵,α³,α⁷,0
1754,0,0,α,0,0,0,α,α⁴,α⁷,0
1755,0,0,1,0,0,0,α⁴,α⁵,α⁷,0
1756,0,0,α⁵,0,0,0,α⁷,α⁷,α⁷,0
1757,0,0,α⁷,0,0,0,α⁶,1,α⁷,0
1758,0,0,1,0,0,0,α⁷,α,1,0
1759,0,0,α⁷,0,0,0,α⁴,α³,1,0
1760,0,0,α⁵,0,0,0,α⁶,α⁴,1,0
1761,0,0,α²,0,0,0,α²,α⁵,1,0
1762,0,0,α,0,0,0,α⁵,α⁶,1,0
1763,0,0,α⁶,0,0,0,1,1,1,0
1764,0,0,0,α⁷,0,0,0,α,α,α
1765,0,0,0,α,0,0,0,1,α²,α
1766,0,0,0,1,0,0,0,α⁵,α⁴,α
1767,0,0,0,α⁶,0,0,0,α⁷,α⁵,α
1768,0,0,0,α³,0,0,0,α³,α⁶,α
1769,0,0,0,α²,0,0,0,α⁶,α⁷,α
1770,0,0,0,1,0,0,0,α²,α²,α²
1771,0,0,0,α²,0,0,0,α,α³,α²
1772,0,0,0,α,0,0,0,α⁶,α⁵,α²
1773,0,0,0,α⁷,0,0,0,1,α⁶,α²
1774,0,0,0,α⁴,0,0,0,α⁴,α⁷,α²
1775,0,0,0,α³,0,0,0,α⁷,1,α²
1776,0,0,0,α⁴,0,0,0,1,α,α³
1777,0,0,0,α,0,0,0,α³,α³,α³
1778,0,0,0,α³,0,0,0,α²,α⁴,α³
1779,0,0,0,1,0,0,0,α,α⁷,α³
1780,0,0,0,α⁵,0,0,0,α⁵,1,α³
1781,0,0,0,α⁶,0,0,0,α⁶,α,α⁴
1782,0,0,0,α⁵,0,0,0,α,α²,α⁴
1783,0,0,0,α²,0,0,0,α⁴,α⁴,α⁴
1784,0,0,0,α⁴,0,0,0,α³,α⁵,α⁴
1785,0,0,0,α³,0,0,0,1,α⁷,α⁴
1786,0,0,0,α,0,0,0,α²,1,α⁴
1787,0,0,0,α²,0,0,0,α³,α,α⁵
1788,0,0,0,α⁷,0,0,0,α⁷,α²,α⁵
1789,0,0,0,α⁶,0,0,0,α²,α³,α⁵
1790,0,0,0,α³,0,0,0,α⁵,α⁵,α⁵
1791,0,0,0,α⁵,0,0,0,α⁴,α⁶,α⁵
1792,0,0,0,α⁴,0,0,0,α,1,α⁵
1793,0,0,0,α⁵,0,0,0,α²,α,α⁶
1794,0,0,0,α³,0,0,0,α⁴,α²,α⁶
1795,0,0,0,1,0,0,0,1,α³,α⁶
1796,0,0,0,α⁷,0,0,0,α³,α⁴,α⁶
1797,0,0,0,α⁴,0,0,0,α⁶,α⁶,α⁶
1798,0,0,0,α⁶,0,0,0,α⁵,α⁷,α⁶
1799,0,0,0,α⁶,0,0,0,α³,α²,α⁷
1800,0,0,0,α⁴,0,0,0,α⁵,α³,α⁷
1801,0,0,0,α,0,0,0,α,α⁴,α⁷
1802,0,0,0,1,0,0,0,α⁴,α⁵,α⁷
1803,0,0,0,α⁵,0,0,0,α⁷,α⁷,α⁷
1804,0,0,0,α⁷,0,0,0,α⁶,1,α⁷
1805,0,0,0,1,0,0,0,α⁷,α,1
1806,0,0,0,α⁷,0,0,0,α⁴,α³,1
1807,0,0,0,α⁵,0,0,0,α⁶,α⁴,1
1808,0,0,0,α²,0,0,0,α²,α⁵,1
1809,0,0,0,α,0,0,0,α⁵,α⁶,1
1810,0,0,0,α⁶,0,0,0,1,1,1
1811,1,0,0,0,α⁴,0,0,0,α,α
1812,α⁵,0,0,0,1,0,0,0,α²,α
1813,α⁴,0,0,0,α³,0,0,0,α³,α
1814,α,0,0,0,α⁶,0,0,0,α⁵,α
1815,α³,0,0,0,α⁵,0,0,0,α⁶,α
1816,α²,0,0,0,α²,0,0,0,1,α
1817,α³,0,0,0,α³,0,0,0,α,α²
1818,α,0,0,0,α⁵,0,0,0,α²,α²
1819,α⁶,0,0,0,α,0,0,0,α³,α²
1820,α⁵,0,0,0,α⁴,0,0,0,α⁴,α²
1821,α²,0,0,0,α⁷,0,0,0,α⁶,α²
1822,α⁴,0,0,0,α⁶,0,0,0,α⁷,α²
1823,α⁴,0,0,0,α⁴,0,0,0,α²,α³
1824,α²,0,0,0,α⁶,0,0,0,α³,α³
1825,α⁷,0,0,0,α²,0,0,0,α⁴,α³
1826,α⁶,0,0,0,α⁵,0,0,0,α⁵,α³
1827,α³,0,0,0,1,0,0,0,α⁷,α³
1828,α⁵,0,0,0,α⁷,0,0,0,1,α³
1829,α⁶,0,0,0,1,0,0,0,α,α⁴
1830,α⁵,0,0,0,α⁵,0,0,0,α³,α⁴
1831,α³,0,0,0,α⁷,0,0,0,α⁴,α⁴
1832,1,0,0,0,α³,0,0,0,α⁵,α⁴
1833,α⁷,0,0,0,α⁶,0,0,0,α⁶,α⁴
1834,α⁴,0,0,0,α,0,0,0,1,α⁴
1835,α⁵,0,0,0,α²,0,0,0,α,α⁵
1836,α⁷,0,0,0,α,0,0,0,α²,α⁵
1837,α⁶,0,0,0,α⁶,0,0,0,α⁴,α⁵
1838,α⁴,0,0,0,1,0,0,0,α⁵,α⁵
1839,α,0,0,0,α⁴,0,0,0,α⁶,α⁵
1840,1,0,0,0,α⁷,0,0,0,α⁷,α⁵
1841,α⁶,0,0,0,α³,0,0,0,α²,α⁶
1842,1,0,0,0,α²,0,0,0,α³,α⁶
1843,α⁷,0,0,0,α⁷,0,0,0,α⁵,α⁶
1844,α⁵,0,0,0,α,0,0,0,α⁶,α⁶
1845,α²,0,0,0,α⁵,0,0,0,α⁷,α⁶
1846,α,0,0,0,1,0,0,0,1,α⁶
1847,α²,0,0,0,α,0,0,0,α,α⁷
1848,α⁷,0,0,0,α⁴,0,0,0,α³,α⁷
1849,α,0,0,0,α³,0,0,0,α⁴,α⁷
1850,1,0,0,0,1,0,0,0,α⁶,α⁷
1851,α⁶,0,0,0,α²,0,0,0,α⁷,α⁷
1852,α³,0,0,0,α⁶,0,0,0,1,α⁷
1853,α⁴,0,0,0,α⁷,0,0,0,α,1
1854,α³,0,0,0,α²,0,0,0,α²,1
1855,1,0,0,0,α⁵,0,0,0,α⁴,1
1856,α²,0,0,0,α⁴,0,0,0,α⁵,1
1857,α,0,0,0,α,0,0,0,α⁷,1
1858,α⁷,0,0,0,α³,0,0,0,1,1
1859,α⁷,α⁵,0,0,0,α²,0,0,0,α
1860,α,α²,0,0,0,α³,0,0,0,α
1861,α⁵,α,0,0,0,α⁴,0,0,0,α
1862,α⁶,α⁶,0,0,0,α⁶,0,0,0,α
1863,α³,1,0,0,0,α⁷,0,0,0,α
1864,α²,α⁴,0,0,0,1,0,0,0,α
1865,α³,α⁵,0,0,0,α,0,0,0,α²
1866,1,α⁶,0,0,0,α³,0,0,0,α²
1867,α²,α³,0,0,0,α⁴,0,0,0,α²
1868,α⁶,α²,0,0,0,α⁵,0,0,0,α²
1869,α⁷,α⁷,0,0,0,α⁷,0,0,0,α²
1870,α⁴,α,0,0,0,1,0,0,0,α²
1871,α⁵,α²,0,0,0,α,0,0,0,α³
1872,α⁴,α⁶,0,0,0,α²,0,0,0,α³
1873,α,α⁷,0,0,0,α⁴,0,0,0,α³
1874,α³,α⁴,0,0,0,α⁵,0,0,0,α³
1875,α⁷,α³,0,0,0,α⁶,0,0,0,α³
1876,1,1,0,0,0,1,0,0,0,α³
1877,α,α,0,0,0,α,0,0,0,α⁴
1878,α⁶,α³,0,0,0,α²,0,0,0,α⁴
1879,α⁵,α⁷,0,0,0,α³,0,0,0,α⁴
1880,α²,1,0,0,0,α⁵,0,0,0,α⁴
1881,α⁴,α⁵,0,0,0,α⁶,0,0,0,α⁴
1882,1,α⁴,0,0,0,α⁷,0,0,0,α⁴
1883,α²,α²,0,0,0,α²,0,0,0,α⁵
1884,α⁷,α⁴,0,0,0,α³,0,0,0,α⁵
1885,α⁶,1,0,0,0,α⁴,0,0,0,α⁵
1886,α³,α,0,0,0,α⁶,0,0,0,α⁵
1887,α⁵,α⁶,0,0,0,α⁷,0,0,0,α⁵
1888,α,α⁵,0,0,0,1,0,0,0,α⁵
1889,α²,α⁶,0,0,0,α,0,0,0,α⁶
1890,α³,α³,0,0,0,α³,0,0,0,α⁶
1891,1,α⁵,0,0,0,α⁴,0,0,0,α⁶
1892,α⁷,α,0,0,0,α⁵,0,0,0,α⁶
1893,α⁴,α²,0,0,0,α⁷,0,0,0,α⁶
1894,α⁶,α⁷,0,0,0,1,0,0,0,α⁶
1895,α⁷,1,0,0,0,α,0,0,0,α⁷
1896,α³,α⁷,0,0,0,α²,0,0,0,α⁷
1897,α⁴,α⁴,0,0,0,α⁴,0,0,0,α⁷
1898,α,α⁶,0,0,0,α⁵,0,0,0,α⁷
1899,1,α²,0,0,0,α⁶,0,0,0,α⁷
1900,α⁵,α³,0,0,0,1,0,0,0,α⁷
1901,α⁶,α⁴,0,0,0,α,0,0,0,1
1902,1,α,0,0,0,α²,0,0,0,1
1903,α⁴,1,0,0,0,α³,0,0,0,1
1904,α⁵,α⁵,0,0,0,α⁵,0,0,0,1
1905,α²,α⁷,0,0,0,α⁶,0,0,0,1
1906,α,α³,0,0,0,α⁷,0,0,0,1
1907,1,α⁴,α,0,0,0,0,α,0,0
1908,α⁵,α³,α³,0,0,0,0,α,0,0
1909,α⁷,α,α⁴,0,0,0,0,α,0,0
1910,α³,α⁶,α⁵,0,0,0,0,α,0,0
1911,α⁶,α⁵,α⁶,0,0,0,0,α,0,0
1912,α,α²,1,0,0,0,0,α,0,0
1913,α²,α³,α,0,0,0,0,α²,0,0
1914,α,α⁵,α²,0,0,0,0,α²,0,0
1915,α⁶,α⁴,α⁴,0,0,0,0,α²,0,0
1916,1,α²,α⁵,0,0,0,0,α²,0,0
1917,α⁴,α⁷,α⁶,0,0,0,0,α²,0,0
1918,α⁷,α⁶,α⁷,0,0,0,0,α²,0,0
1919,α³,α⁴,α²,0,0,0,0,α³,0,0
1920,α²,α⁶,α³,0,0,0,0,α³,0,0
1921,α⁷,α⁵,α⁵,0,0,0,0,α³,0,0
1922,α,α³,α⁶,0,0,0,0,α³,0,0
1923,α⁵,1,α⁷,0,0,0,0,α³,0,0
1924,1,α⁷,1,0,0,0,0,α³,0,0
1925,α,1,α,0,0,0,0,α⁴,0,0
1926,α⁴,α⁵,α³,0,0,0,0,α⁴,0,0
1927,α³,α⁷,α⁴,0,0,0,0,α⁴,0,0
1928,1,α⁶,α⁶,0,0,0,0,α⁴,0,0
1929,α²,α⁴,α⁷,0,0,0,0,α⁴,0,0
1930,α⁶,α,1,0,0,0,0,α⁴,0,0
1931,α⁷,α²,α,0,0,0,0,α⁵,0,0
1932,α²,α,α²,0,0,0,0,α⁵,0,0
1933,α⁵,α⁶,α⁴,0,0,0,0,α⁵,0,0
1934,α⁴,1,α⁵,0,0,0,0,α⁵,0,0
1935,α,α⁷,α⁷,0,0,0,0,α⁵,0,0
1936,α³,α⁵,1,0,0,0,0,α⁵,0,0
1937,α⁴,α⁶,α,0,0,0,0,α⁶,0,0
1938,1,α³,α²,0,0,0,0,α⁶,0,0
1939,α³,α²,α³,0,0,0,0,α⁶,0,0
1940,α⁶,α⁷,α⁵,0,0,0,0,α⁶,0,0
1941,α⁵,α,α⁶,0,0,0,0,α⁶,0,0
1942,α²,1,1,0,0,0,0,α⁶,0,0
1943,α³,α,α,0,0,0,0,α⁷,0,0
1944,α⁵,α⁷,α²,0,0,0,0,α⁷,0,0
1945,α,α⁴,α³,0,0,0,0,α⁷,0,0
1946,α⁴,α³,α⁴,0,0,0,0,α⁷,0,0
1947,α⁷,1,α⁶,0,0,0,0,α⁷,0,0
1948,α⁶,α²,α⁷,0,0,0,0,α⁷,0,0
1949,α⁴,α²,α²,0,0,0,0,1,0,0
1950,α⁶,1,α³,0,0,0,0,1,0,0
1951,α²,α⁵,α⁴,0,0,0,0,1,0,0
1952,α⁵,α⁴,α⁵,0,0,0,0,1,0,0
1953,1,α,α⁷,0,0,0,0,1,0,0
1954,α⁷,α³,1,0,0,0,0,1,0,0
1955,0,α⁷,α,α,0,0,0,0,α,0
1956,0,1,α⁶,α³,0,0,0,0,α,0
1957,0,α⁵,1,α⁴,0,0,0,0,α,0
1958,0,α⁴,α⁴,α⁵,0,0,0,0,α,0
1959,0,α,α⁵,α⁷,0,0,0,0,α,0
1960,0,α³,α²,1,0,0,0,0,α,0
1961,0,α⁴,α³,α,0,0,0,0,α²,0
1962,0,1,α²,α²,0,0,0,0,α²,0
1963,0,α,α⁷,α⁴,0,0,0,0,α²,0
1964,0,α⁶,α,α⁵,0,0,0,0,α²,0
1965,0,α⁵,α⁵,α⁶,0,0,0,0,α²,0
1966,0,α²,α⁶,1,0,0,0,0,α²,0
1967,0,α³,α⁷,α,0,0,0,0,α³,0
1968,0,α⁵,α⁴,α²,0,0,0,0,α³,0
1969,0,α,α³,α³,0,0,0,0,α³,0
1970,0,α²,1,α⁵,0,0,0,0,α³,0
1971,0,α⁷,α²,α⁶,0,0,0,0,α³,0
1972,0,α⁶,α⁶,α⁷,0,0,0,0,α³,0
1973,0,α⁴,1,α²,0,0,0,0,α⁴,0
1974,0,α⁶,α⁵,α³,0,0,0,0,α⁴,0
1975,0,α²,α⁴,α⁴,0,0,0,0,α⁴,0
1976,0,α³,α,α⁶,0,0,0,0,α⁴,0
1977,0,1,α³,α⁷,0,0,0,0,α⁴,0
1978,0,α⁷,α⁷,1,0,0,0,0,α⁴,0
1979,0,1,1,α,0,0,0,0,α⁵,0
1980,0,α⁵,α,α³,0,0,0,0,α⁵,0
1981,0,α⁷,α⁶,α⁴,0,0,0,0,α⁵,0
1982,0,α³,α⁵,α⁵,0,0,0,0,α⁵,0
1983,0,α⁴,α²,α⁷,0,0,0,0,α⁵,0
1984,0,α,α⁴,1,0,0,0,0,α⁵,0
1985,0,α²,α⁵,α,0,0,0,0,α⁶,0
1986,0,α,α,α²,0,0,0,0,α⁶,0
1987,0,α⁶,α²,α⁴,0,0,0,0,α⁶,0
1988,0,1,α⁷,α⁵,0,0,0,0,α⁶,0
1989,0,α⁴,α⁶,α⁶,0,0,0,0,α⁶,0
1990,0,α⁵,α³,1,0,0,0,0,α⁶,0
1991,0,α⁶,α⁴,α,0,0,0,0,α⁷,0
1992,0,α³,α⁶,α²,0,0,0,0,α⁷,0
1993,0,α²,α²,α³,0,0,0,0,α⁷,0
1994,0,α⁷,α³,α⁵,0,0,0,0,α⁷,0
1995,0,α,1,α⁶,0,0,0,0,α⁷,0
1996,0,α⁵,α⁷,α⁷,0,0,0,0,α⁷,0
1997,0,α⁷,α⁵,α²,0,0,0,0,1,0
1998,0,α⁴,α⁷,α³,0,0,0,0,1,0
1999,0,α³,α³,α⁴,0,0,0,0,1,0
2000,0,1,α⁴,α⁶,0,0,0,0,1,0
2001,0,α²,α,α⁷,0,0,0,0,1,0
2002,0,α⁶,1,1,0,0,0,0,1,0
2003,0,0,α⁶,α⁵,α,0,0,0,0,α
2004,0,0,α,α⁴,α²,0,0,0,0,α
2005,0,0,α⁴,α,α⁴,0,0,0,0,α
2006,0,0,α³,α³,α⁵,0,0,0,0,α
2007,0,0,1,α²,α⁷,0,0,0,0,α
2008,0,0,α²,1,1,0,0,0,0,α
2009,0,0,α³,α,α,0,0,0,0,α²
2010,0,0,α⁷,α⁶,α²,0,0,0,0,α²
2011,0,0,α²,α⁵,α³,0,0,0,0,α²
2012,0,0,α⁵,α²,α⁵,0,0,0,0,α²
2013,0,0,α⁴,α⁴,α⁶,0,0,0,0,α²
2014,0,0,α,α³,1,0,0,0,0,α²
2015,0,0,α²,α⁴,α,0,0,0,0,α³
2016,0,0,α⁴,α²,α²,0,0,0,0,α³
2017,0,0,1,α⁷,α³,0,0,0,0,α³
2018,0,0,α³,α⁶,α⁴,0,0,0,0,α³
2019,0,0,α⁶,α³,α⁶,0,0,0,0,α³
2020,0,0,α⁵,α⁵,α⁷,0,0,0,0,α³
2021,0,0,α³,α⁵,α²,0,0,0,0,α⁴
2022,0,0,α⁵,α³,α³,0,0,0,0,α⁴
2023,0,0,α,1,α⁴,0,0,0,0,α⁴
2024,0,0,α⁴,α⁷,α⁵,0,0,0,0,α⁴
2025,0,0,α⁷,α⁴,α⁷,0,0,0,0,α⁴
2026,0,0,α⁶,α⁶,1,0,0,0,0,α⁴
2027,0,0,α⁷,α⁷,α,0,0,0,0,α⁵
2028,0,0,α⁴,α⁶,α³,0,0,0,0,α⁵
2029,0,0,α⁶,α⁴,α⁴,0,0,0,0,α⁵
2030,0,0,α²,α,α⁵,0,0,0,0,α⁵
2031,0,0,α⁵,1,α⁶,0,0,0,0,α⁵
2032,0,0,1,α⁵,1,0,0,0,0,α⁵
2033,0,0,α,α⁶,α,0,0,0,0,α⁶
2034,0,0,1,1,α²,0,0,0,0,α⁶
2035,0,0,α⁵,α⁷,α⁴,0,0,0,0,α⁶
2036,0,0,α⁷,α⁵,α⁵,0,0,0,0,α⁶
2037,0,0,α³,α²,α⁶,0,0,0,0,α⁶
2038,0,0,α⁶,α,α⁷,0,0,0,0,α⁶
2039,0,0,α²,α⁷,α²,0,0,0,0,α⁷
2040,0,0,α,α,α³,0,0,0,0,α⁷
2041,0,0,α⁶,1,α⁵,0,0,0,0,α⁷
2042,0,0,1,α⁶,α⁶,0,0,0,0,α⁷
2043,0,0,α⁴,α³,α⁷,0,0,0,0,α⁷
2044,0,0,α⁷,α²,1,0,0,0,0,α⁷
2045,0,0,1,α³,α,0,0,0,0,1
2046,0,0,α³,1,α³,0,0,0,0,1
2047,0,0,α²,α²,α⁴,0,0,0,0,1
2048,0,0,α⁷,α,α⁶,0,0,0,0,1
2049,0,0,α,α⁷,α⁷,0,0,0,0,1
2050,1,0,0,α⁶,α,α,0,0,0,0
2051,α²,0,0,α²,α²,α,0,0,0,0
2052,α⁶,0,0,α⁵,α³,α,0,0,0,0
2053,α,0,0,α³,α⁴,α,0,0,0,0
2054,α⁷,0,0,1,α⁵,α,0,0,0,0
2055,α⁴,0,0,α⁷,α⁶,α,0,0,0,0
2056,α,0,0,α⁷,α²,α²,0,0,0,0
2057,α³,0,0,α³,α³,α²,0,0,0,0
2058,α⁷,0,0,α⁶,α⁴,α²,0,0,0,0
2059,α²,0,0,α⁴,α⁵,α²,0,0,0,0
2060,1,0,0,α,α⁶,α²,0,0,0,0
2061,α⁵,0,0,1,α⁷,α²,0,0,0,0
2062,α²,0,0,1,α³,α³,0,0,0,0
2063,α⁴,0,0,α⁴,α⁴,α³,0,0,0,0
2064,1,0,0,α⁷,α⁵,α³,0,0,0,0
2065,α³,0,0,α⁵,α⁶,α³,0,0,0,0
2066,α,0,0,α²,α⁷,α³,0,0,0,0
2067,α⁶,0,0,α,1,α³,0,0,0,0
2068,α⁷,0,0,α²,α,α⁴,0,0,0,0
2069,α³,0,0,α,α⁴,α⁴,0,0,0,0
2070,α,0,0,1,α⁶,α⁴,0,0,0,0
2071,α⁴,0,0,α⁶,α⁷,α⁴,0,0,0,0
2072,α²,0,0,α³,1,α⁴,0,0,0,0
2073,α³,0,0,α⁴,α,α⁵,0,0,0,0
2074,1,0,0,α³,α²,α⁵,0,0,0,0
2075,α⁴,0,0,α²,α⁵,α⁵,0,0,0,0
2076,α⁶,0,0,α⁶,α⁶,α⁵,0,0,0,0
2077,α²,0,0,α,α⁷,α⁵,0,0,0,0
2078,α⁵,0,0,α⁷,1,α⁵,0,0,0,0
2079,α⁶,0,0,1,α,α⁶,0,0,0,0
2080,α⁴,0,0,α⁵,α²,α⁶,0,0,0,0
2081,α,0,0,α⁴,α³,α⁶,0,0,0,0
2082,α⁵,0,0,α³,α⁶,α⁶,0,0,0,0
2083,α⁷,0,0,α⁷,α⁷,α⁶,0,0,0,0
2084,α³,0,0,α²,1,α⁶,0,0,0,0
2085,α⁴,0,0,α³,α,α⁷,0,0,0,0
2086,α⁷,0,0,α,α²,α⁷,0,0,0,0
2087,α⁵,0,0,α⁶,α³,α⁷,0,0,0,0
2088,α²,0,0,α⁵,α⁴,α⁷,0,0,0,0
2089,α⁶,0,0,α⁴,α⁷,α⁷,0,0,0,0
2090,1,0,0,1,1,α⁷,0,0,0,0
2091,α,0,0,α,α,1,0,0,0,0
2092,α⁵,0,0,α⁴,α²,1,0,0,0,0
2093,1,0,0,α²,α³,1,0,0,0,0
2094,α⁶,0,0,α⁷,α⁴,1,0,0,0,0
2095,α³,0,0,α⁶,α⁵,1,0,0,0,0
2096,α⁷,0,0,α⁵,1,1,0,0,0,0
2097,0,α⁷,0,0,1,α,α,0,0,0
2098,0,α,0,0,α³,α²,α,0,0,0
2099,0,α⁵,0,0,α,α³,α,0,0,0
2100,0,1,0,0,α⁶,α⁴,α,0,0,0
2101,0,α⁶,0,0,α⁵,α⁵,α,0,0,0
2102,0,α²,0,0,α²,α⁷,α,0,0,0
2103,0,1,0,0,α,α²,α²,0,0,0
2104,0,α²,0,0,α⁴,α³,α²,0,0,0
2105,0,α⁶,0,0,α²,α⁴,α²,0,0,0
2106,0,α,0,0,α⁷,α⁵,α²,0,0,0
2107,0,α⁷,0,0,α⁶,α⁶,α²,0,0,0
2108,0,α³,0,0,α³,1,α²,0,0,0
2109,0,α⁴,0,0,α⁴,α,α³,0,0,0
2110,0,α,0,0,α²,α³,α³,0,0,0
2111,0,α³,0,0,α⁵,α⁴,α³,0,0,0
2112,0,α⁷,0,0,α³,α⁵,α³,0,0,0
2113,0,α²,0,0,1,α⁶,α³,0,0,0
2114,0,1,0,0,α⁷,α⁷,α³,0,0,0
2115,0,α⁵,0,0,α⁵,α²,α⁴,0,0,0
2116,0,α²,0,0,α³,α⁴,α⁴,0,0,0
2117,0,α⁴,0,0,α⁶,α⁵,α⁴,0,0,0
2118,0,1,0,0,α⁴,α⁶,α⁴,0,0,0
2119,0,α³,0,0,α,α⁷,α⁴,0,0,0
2120,0,α,0,0,1,1,α⁴,0,0,0
2121,0,α²,0,0,α,α,α⁵,0,0,0
2122,0,α⁶,0,0,α⁶,α³,α⁵,0,0,0
2123,0,α³,0,0,α⁴,α⁵,α⁵,0,0,0
2124,0,α⁵,0,0,α⁷,α⁶,α⁵,0,0,0
2125,0,α,0,0,α⁵,α⁷,α⁵,0,0,0
2126,0,α⁴,0,0,α²,1,α⁵,0,0,0
2127,0,α⁵,0,0,α³,α,α⁶,0,0,0
2128,0,α³,0,0,α²,α²,α⁶,0,0,0
2129,0,α⁷,0,0,α⁷,α⁴,α⁶,0,0,0
2130,0,α⁴,0,0,α⁵,α⁶,α⁶,0,0,0
2131,0,α⁶,0,0,1,α⁷,α⁶,0,0,0
2132,0,α²,0,0,α⁶,1,α⁶,0,0,0
2133,0,α³,0,0,α⁷,α,α⁷,0,0,0
2134,0,α⁶,0,0,α⁴,α²,α⁷,0,0,0
2135,0,α⁴,0,0,α³,α³,α⁷,0,0,0
2136,0,1,0,0,1,α⁵,α⁷,0,0,0
2137,0,α⁵,0,0,α⁶,α⁷,α⁷,0,0,0
2138,0,α⁷,0,0,α,1,α⁷,0,0,0
2139,0,1,0,0,α²,α,1,0,0,0
2140,0,α⁴,0,0,1,α²,1,0,0,0
2141,0,α⁷,0,0,α⁵,α³,1,0,0,0
2142,0,α⁵,0,0,α⁴,α⁴,1,0,0,0
2143,0,α,0,0,α,α⁶,1,0,0,0
2144,0,α⁶,0,0,α⁷,1,1,0,0,0
2145,0,0,1,0,0,α²,α,α,0,0
2146,0,0,α²,0,0,α⁷,α²,α,0,0
2147,0,0,α⁶,0,0,α⁶,α³,α,0,0
2148,0,0,α⁷,0,0,α³,α⁵,α,0,0
2149,0,0,α⁴,0,0,α⁵,α⁶,α,0,0
2150,0,0,α³,0,0,α,α⁷,α,0,0
2151,0,0,α,0,0,α³,α²,α²,0,0
2152,0,0,α³,0,0,1,α³,α²,0,0
2153,0,0,α⁷,0,0,α⁷,α⁴,α²,0,0
2154,0,0,1,0,0,α⁴,α⁶,α²,0,0
2155,0,0,α⁵,0,0,α⁶,α⁷,α²,0,0
2156,0,0,α⁴,0,0,α²,1,α²,0,0
2157,0,0,α⁵,0,0,α³,α,α³,0,0
2158,0,0,α²,0,0,α⁴,α³,α³,0,0
2159,0,0,α⁴,0,0,α,α⁴,α³,0,0
2160,0,0,1,0,0,1,α⁵,α³,0,0
2161,0,0,α,0,0,α⁵,α⁷,α³,0,0
2162,0,0,α⁶,0,0,α⁷,1,α³,0,0
2163,0,0,α⁷,0,0,1,α,α⁴,0,0
2164,0,0,α⁶,0,0,α⁴,α²,α⁴,0,0
2165,0,0,α³,0,0,α⁵,α⁴,α⁴,0,0
2166,0,0,α⁵,0,0,α²,α⁵,α⁴,0,0
2167,0,0,α,0,0,α,α⁶,α⁴,0,0
2168,0,0,α²,0,0,α⁶,1,α⁴,0,0
2169,0,0,α³,0,0,α⁷,α,α⁵,0,0
2170,0,0,1,0,0,α,α²,α⁵,0,0
2171,0,0,α⁷,0,0,α⁵,α³,α⁵,0,0
2172,0,0,α⁴,0,0,α⁶,α⁵,α⁵,0,0
2173,0,0,α⁶,0,0,α³,α⁶,α⁵,0,0
2174,0,0,α²,0,0,α²,α⁷,α⁵,0,0
2175,0,0,α⁴,0,0,1,α²,α⁶,0,0
2176,0,0,α,0,0,α²,α³,α⁶,0,0
2177,0,0,1,0,0,α⁶,α⁴,α⁶,0,0
2178,0,0,α⁵,0,0,α⁷,α⁶,α⁶,0,0
2179,0,0,α⁷,0,0,α⁴,α⁷,α⁶,0,0
2180,0,0,α³,0,0,α³,1,α⁶,0,0
2181,0,0,α⁴,0,0,α⁴,α,α⁷,0,0
2182,0,0,α⁵,0,0,α,α³,α⁷,0,0
2183,0,0,α²,0,0,α³,α⁴,α⁷,0,0
2184,0,0,α,0,0,α⁷,α⁵,α⁷,0,0
2185,0,0,α⁶,0,0,1,α⁷,α⁷,0,0
2186,0,0,1,0,0,α⁵,1,α⁷,0,0
2187,0,0,α,0,0,α⁶,α,1,0,0
2188,0,0,α⁵,0,0,α⁵,α²,1,0,0
2189,0,0,α⁶,0,0,α²,α⁴,1,0,0
2190,0,0,α³,0,0,α⁴,α⁵,1,0,0
2191,0,0,α²,0,0,1,α⁶,1,0,0
2192,0,0,α⁷,0,0,α,1,1,0,0
2193,0,0,0,1,0,0,α²,α,α,0
2194,0,0,0,α²,0,0,α⁷,α²,α,0
2195,0,0,0,α⁶,0,0,α⁶,α³,α,0
2196,0,0,0,α⁷,0,0,α³,α⁵,α,0
2197,0,0,0,α⁴,0,0,α⁵,α⁶,α,0
2198,0,0,0,α³,0,0,α,α⁷,α,0
2199,0,0,0,α,0,0,α³,α²,α²,0
2200,0,0,0,α³,0,0,1,α³,α²,0
2201,0,0,0,α⁷,0,0,α⁷,α⁴,α²,0
2202,0,0,0,1,0,0,α⁴,α⁶,α²,0
2203,0,0,0,α⁵,0,0,α⁶,α⁷,α²,0
2204,0,0,0,α⁴,0,0,α²,1,α²,0
2205,0,0,0,α⁵,0,0,α³,α,α³,0
2206,0,0,0,α²,0,0,α⁴,α³,α³,0
2207,0,0,0,α⁴,0,0,α,α⁴,α³,0
2208,0,0,0,1,0,0,1,α⁵,α³,0
2209,0,0,0,α,0,0,α⁵,α⁷,α³,0
2210,0,0,0,α⁶,0,0,α⁷,1,α³,0
2211,0,0,0,α⁷,0,0,1,α,α⁴,0
2212,0,0,0,α⁶,0,0,α⁴,α²,α⁴,0
2213,0,0,0,α³,0,0,α⁵,α⁴,α⁴,0
2214,0,0,0,α⁵,0,0,α²,α⁵,α⁴,0
2215,0,0,0,α,0,0,α,α⁶,α⁴,0
2216,0,0,0,α²,0,0,α⁶,1,α⁴,0
2217,0,0,0,α³,0,0,α⁷,α,α⁵,0
2218,0,0,0,1,0,0,α,α²,α⁵,0
2219,0,0,0,α⁷,0,0,α⁵,α³,α⁵,0
2220,0,0,0,α⁴,0,0,α⁶,α⁵,α⁵,0
2221,0,0,0,α⁶,0,0,α³,α⁶,α⁵,0
2222,0,0,0,α²,0,0,α²,α⁷,α⁵,0
2223,0,0,0,α⁴,0,0,1,α²,α⁶,0
2224,0,0,0,α,0,0,α²,α³,α⁶,0
2225,0,0,0,1,0,0,α⁶,α⁴,α⁶,0
2226,0,0,0,α⁵,0,0,α⁷,α⁶,α⁶,0
2227,0,0,0,α⁷,0,0,α⁴,α⁷,α⁶,0
2228,0,0,0,α³,0,0,α³,1,α⁶,0
2229,0,0,0,α⁴,0,0,α⁴,α,α⁷,0
2230,0,0,0,α⁵,0,0,α,α³,α⁷,0
2231,0,0,0,α²,0,0,α³,α⁴,α⁷,0
2232,0,0,0,α,0,0,α⁷,α⁵,α⁷,0
2233,0,0,0,α⁶,0,0,1,α⁷,α⁷,0
2234,0,0,0,1,0,0,α⁵,1,α⁷,0
2235,0,0,0,α,0,0,α⁶,α,1,0
2236,0,0,0,α⁵,0,0,α⁵,α²,1,0
2237,0,0,0,α⁶,0,0,α²,α⁴,1,0
2238,0,0,0,α³,0,0,α⁴,α⁵,1,0
2239,0,0,0,α²,0,0,1,α⁶,1,0
2240,0,0,0,α⁷,0,0,α,1,1,0
2241,0,0,0,0,1,0,0,α²,α,α
2242,0,0,0,0,α²,0,0,α⁷,α²,α
2243,0,0,0,0,α⁶,0,0,α⁶,α³,α
2244,0,0,0,0,α⁷,0,0,α³,α⁵,α
2245,0,0,0,0,α⁴,0,0,α⁵,α⁶,α
2246,0,0,0,0,α³,0,0,α,α⁷,α
2247,0,0,0,0,α,0,0,α³,α²,α²
2248,0,0,0,0,α³,0,0,1,α³,α²
2249,0,0,0,0,α⁷,0,0,α⁷,α⁴,α²
2250,0,0,0,0,1,0,0,α⁴,α⁶,α²
2251,0,0,0,0,α⁵,0,0,α⁶,α⁷,α²
2252,0,0,0,0,α⁴,0,0,α²,1,α²
2253,0,0,0,0,α⁵,0,0,α³,α,α³
2254,0,0,0,0,α²,0,0,α⁴,α³,α³
2255,0,0,0,0,α⁴,0,0,α,α⁴,α³
2256,0,0,0,0,1,0,0,1,α⁵,α³
2257,0,0,0,0,α,0,0,α⁵,α⁷,α³
2258,0,0,0,0,α⁶,0,0,α⁷,1,α³
2259,0,0,0,0,α⁷,0,0,1,α,α⁴
2260,0,0,0,0,α⁶,0,0,α⁴,α²,α⁴
2261,0,0,0,0,α³,0,0,α⁵,α⁴,α⁴
2262,0,0,0,0,α⁵,0,0,α²,α⁵,α⁴
2263,0,0,0,0,α,0,0,α,α⁶,α⁴
2264,0,0,0,0,α²,0,0,α⁶,1,α⁴
2265,0,0,0,0,α³,0,0,α⁷,α,α⁵
2266,0,0,0,0,1,0,0,α,α²,α⁵
2267,0,0,0,0,α⁷,0,0,α⁵,α³,α⁵
2268,0,0,0,0,α⁴,0,0,α⁶,α⁵,α⁵
2269,0,0,0,0,α⁶,0,0,α³,α⁶,α⁵
2270,0,0,0,0,α²,0,0,α²,α⁷,α⁵
2271,0,0,0,0,α⁴,0,0,1,α²,α⁶
2272,0,0,0,0,α,0,0,α²,α³,α⁶
2273,0,0,0,0,1,0,0,α⁶,α⁴,α⁶
2274,0,0,0,0,α⁵,0,0,α⁷,α⁶,α⁶
2275,0,0,0,0,α⁷,0,0,α⁴,α⁷,α⁶
2276,0,0,0,0,α³,0,0,α³,1,α⁶
2277,0,0,0,0,α⁴,0,0,α⁴,α,α⁷
2278,0,0,0,0,α⁵,0,0,α,α³,α⁷
2279,0,0,0,0,α²,0,0,α³,α⁴,α⁷
2280,0,0,0,0,α,0,0,α⁷,α⁵,α⁷
2281,0,0,0,0,α⁶,0,0,1,α⁷,α⁷
2282,0,0,0,0,1,0,0,α⁵,1,α⁷
2283,0,0,0,0,α,0,0,α⁶,α,1
2284,0,0,0,0,α⁵,0,0,α⁵,α²,1
2285,0,0,0,0,α⁶,0,0,α²,α⁴,1
2286,0,0,0,0,α³,0,0,α⁴,α⁵,1
2287,0,0,0,0,α²,0,0,1,α⁶,1
2288,0,0,0,0,α⁷,0,0,α,1,1
2289,α³,0,0,0,0,α⁶,0,0,α²,α
2290,α⁵,0,0,0,0,α,0,0,α³,α
2291,α,0,0,0,0,α⁷,0,0,α⁴,α
2292,α⁴,0,0,0,0,α⁴,0,0,α⁵,α
2293,α²,0,0,0,0,α³,0,0,α⁶,α
2294,α⁶,0,0,0,0,1,0,0,1,α
2295,α⁷,0,0,0,0,α,0,0,α,α²
2296,α⁴,0,0,0,0,α⁷,0,0,α³,α²
2297,α⁶,0,0,0,0,α²,0,0,α⁴,α²
2298,α²,0,0,0,0,1,0,0,α⁵,α²
2299,α⁵,0,0,0,0,α⁵,0,0,α⁶,α²
2300,α³,0,0,0,0,α⁴,0,0,α⁷,α²
2301,1,0,0,0,0,α²,0,0,α²,α³
2302,α⁵,0,0,0,0,1,0,0,α⁴,α³
2303,α⁷,0,0,0,0,α³,0,0,α⁵,α³
2304,α³,0,0,0,0,α,0,0,α⁶,α³
2305,α⁶,0,0,0,0,α⁶,0,0,α⁷,α³
2306,α⁴,0,0,0,0,α⁵,0,0,1,α³
2307,α⁵,0,0,0,0,α⁶,0,0,α,α⁴
2308,α,0,0,0,0,α³,0,0,α³,α⁴
2309,α⁶,0,0,0,0,α,0,0,α⁵,α⁴
2310,1,0,0,0,0,α⁴,0,0,α⁶,α⁴
2311,α⁴,0,0,0,0,α²,0,0,α⁷,α⁴
2312,α⁷,0,0,0,0,α⁷,0,0,1,α⁴
2313,1,0,0,0,0,1,0,0,α,α⁵
2314,α⁶,0,0,0,0,α⁷,0,0,α²,α⁵
2315,α²,0,0,0,0,α⁴,0,0,α⁴,α⁵
2316,α⁷,0,0,0,0,α²,0,0,α⁶,α⁵
2317,α,0,0,0,0,α⁵,0,0,α⁷,α⁵
2318,α⁵,0,0,0,0,α³,0,0,1,α⁵
2319,α⁶,0,0,0,0,α⁴,0,0,α,α⁶
2320,α,0,0,0,0,α,0,0,α²,α⁶
2321,α⁷,0,0,0,0,1,0,0,α³,α⁶
2322,α³,0,0,0,0,α⁵,0,0,α⁵,α⁶
2323,1,0,0,0,0,α³,0,0,α⁷,α⁶
2324,α²,0,0,0,0,α⁶,0,0,1,α⁶
2325,α³,0,0,0,0,α⁷,0,0,α,α⁷
2326,α⁷,0,0,0,0,α⁵,0,0,α²,α⁷
2327,α²,0,0,0,0,α²,0,0,α³,α⁷
2328,1,0,0,0,0,α,0,0,α⁴,α⁷
2329,α⁴,0,0,0,0,α⁶,0,0,α⁶,α⁷
2330,α,0,0,0,0,α⁴,0,0,1,α⁷
2331,α⁴,0,0,0,0,1,0,0,α²,1
2332,1,0,0,0,0,α⁶,0,0,α³,1
2333,α³,0,0,0,0,α³,0,0,α⁴,1
2334,α,0,0,0,0,α²,0,0,α⁵,1
2335,α⁵,0,0,0,0,α⁷,0,0,α⁷,1
2336,α⁷,α²,0,0,0,0,α,0,0,α
2337,α,α,0,0,0,0,α²,0,0,α
2338,1,α⁶,0,0,0,0,α⁴,0,0,α
2339,α⁶,1,0,0,0,0,α⁵,0,0,α
2340,α³,α⁴,0,0,0,0,α⁶,0,0,α
2341,α²,α⁷,0,0,0,0,α⁷,0,0,α
2342,1,α³,0,0,0,0,α²,0,0,α²
2343,α²,α²,0,0,0,0,α³,0,0,α²
2344,α,α⁷,0,0,0,0,α⁵,0,0,α²
2345,α⁷,α,0,0,0,0,α⁶,0,0,α²
2346,α⁴,α⁵,0,0,0,0,α⁷,0,0,α²
2347,α³,1,0,0,0,0,1,0,0,α²
2348,α⁴,α,0,0,0,0,α,0,0,α³
2349,α,α⁴,0,0,0,0,α³,0,0,α³
2350,α³,α³,0,0,0,0,α⁴,0,0,α³
2351,α²,1,0,0,0,0,α⁶,0,0,α³
2352,1,α²,0,0,0,0,α⁷,0,0,α³
2353,α⁵,α⁶,0,0,0,0,1,0,0,α³
2354,α⁶,α⁷,0,0,0,0,α,0,0,α⁴
2355,α⁵,α²,0,0,0,0,α²,0,0,α⁴
2356,α²,α⁵,0,0,0,0,α⁴,0,0,α⁴
2357,α⁴,α⁴,0,0,0,0,α⁵,0,0,α⁴
2358,α³,α,0,0,0,0,α⁷,0,0,α⁴
2359,α,α³,0,0,0,0,1,0,0,α⁴
2360,α²,α⁴,0,0,0,0,α,0,0,α⁵
2361,α⁷,1,0,0,0,0,α²,0,0,α⁵
2362,α⁶,α³,0,0,0,0,α³,0,0,α⁵
2363,α³,α⁶,0,0,0,0,α⁵,0,0,α⁵
2364,α⁵,α⁵,0,0,0,0,α⁶,0,0,α⁵
2365,α⁴,α²,0,0,0,0,1,0,0,α⁵
2366,α⁵,α³,0,0,0,0,α,0,0,α⁶
2367,α³,α⁵,0,0,0,0,α²,0,0,α⁶
2368,1,α,0,0,0,0,α³,0,0,α⁶
2369,α⁷,α⁴,0,0,0,0,α⁴,0,0,α⁶
2370,α⁴,α⁷,0,0,0,0,α⁶,0,0,α⁶
2371,α⁶,α⁶,0,0,0,0,α⁷,0,0,α⁶
2372,α⁶,α⁴,0,0,0,0,α²,0,0,α⁷
2373,α⁴,α⁶,0,0,0,0,α³,0,0,α⁷
2374,α,α²,0,0,0,0,α⁴,0,0,α⁷
2375,1,α⁵,0,0,0,0,α⁵,0,0,α⁷
2376,α⁵,1,0,0,0,0,α⁷,0,0,α⁷
2377,1,1,0,0,0,0,α,0,0,1
2378,α⁷,α⁵,0,0,0,0,α³,0,0,1
2379,α⁵,α⁷,0,0,0,0,α⁴,0,0,1
2380,α²,α³,0,0,0,0,α⁵,0,0,1
2381,α,α⁶,0,0,0,0,α⁶,0,0,1
2382,α⁶,α,0,0,0,0,1,0,0,1
2383,α,α⁴,α²,0,0,0,0,0,α,0
2384,α⁶,α²,α⁴,0,0,0,0,0,α,0
2385,1,α⁵,α⁵,0,0,0,0,0,α,0
2386,α⁴,α³,α⁶,0,0,0,0,0,α,0
2387,α⁷,1,α⁷,0,0,0,0,0,α,0
2388,α⁵,α⁷,1,0,0,0,0,0,α,0
2389,α⁶,1,α,0,0,0,0,0,α²,0
2390,α²,α⁵,α³,0,0,0,0,0,α²,0
2391,α⁷,α³,α⁵,0,0,0,0,0,α²,0
2392,α,α⁶,α⁶,0,0,0,0,0,α²,0
2393,α⁵,α⁴,α⁷,0,0,0,0,0,α²,0
2394,1,α,1,0,0,0,0,0,α²,0
2395,α,α²,α,0,0,0,0,0,α³,0
2396,α⁷,α,α²,0,0,0,0,0,α³,0
2397,α³,α⁶,α⁴,0,0,0,0,0,α³,0
2398,1,α⁴,α⁶,0,0,0,0,0,α³,0
2399,α²,α⁷,α⁷,0,0,0,0,0,α³,0
2400,α⁶,α⁵,1,0,0,0,0,0,α³,0
2401,α⁷,α⁶,α,0,0,0,0,0,α⁴,0
2402,α²,α³,α²,0,0,0,0,0,α⁴,0
2403,1,α²,α³,0,0,0,0,0,α⁴,0
2404,α⁴,α⁷,α⁵,0,0,0,0,0,α⁴,0
2405,α,α⁵,α⁷,0,0,0,0,0,α⁴,0
2406,α³,1,1,0,0,0,0,0,α⁴,0
2407,α⁴,α,α,0,0,0,0,0,α⁵,0
2408,1,α⁷,α²,0,0,0,0,0,α⁵,0
2409,α³,α⁴,α³,0,0,0,0,0,α⁵,0
2410,α,α³,α⁴,0,0,0,0,0,α⁵,0
2411,α⁵,1,α⁶,0,0,0,0,0,α⁵,0
2412,α²,α⁶,1,0,0,0,0,0,α⁵,0
2413,α³,α⁷,α,0,0,0,0,0,α⁶,0
2414,α⁵,α²,α²,0,0,0,0,0,α⁶,0
2415,α,1,α³,0,0,0,0,0,α⁶,0
2416,α⁴,α⁵,α⁴,0,0,0,0,0,α⁶,0
2417,α²,α⁴,α⁵,0,0,0,0,0,α⁶,0
2418,α⁶,α,α⁷,0,0,0,0,0,α⁶,0
2419,α⁴,1,α²,0,0,0,0,0,α⁷,0
2420,α⁶,α³,α³,0,0,0,0,0,α⁷,0
2421,α²,α,α⁴,0,0,0,0,0,α⁷,0
2422,α⁵,α⁶,α⁵,0,0,0,0,0,α⁷,0
2423,α³,α⁵,α⁶,0,0,0,0,0,α⁷,0
2424,α⁷,α²,1,0,0,0,0,0,α⁷,0
2425,1,α³,α,0,0,0,0,0,1,0
2426,α⁵,α,α³,0,0,0,0,0,1,0
2427,α⁷,α⁴,α⁴,0,0,0,0,0,1,0
2428,α³,α²,α⁵,0,0,0,0,0,1,0
2429,α⁶,α⁷,α⁶,0,0,0,0,0,1,0
2430,α⁴,α⁶,α⁷,0,0,0,0,0,1,0
2431,0,α⁷,α³,α,0,0,0,0,0,α
2432,0,α²,α²,α²,0,0,0,0,0,α
2433,0,α⁵,α⁷,α⁴,0,0,0,0,0,α
2434,0,α⁴,α,α⁵,0,0,0,0,0,α
2435,0,α,1,α⁷,0,0,0,0,0,α
2436,0,α³,α⁶,1,0,0,0,0,0,α
2437,0,α⁴,α⁷,α,0,0,0,0,0,α²
2438,0,1,α⁴,α²,0,0,0,0,0,α²
2439,0,α³,α³,α³,0,0,0,0,0,α²
2440,0,α⁶,1,α⁵,0,0,0,0,0,α²
2441,0,α⁵,α²,α⁶,0,0,0,0,0,α²
2442,0,α²,α,1,0,0,0,0,0,α²
2443,0,α³,α²,α,0,0,0,0,0,α³
2444,0,α⁵,1,α²,0,0,0,0,0,α³
2445,0,α,α⁵,α³,0,0,0,0,0,α³
2446,0,α⁴,α⁴,α⁴,0,0,0,0,0,α³
2447,0,α⁷,α,α⁶,0,0,0,0,0,α³
2448,0,α⁶,α³,α⁷,0,0,0,0,0,α³
2449,0,α⁴,α³,α²,0,0,0,0,0,α⁴
2450,0,α⁶,α,α³,0,0,0,0,0,α⁴
2451,0,α²,α⁶,α⁴,0,0,0,0,0,α⁴
2452,0,α⁵,α⁵,α⁵,0,0,0,0,0,α⁴
2453,0,1,α²,α⁷,0,0,0,0,0,α⁴
2454,0,α⁷,α⁴,1,0,0,0,0,0,α⁴
2455,0,1,α⁵,α,0,0,0,0,0,α⁵
2456,0,α⁵,α⁴,α³,0,0,0,0,0,α⁵
2457,0,α⁷,α²,α⁴,0,0,0,0,0,α⁵
2458,0,α³,α⁷,α⁵,0,0,0,0,0,α⁵
2459,0,α⁶,α⁶,α⁶,0,0,0,0,0,α⁵
2460,0,α,α³,1,0,0,0,0,0,α⁵
2461,0,α²,α⁴,α,0,0,0,0,0,α⁶
2462,0,α,α⁶,α²,0,0,0,0,0,α⁶
2463,0,α⁶,α⁵,α⁴,0,0,0,0,0,α⁶
2464,0,1,α³,α⁵,0,0,0,0,0,α⁶
2465,0,α⁴,1,α⁶,0,0,0,0,0,α⁶
2466,0,α⁷,α⁷,α⁷,0,0,0,0,0,α⁶
2467,0,α³,α⁵,α²,0,0,0,0,0,α⁷
2468,0,α²,α⁷,α³,0,0,0,0,0,α⁷
2469,0,α⁷,α⁶,α⁵,0,0,0,0,0,α⁷
2470,0,α,α⁴,α⁶,0,0,0,0,0,α⁷
2471,0,α⁵,α,α⁷,0,0,0,0,0,α⁷
2472,0,1,1,1,0,0,0,0,0,α⁷
2473,0,α,α,α,0,0,0,0,0,1
2474,0,α⁴,α⁶,α³,0,0,0,0,0,1
2475,0,α³,1,α⁴,0,0,0,0,0,1
2476,0,1,α⁷,α⁶,0,0,0,0,0,1
2477,0,α²,α⁵,α⁷,0,0,0,0,0,1
2478,0,α⁶,α²,1,0,0,0,0,0,1
2479,α⁷,0,α⁶,α,α,0,0,0,0,0
2480,α,0,α²,α²,α,0,0,0,0,0
2481,α⁵,0,α⁵,α³,α,0,0,0,0,0
2482,1,0,α³,α⁴,α,0,0,0,0,0
2483,α⁶,0,1,α⁵,α,0,0,0,0,0
2484,α³,0,α⁷,α⁶,α,0,0,0,0,0
2485,1,0,α⁷,α²,α²,0,0,0,0,0
2486,α²,0,α³,α³,α²,0,0,0,0,0
2487,α⁶,0,α⁶,α⁴,α²,0,0,0,0,0
2488,α,0,α⁴,α⁵,α²,0,0,0,0,0
2489,α⁷,0,α,α⁶,α²,0,0,0,0,0
2490,α⁴,0,1,α⁷,α²,0,0,0,0,0
2491,α,0,1,α³,α³,0,0,0,0,0
2492,α³,0,α⁴,α⁴,α³,0,0,0,0,0
2493,α⁷,0,α⁷,α⁵,α³,0,0,0,0,0
2494,α²,0,α⁵,α⁶,α³,0,0,0,0,0
2495,1,0,α²,α⁷,α³,0,0,0,0,0
2496,α⁵,0,α,1,α³,0,0,0,0,0
2497,α⁶,0,α²,α,α⁴,0,0,0,0,0
2498,α²,0,α,α⁴,α⁴,0,0,0,0,0
2499,α⁴,0,α⁵,α⁵,α⁴,0,0,0,0,0
2500,1,0,1,α⁶,α⁴,0,0,0,0,0
2501,α³,0,α⁶,α⁷,α⁴,0,0,0,0,0
2502,α,0,α³,1,α⁴,0,0,0,0,0
2503,α²,0,α⁴,α,α⁵,0,0,0,0,0
2504,α⁷,0,α³,α²,α⁵,0,0,0,0,0
2505,α³,0,α²,α⁵,α⁵,0,0,0,0,0
2506,α⁵,0,α⁶,α⁶,α⁵,0,0,0,0,0
2507,α,0,α,α⁷,α⁵,0,0,0,0,0
2508,α⁴,0,α⁷,1,α⁵,0,0,0,0,0
2509,α⁵,0,1,α,α⁶,0,0,0,0,0
2510,α³,0,α⁵,α²,α⁶,0,0,0,0,0
2511,1,0,α⁴,α³,α⁶,0,0,0,0,0
2512,α⁴,0,α³,α⁶,α⁶,0,0,0,0,0
2513,α⁶,0,α⁷,α⁷,α⁶,0,0,0,0,0
2514,α²,0,α²,1,α⁶,0,0,0,0,0
2515,α³,0,α³,α,α⁷,0,0,0,0,0
2516,α⁶,0,α,α²,α⁷,0,0,0,0,0
2517,α⁴,0,α⁶,α³,α⁷,0,0,0,0,0
2518,α,0,α⁵,α⁴,α⁷,0,0,0,0,0
2519,α⁵,0,α⁴,α⁷,α⁷,0,0,0,0,0
2520,α⁷,0,1,1,α⁷,0,0,0,0,0
2521,1,0,α,α,1,0,0,0,0,0
2522,α⁴,0,α⁴,α²,1,0,0,0,0,0
2523,α⁷,0,α²,α³,1,0,0,0,0,0
2524,α⁵,0,α⁷,α⁴,1,0,0,0,0,0
2525,α²,0,α⁶,α⁵,1,0,0,0,0,0
2526,α⁶,0,α⁵,1,1,0,0,0,0,0
2527,0,α⁵,0,1,α,α,0,0,0,0
2528,0,α⁷,0,α³,α²,α,0,0,0,0
2529,0,α³,0,α,α³,α,0,0,0,0
2530,0,α⁶,0,α⁶,α⁴,α,0,0,0,0
2531,0,α⁴,0,α⁵,α⁵,α,0,0,0,0
2532,0,1,0,α²,α⁷,α,0,0,0,0
2533,0,α⁶,0,α,α²,α²,0,0,0,0
2534,0,1,0,α⁴,α³,α²,0,0,0,0
2535,0,α⁴,0,α²,α⁴,α²,0,0,0,0
2536,0,α⁷,0,α⁷,α⁵,α²,0,0,0,0
2537,0,α⁵,0,α⁶,α⁶,α²,0,0,0,0
2538,0,α,0,α³,1,α²,0,0,0,0
2539,0,α²,0,α⁴,α,α³,0,0,0,0
2540,0,α⁷,0,α²,α³,α³,0,0,0,0
2541,0,α,0,α⁵,α⁴,α³,0,0,0,0
2542,0,α⁵,0,α³,α⁵,α³,0,0,0,0
2543,0,1,0,1,α⁶,α³,0,0,0,0
2544,0,α⁶,0,α⁷,α⁷,α³,0,0,0,0
2545,0,α³,0,α⁵,α²,α⁴,0,0,0,0
2546,0,1,0,α³,α⁴,α⁴,0,0,0,0
2547,0,α²,0,α⁶,α⁵,α⁴,0,0,0,0
2548,0,α⁶,0,α⁴,α⁶,α⁴,0,0,0,0
2549,0,α,0,α,α⁷,α⁴,0,0,0,0
2550,0,α⁷,0,1,1,α⁴,0,0,0,0
2551,0,1,0,α,α,α⁵,0,0,0,0
2552,0,α⁴,0,α⁶,α³,α⁵,0,0,0,0
2553,0,α,0,α⁴,α⁵,α⁵,0,0,0,0
2554,0,α³,0,α⁷,α⁶,α⁵,0,0,0,0
2555,0,α⁷,0,α⁵,α⁷,α⁵,0,0,0,0
2556,0,α²,0,α²,1,α⁵,0,0,0,0
2557,0,α³,0,α³,α,α⁶,0,0,0,0
2558,0,α,0,α²,α²,α⁶,0,0,0,0
2559,0,α⁵,0,α⁷,α⁴,α⁶,0,0,0,0
2560,0,α²,0,α⁵,α⁶,α⁶,0,0,0,0
2561,0,α⁴,0,1,α⁷,α⁶,0,0,0,0
2562,0,1,0,α⁶,1,α⁶,0,0,0,0
2563,0,α,0,α⁷,α,α⁷,0,0,0,0
2564,0,α⁴,0,α⁴,α²,α⁷,0,0,0,0
2565,0,α²,0,α³,α³,α⁷,0,0,0,0
2566,0,α⁶,0,1,α⁵,α⁷,0,0,0,0
2567,0,α³,0,α⁶,α⁷,α⁷,0,0,0,0
2568,0,α⁵,0,α,1,α⁷,0,0,0,0
2569,0,α⁶,0,α²,α,1,0,0,0,0
2570,0,α²,0,1,α²,1,0,0,0,0
2571,0,α⁵,0,α⁵,α³,1,0,0,0,0
2572,0,α³,0,α⁴,α⁴,1,0,0,0,0
2573,0,α⁷,0,α,α⁶,1,0,0,0,0
2574,0,α⁴,0,α⁷,1,1,0,0,0,0
2575,0,0,α⁴,0,α,α²,α,0,0,0
2576,0,0,1,0,α³,α³,α,0,0,0
2577,0,0,α³,0,α⁷,α⁴,α,0,0,0
2578,0,0,α,0,α²,α⁵,α,0,0,0
2579,0,0,α⁶,0,1,α⁶,α,0,0,0
2580,0,0,α⁵,0,α⁵,α⁷,α,0,0,0
2581,0,0,α⁵,0,α²,α³,α²,0,0,0
2582,0,0,α,0,α⁴,α⁴,α²,0,0,0
2583,0,0,α⁴,0,1,α⁵,α²,0,0,0
2584,0,0,α²,0,α³,α⁶,α²,0,0,0
2585,0,0,α⁷,0,α,α⁷,α²,0,0,0
2586,0,0,α⁶,0,α⁶,1,α²,0,0,0
2587,0,0,α⁷,0,α⁷,α,α³,0,0,0
2588,0,0,α⁶,0,α³,α⁴,α³,0,0,0
2589,0,0,α²,0,α⁵,α⁵,α³,0,0,0
2590,0,0,α⁵,0,α,α⁶,α³,0,0,0
2591,0,0,α³,0,α⁴,α⁷,α³,0,0,0
2592,0,0,1,0,α²,1,α³,0,0,0
2593,0,0,α,0,α³,α,α⁴,0,0,0
2594,0,0,1,0,1,α²,α⁴,0,0,0
2595,0,0,α⁷,0,α⁴,α⁵,α⁴,0,0,0
2596,0,0,α³,0,α⁶,α⁶,α⁴,0,0,0
2597,0,0,α⁶,0,α²,α⁷,α⁴,0,0,0
2598,0,0,α⁴,0,α⁵,1,α⁴,0,0,0
2599,0,0,α⁵,0,α⁶,α,α⁵,0,0,0
2600,0,0,α²,0,α⁴,α²,α⁵,0,0,0
2601,0,0,α,0,α,α³,α⁵,0,0,0
2602,0,0,1,0,α⁵,α⁶,α⁵,0,0,0
2603,0,0,α⁴,0,α⁷,α⁷,α⁵,0,0,0
2604,0,0,α⁷,0,α³,1,α⁵,0,0,0
2605,0,0,1,0,α⁴,α,α⁶,0,0,0
2606,0,0,α⁶,0,α⁷,α²,α⁶,0,0,0
2607,0,0,α³,0,α⁵,α³,α⁶,0,0,0
2608,0,0,α²,0,α²,α⁴,α⁶,0,0,0
2609,0,0,α,0,α⁶,α⁷,α⁶,0,0,0
2610,0,0,α⁵,0,1,1,α⁶,0,0,0
2611,0,0,α⁶,0,α,α,α⁷,0,0,0
2612,0,0,α,0,α⁵,α²,α⁷,0,0,0
2613,0,0,α⁷,0,1,α³,α⁷,0,0,0
2614,0,0,α⁴,0,α⁶,α⁴,α⁷,0,0,0
2615,0,0,α³,0,α³,α⁵,α⁷,0,0,0
2616,0,0,α²,0,α⁷,1,α⁷,0,0,0
2617,0,0,α³,0,1,α,1,0,0,0
2618,0,0,α⁷,0,α²,α²,1,0,0,0
2619,0,0,α²,0,α⁶,α³,1,0,0,0
2620,0,0,1,0,α,α⁴,1,0,0,0
2621,0,0,α⁵,0,α⁷,α⁵,1,0,0,0
2622,0,0,α⁴,0,α⁴,α⁶,1,0,0,0
2623,0,0,0,α⁴,0,α,α²,α,0,0
2624,0,0,0,1,0,α³,α³,α,0,0
2625,0,0,0,α³,0,α⁷,α⁴,α,0,0
2626,0,0,0,α,0,α²,α⁵,α,0,0
2627,0,0,0,α⁶,0,1,α⁶,α,0,0
2628,0,0,0,α⁵,0,α⁵,α⁷,α,0,0
2629,0,0,0,α⁵,0,α²,α³,α²,0,0
2630,0,0,0,α,0,α⁴,α⁴,α²,0,0
2631,0,0,0,α⁴,0,1,α⁵,α²,0,0
2632,0,0,0,α²,0,α³,α⁶,α²,0,0
2633,0,0,0,α⁷,0,α,α⁷,α²,0,0
2634,0,0,0,α⁶,0,α⁶,1,α²,0,0
2635,0,0,0,α⁷,0,α⁷,α,α³,0,0
2636,0,0,0,α⁶,0,α³,α⁴,α³,0,0
2637,0,0,0,α²,0,α⁵,α⁵,α³,0,0
2638,0,0,0,α⁵,0,α,α⁶,α³,0,0
2639,0,0,0,α³,0,α⁴,α⁷,α³,0,0
2640,0,0,0,1,0,α²,1,α³,0,0
2641,0,0,0,α,0,α³,α,α⁴,0,0
2642,0,0,0,1,0,1,α²,α⁴,0,0
2643,0,0,0,α⁷,0,α⁴,α⁵,α⁴,0,0
2644,0,0,0,α³,0,α⁶,α⁶,α⁴,0,0
2645,0,0,0,α⁶,0,α²,α⁷,α⁴,0,0
2646,0,0,0,α⁴,0,α⁵,1,α⁴,0,0
2647,0,0,0,α⁵,0,α⁶,α,α⁵,0,0
2648,0,0,0,α²,0,α⁴,α²,α⁵,0,0
2649,0,0,0,α,0,α,α³,α⁵,0,0
2650,0,0,0,1,0,α⁵,α⁶,α⁵,0,0
2651,0,0,0,α⁴,0,α⁷,α⁷,α⁵,0,0
2652,0,0,0,α⁷,0,α³,1,α⁵,0,0
2653,0,0,0,1,0,α⁴,α,α⁶,0,0
2654,0,0,0,α⁶,0,α⁷,α²,α⁶,0,0
2655,0,0,0,α³,0,α⁵,α³,α⁶,0,0
2656,0,0,0,α²,0,α²,α⁴,α⁶,0,0
2657,0,0,0,α,0,α⁶,α⁷,α⁶,0,0
2658,0,0,0,α⁵,0,1,1,α⁶,0,0
2659,0,0,0,α⁶,0,α,α,α⁷,0,0
2660,0,0,0,α,0,α⁵,α²,α⁷,0,0
2661,0,0,0,α⁷,0,1,α³,α⁷,0,0
2662,0,0,0,α⁴,0,α⁶,α⁴,α⁷,0,0
2663,0,0,0,α³,0,α³,α⁵,α⁷,0,0
2664,0,0,0,α²,0,α⁷,1,α⁷,0,0
2665,0,0,0,α³,0,1,α,1,0,0
2666,0,0,0,α⁷,0,α²,α²,1,0,0
2667,0,0,0,α²,0,α⁶,α³,1,0,0
2668,0,0,0,1,0,α,α⁴,1,0,0
2669,0,0,0,α⁵,0,α⁷,α⁵,1,0,0
2670,0,0,0,α⁴,0,α⁴,α⁶,1,0,0
2671,0,0,0,0,α⁴,0,α,α²,α,0
2672,0,0,0,0,1,0,α³,α³,α,0
2673,0,0,0,0,α³,0,α⁷,α⁴,α,0
2674,0,0,0,0,α,0,α²,α⁵,α,0
2675,0,0,0,0,α⁶,0,1,α⁶,α,0
2676,0,0,0,0,α⁵,0,α⁵,α⁷,α,0
2677,0,0,0,0,α⁵,0,α²,α³,α²,0
2678,0,0,0,0,α,0,α⁴,α⁴,α²,0
2679,0,0,0,0,α²,0,α³,α⁶,α²,0
2680,0,0,0,0,α⁷,0,α,α⁷,α²,0
2681,0,0,0,0,α⁶,0,α⁶,1,α²,0
2682,0,0,0,0,α⁷,0,α⁷,α,α³,0
2683,0,0,0,0,α⁶,0,α³,α⁴,α³,0
2684,0,0,0,0,α²,0,α⁵,α⁵,α³,0
2685,0,0,0,0,α⁵,0,α,α⁶,α³,0
2686,0,0,0,0,1,0,α²,1,α³,0
2687,0,0,0,0,α,0,α³,α,α⁴,0
2688,0,0,0,0,1,0,1,α²,α⁴,0
2689,0,0,0,0,α⁷,0,α⁴,α⁵,α⁴,0
2690,0,0,0,0,α³,0,α⁶,α⁶,α⁴,0
2691,0,0,0,0,α⁶,0,α²,α⁷,α⁴,0
2692,0,0,0,0,α⁴,0,α⁵,1,α⁴,0
2693,0,0,0,0,α⁵,0,α⁶,α,α⁵,0
2694,0,0,0,0,α²,0,α⁴,α²,α⁵,0
2695,0,0,0,0,α,0,α,α³,α⁵,0
2696,0,0,0,0,1,0,α⁵,α⁶,α⁵,0
2697,0,0,0,0,α⁴,0,α⁷,α⁷,α⁵,0
2698,0,0,0,0,α⁷,0,α³,1,α⁵,0
2699,0,0,0,0,1,0,α⁴,α,α⁶,0
2700,0,0,0,0,α⁶,0,α⁷,α²,α⁶,0
2701,0,0,0,0,α³,0,α⁵,α³,α⁶,0
2702,0,0,0,0,α²,0,α²,α⁴,α⁶,0
2703,0,0,0,0,α,0,α⁶,α⁷,α⁶,0
2704,0,0,0,0,α⁵,0,1,1,α⁶,0
2705,0,0,0,0,α⁶,0,α,α,α⁷,0
2706,0,0,0,0,α,0,α⁵,α²,α⁷,0
2707,0,0,0,0,α⁷,0,1,α³,α⁷,0
2708,0,0,0,0,α⁴,0,α⁶,α⁴,α⁷,0
2709,0,0,0,0,α³,0,α³,α⁵,α⁷,0
2710,0,0,0,0,α²,0,α⁷,1,α⁷,0
2711,0,0,0,0,α³,0,1,α,1,0
2712,0,0,0,0,α⁷,0,α²,α²,1,0
2713,0,0,0,0,α²,0,α⁶,α³,1,0
2714,0,0,0,0,1,0,α,α⁴,1,0
2715,0,0,0,0,α⁵,0,α⁷,α⁵,1,0
2716,0,0,0,0,α⁴,0,α⁴,α⁶,1,0
2717,0,0,0,0,0,α⁴,0,α,α²,α
2718,0,0,0,0,0,1,0,α³,α³,α
2719,0,0,0,0,0,α³,0,α⁷,α⁴,α
2720,0,0,0,0,0,α,0,α²,α⁵,α
2721,0,0,0,0,0,α⁶,0,1,α⁶,α
2722,0,0,0,0,0,α⁵,0,α⁵,α⁷,α
2723,0,0,0,0,0,α⁵,0,α²,α³,α²
2724,0,0,0,0,0,α,0,α⁴,α⁴,α²
2725,0,0,0,0,0,α⁴,0,1,α⁵,α²
2726,0,0,0,0,0,α²,0,α³,α⁶,α²
2727,0,0,0,0,0,α⁷,0,α,α⁷,α²
2728,0,0,0,0,0,α⁶,0,α⁶,1,α²
2729,0,0,0,0,0,α⁷,0,α⁷,α,α³
2730,0,0,0,0,0,α⁶,0,α³,α⁴,α³
2731,0,0,0,0,0,α²,0,α⁵,α⁵,α³
2732,0,0,0,0,0,α⁵,0,α,α⁶,α³
2733,0,0,0,0,0,α³,0,α⁴,α⁷,α³
2734,0,0,0,0,0,1,0,α²,1,α³
2735,0,0,0,0,0,α,0,α³,α,α⁴
2736,0,0,0,0,0,1,0,1,α²,α⁴
2737,0,0,0,0,0,α⁷,0,α⁴,α⁵,α⁴
2738,0,0,0,0,0,α³,0,α⁶,α⁶,α⁴
2739,0,0,0,0,0,α⁶,0,α²,α⁷,α⁴
2740,0,0,0,0,0,α⁴,0,α⁵,1,α⁴
2741,0,0,0,0,0,α⁵,0,α⁶,α,α⁵
2742,0,0,0,0,0,α,0,α,α³,α⁵
2743,0,0,0,0,0,1,0,α⁵,α⁶,α⁵
2744,0,0,0,0,0,α⁴,0,α⁷,α⁷,α⁵
2745,0,0,0,0,0,α⁷,0,α³,1,α⁵
2746,0,0,0,0,0,1,0,α⁴,α,α⁶
2747,0,0,0,0,0,α⁶,0,α⁷,α²,α⁶
2748,0,0,0,0,0,α³,0,α⁵,α³,α⁶
2749,0,0,0,0,0,α²,0,α²,α⁴,α⁶
2750,0,0,0,0,0,α,0,α⁶,α⁷,α⁶
2751,0,0,0,0,0,α⁵,0,1,1,α⁶
2752,0,0,0,0,0,α⁶,0,α,α,α⁷
2753,0,0,0,0,0,α,0,α⁵,α²,α⁷
2754,0,0,0,0,0,α⁷,0,1,α³,α⁷
2755,0,0,0,0,0,α⁴,0,α⁶,α⁴,α⁷
2756,0,0,0,0,0,α³,0,α³,α⁵,α⁷
2757,0,0,0,0,0,α²,0,α⁷,1,α⁷
2758,0,0,0,0,0,α³,0,1,α,1
2759,0,0,0,0,0,α⁷,0,α²,α²,1
2760,0,0,0,0,0,α²,0,α⁶,α³,1
2761,0,0,0,0,0,1,0,α,α⁴,1
2762,0,0,0,0,0,α⁵,0,α⁷,α⁵,1
2763,0,0,0,0,0,α⁴,0,α⁴,α⁶,1
2764,α³,0,0,0,0,0,1,0,α,α
2765,1,0,0,0,0,0,α⁷,0,α³,α
2766,α²,0,0,0,0,0,α⁵,0,α⁴,α
2767,α⁶,0,0,0,0,0,α²,0,α⁵,α
2768,α,0,0,0,0,0,α,0,α⁶,α
2769,α⁴,0,0,0,0,0,α⁶,0,1,α
2770,α⁵,0,0,0,0,0,α⁷,0,α,α²
2771,α⁴,0,0,0,0,0,α,0,α²,α²
2772,α,0,0,0,0,0,1,0,α⁴,α²
2773,α³,0,0,0,0,0,α⁶,0,α⁵,α²
2774,α⁷,0,0,0,0,0,α³,0,α⁶,α²
2775,α²,0,0,0,0,0,α²,0,α⁷,α²
2776,α⁶,0,0,0,0,0,1,0,α²,α³
2777,α⁵,0,0,0,0,0,α²,0,α³,α³
2778,α²,0,0,0,0,0,α,0,α⁵,α³
2779,α⁴,0,0,0,0,0,α⁷,0,α⁶,α³
2780,1,0,0,0,0,0,α⁴,0,α⁷,α³
2781,α³,0,0,0,0,0,α³,0,1,α³
2782,α⁴,0,0,0,0,0,α⁴,0,α,α⁴
2783,α⁷,0,0,0,0,0,α,0,α³,α⁴
2784,α⁶,0,0,0,0,0,α³,0,α⁴,α⁴
2785,α³,0,0,0,0,0,α²,0,α⁶,α⁴
2786,α⁵,0,0,0,0,0,1,0,α⁷,α⁴
2787,α,0,0,0,0,0,α⁵,0,1,α⁴
2788,α²,0,0,0,0,0,α⁶,0,α,α⁵
2789,α⁵,0,0,0,0,0,α⁵,0,α²,α⁵
2790,1,0,0,0,0,0,α²,0,α⁴,α⁵
2791,α⁷,0,0,0,0,0,α⁴,0,α⁵,α⁵
2792,α⁴,0,0,0,0,0,α³,0,α⁷,α⁵
2793,α⁶,0,0,0,0,0,α,0,1,α⁵
2794,α⁷,0,0,0,0,0,α²,0,α,α⁶
2795,α³,0,0,0,0,0,α⁷,0,α²,α⁶
2796,α⁶,0,0,0,0,0,α⁶,0,α³,α⁶
2797,α,0,0,0,0,0,α³,0,α⁵,α⁶
2798,1,0,0,0,0,0,α⁵,0,α⁶,α⁶
2799,α⁵,0,0,0,0,0,α⁴,0,1,α⁶
2800,α⁶,0,0,0,0,0,α⁵,0,α,α⁷
2801,1,0,0,0,0,0,α³,0,α²,α⁷
2802,α⁴,0,0,0,0,0,1,0,α³,α⁷
2803,α⁷,0,0,0,0,0,α⁷,0,α⁴,α⁷
2804,α²,0,0,0,0,0,α⁴,0,α⁶,α⁷
2805,α,0,0,0,0,0,α⁶,0,α⁷,α⁷
2806,α⁷,0,0,0,0,0,α⁶,0,α²,1
2807,α,0,0,0,0,0,α⁴,0,α³,1
2808,α⁵,0,0,0,0,0,α,0,α⁴,1
2809,1,0,0,0,0,0,1,0,α⁵,1
2810,α³,0,0,0,0,0,α⁵,0,α⁷,1
2811,α²,0,0,0,0,0,α⁷,0,1,1
2812,α⁵,α⁶,0,0,0,0,0,α²,0,α
2813,1,1,0,0,0,0,0,α³,0,α
2814,α⁶,α⁴,0,0,0,0,0,α⁴,0,α
2815,α³,α⁷,0,0,0,0,0,α⁵,0,α
2816,α²,α⁵,0,0,0,0,0,α⁶,0,α
2817,α⁷,α,0,0,0,0,0,1,0,α
2818,1,α²,0,0,0,0,0,α,0,α²
2819,α⁶,α⁷,0,0,0,0,0,α³,0,α²
2820,α,α,0,0,0,0,0,α⁴,0,α²
2821,α⁷,α⁵,0,0,0,0,0,α⁵,0,α²
2822,α⁴,1,0,0,0,0,0,α⁶,0,α²
2823,α³,α⁶,0,0,0,0,0,α⁷,0,α²
2824,α,α³,0,0,0,0,0,α²,0,α³
2825,α⁷,1,0,0,0,0,0,α⁴,0,α³
2826,α²,α²,0,0,0,0,0,α⁵,0,α³
2827,1,α⁶,0,0,0,0,0,α⁶,0,α³
2828,α⁵,α,0,0,0,0,0,α⁷,0,α³
2829,α⁴,α⁷,0,0,0,0,0,1,0,α³
2830,α⁵,1,0,0,0,0,0,α,0,α⁴
2831,α²,α⁴,0,0,0,0,0,α³,0,α⁴
2832,1,α,0,0,0,0,0,α⁵,0,α⁴
2833,α³,α³,0,0,0,0,0,α⁶,0,α⁴
2834,α,α⁷,0,0,0,0,0,α⁷,0,α⁴
2835,α⁶,α²,0,0,0,0,0,1,0,α⁴
2836,α⁷,α³,0,0,0,0,0,α,0,α⁵
2837,α⁶,α,0,0,0,0,0,α²,0,α⁵
2838,α³,α⁵,0,0,0,0,0,α⁴,0,α⁵
2839,α,α²,0,0,0,0,0,α⁶,0,α⁵
2840,α⁴,α⁴,0,0,0,0,0,α⁷,0,α⁵
2841,α²,1,0,0,0,0,0,1,0,α⁵
2842,α³,α,0,0,0,0,0,α,0,α⁶
2843,1,α⁴,0,0,0,0,0,α²,0,α⁶
2844,α⁷,α²,0,0,0,0,0,α³,0,α⁶
2845,α⁴,α⁶,0,0,0,0,0,α⁵,0,α⁶
2846,α²,α³,0,0,0,0,0,α⁷,0,α⁶
2847,α⁵,α⁵,0,0,0,0,0,1,0,α⁶
2848,α⁶,α⁶,0,0,0,0,0,α,0,α⁷
2849,α⁴,α²,0,0,0,0,0,α²,0,α⁷
2850,α,α⁵,0,0,0,0,0,α³,0,α⁷
2851,1,α³,0,0,0,0,0,α⁴,0,α⁷
2852,α⁵,α⁷,0,0,0,0,0,α⁶,0,α⁷
2853,α³,α⁴,0,0,0,0,0,1,0,α⁷
2854,α⁴,α⁵,0,0,0,0,0,α,0,1
2855,α⁷,α⁷,0,0,0,0,0,α²,0,1
2856,α⁵,α³,0,0,0,0,0,α³,0,1
2857,α²,α⁶,0,0,0,0,0,α⁴,0,1
2858,α,α⁴,0,0,0,0,0,α⁵,0,1
2859,α⁶,1,0,0,0,0,0,α⁷,0,1
2860,1,α⁶,0,α,α,0,0,0,0,0
2861,α³,α²,0,α²,α,0,0,0,0,0
2862,α,α⁵,0,α³,α,0,0,0,0,0
2863,α⁶,α³,0,α⁴,α,0,0,0,0,0
2864,α⁵,1,0,α⁵,α,0,0,0,0,0
2865,α⁴,α⁴,0,1,α,0,0,0,0,0
2866,α⁵,α⁵,0,α,α²,0,0,0,0,0
2867,α,α⁷,0,α²,α²,0,0,0,0,0
2868,α⁴,α³,0,α³,α²,0,0,0,0,0
2869,α²,α⁶,0,α⁴,α²,0,0,0,0,0
2870,α⁷,α⁴,0,α⁵,α²,0,0,0,0,0
2871,α⁶,α,0,α⁶,α²,0,0,0,0,0
2872,α⁶,α⁶,0,α²,α³,0,0,0,0,0
2873,α²,1,0,α³,α³,0,0,0,0,0
2874,α⁵,α⁴,0,α⁴,α³,0,0,0,0,0
2875,α³,α⁷,0,α⁵,α³,0,0,0,0,0
2876,1,α⁵,0,α⁶,α³,0,0,0,0,0
2877,α⁷,α²,0,α⁷,α³,0,0,0,0,0
2878,α⁷,α⁷,0,α³,α⁴,0,0,0,0,0
2879,α³,α,0,α⁴,α⁴,0,0,0,0,0
2880,α⁶,α⁵,0,α⁵,α⁴,0,0,0,0,0
2881,α⁴,1,0,α⁶,α⁴,0,0,0,0,0
2882,α,α⁶,0,α⁷,α⁴,0,0,0,0,0
2883,1,α³,0,1,α⁴,0,0,0,0,0
2884,α,α⁴,0,α,α⁵,0,0,0,0,0
2885,1,1,0,α⁴,α⁵,0,0,0,0,0
2886,α⁴,α²,0,α⁵,α⁵,0,0,0,0,0
2887,α⁷,α⁶,0,α⁶,α⁵,0,0,0,0,0
2888,α⁵,α,0,α⁷,α⁵,0,0,0,0,0
2889,α²,α⁷,0,1,α⁵,0,0,0,0,0
2890,α³,1,0,α,α⁶,0,0,0,0,0
2891,α²,α⁵,0,α²,α⁶,0,0,0,0,0
2892,α,α,0,α⁵,α⁶,0,0,0,0,0
2893,α⁵,α³,0,α⁶,α⁶,0,0,0,0,0
2894,1,α⁷,0,α⁷,α⁶,0,0,0,0,0
2895,α⁶,α²,0,1,α⁶,0,0,0,0,0
2896,α⁷,α³,0,α,α⁷,0,0,0,0,0
2897,α⁴,α,0,α²,α⁷,0,0,0,0,0
2898,α³,α⁶,0,α³,α⁷,0,0,0,0,0
2899,α²,α²,0,α⁶,α⁷,0,0,0,0,0
2900,α⁶,α⁴,0,α⁷,α⁷,0,0,0,0,0
2901,α²,α,0,α,1,0,0,0,0,0
2902,1,α⁴,0,α²,1,0,0,0,0,0
2903,α⁵,α²,0,α³,1,0,0,0,0,0
2904,α⁴,α⁷,0,α⁴,1,0,0,0,0,0
2905,α³,α³,0,α⁷,1,0,0,0,0,0
2906,α⁷,α⁵,0,1,1,0,0,0,0,0
2907,0,α³,α,0,α,α,0,0,0,0
2908,0,1,α²,0,α³,α,0,0,0,0
2909,0,α²,α⁷,0,α⁴,α,0,0,0,0
2910,0,α⁶,α⁶,0,α⁵,α,0,0,0,0
2911,0,α⁷,α³,0,α⁷,α,0,0,0,0
2912,0,α⁴,α⁵,0,1,α,0,0,0,0
2913,0,α⁵,α⁶,0,α,α²,0,0,0,0
2914,0,α⁴,α²,0,α²,α²,0,0,0,0
2915,0,α,α³,0,α⁴,α²,0,0,0,0
2916,0,α³,1,0,α⁵,α²,0,0,0,0
2917,0,α⁷,α⁷,0,α⁶,α²,0,0,0,0
2918,0,1,α⁴,0,1,α²,0,0,0,0
2919,0,α,α⁵,0,α,α³,0,0,0,0
2920,0,α⁶,α⁷,0,α²,α³,0,0,0,0
2921,0,α⁵,α³,0,α³,α³,0,0,0,0
2922,0,α²,α⁴,0,α⁵,α³,0,0,0,0
2923,0,α⁴,α,0,α⁶,α³,0,0,0,0
2924,0,1,1,0,α⁷,α³,0,0,0,0
2925,0,α²,α⁶,0,α²,α⁴,0,0,0,0
2926,0,α⁷,1,0,α³,α⁴,0,0,0,0
2927,0,α⁶,α⁴,0,α⁴,α⁴,0,0,0,0
2928,0,α³,α⁵,0,α⁶,α⁴,0,0,0,0
2929,0,α⁵,α²,0,α⁷,α⁴,0,0,0,0
2930,0,α,α,0,1,α⁴,0,0,0,0
2931,0,α²,α²,0,α,α⁵,0,0,0,0
2932,0,α³,α⁷,0,α³,α⁵,0,0,0,0
2933,0,1,α,0,α⁴,α⁵,0,0,0,0
2934,0,α⁷,α⁵,0,α⁵,α⁵,0,0,0,0
2935,0,α⁴,α⁶,0,α⁷,α⁵,0,0,0,0
2936,0,α⁶,α³,0,1,α⁵,0,0,0,0
2937,0,α⁷,α⁴,0,α,α⁶,0,0,0,0
2938,0,α³,α³,0,α²,α⁶,0,0,0,0
2939,0,α⁴,1,0,α⁴,α⁶,0,0,0,0
2940,0,α,α²,0,α⁵,α⁶,0,0,0,0
2941,0,1,α⁶,0,α⁶,α⁶,0,0,0,0
2942,0,α⁵,α⁷,0,1,α⁶,0,0,0,0
2943,0,α⁶,1,0,α,α⁷,0,0,0,0
2944,0,1,α⁵,0,α²,α⁷,0,0,0,0
2945,0,α⁴,α⁴,0,α³,α⁷,0,0,0,0
2946,0,α⁵,α,0,α⁵,α⁷,0,0,0,0
2947,0,α²,α³,0,α⁶,α⁷,0,0,0,0
2948,0,α,α⁷,0,α⁷,α⁷,0,0,0,0
2949,0,α⁷,α,0,α²,1,0,0,0,0
2950,0,α,α⁶,0,α³,1,0,0,0,0
2951,0,α⁵,α⁵,0,α⁴,1,0,0,0,0
2952,0,α⁶,α²,0,α⁶,1,0,0,0,0
2953,0,α³,α⁴,0,α⁷,1,0,0,0,0
2954,0,α²,1,0,1,1,0,0,0,0
2955,0,0,α⁷,α⁶,0,α³,α,0,0,0
2956,0,0,α,α²,0,α⁴,α,0,0,0
2957,0,0,α⁵,α⁵,0,α⁵,α,0,0,0
2958,0,0,1,α³,0,α⁶,α,0,0,0
2959,0,0,α⁶,1,0,α⁷,α,0,0,0
2960,0,0,α³,α⁷,0,1,α,0,0,0
2961,0,0,α⁴,1,0,α,α²,0,0,0
2962,0,0,1,α⁷,0,α⁴,α²,0,0,0
2963,0,0,α²,α³,0,α⁵,α²,0,0,0
2964,0,0,α⁶,α⁶,0,α⁶,α²,0,0,0
2965,0,0,α,α⁴,0,α⁷,α²,0,0,0
2966,0,0,α⁷,α,0,1,α²,0,0,0
2967,0,0,1,α²,0,α,α³,0,0,0
2968,0,0,α⁵,α,0,α²,α³,0,0,0
2969,0,0,α,1,0,α⁵,α³,0,0,0
2970,0,0,α³,α⁴,0,α⁶,α³,0,0,0
2971,0,0,α⁷,α⁷,0,α⁷,α³,0,0,0
2972,0,0,α²,α⁵,0,1,α³,0,0,0
2973,0,0,α³,α⁶,0,α,α⁴,0,0,0
2974,0,0,α,α³,0,α²,α⁴,0,0,0
2975,0,0,α⁶,α²,0,α³,α⁴,0,0,0
2976,0,0,α²,α,0,α⁶,α⁴,0,0,0
2977,0,0,α⁴,α⁵,0,α⁷,α⁴,0,0,0
2978,0,0,1,1,0,1,α⁴,0,0,0
2979,0,0,α,α,0,α,α⁵,0,0,0
2980,0,0,α⁴,α⁷,0,α²,α⁵,0,0,0
2981,0,0,α²,α⁴,0,α³,α⁵,0,0,0
2982,0,0,α⁷,α³,0,α⁴,α⁵,0,0,0
2983,0,0,α³,α²,0,α⁷,α⁵,0,0,0
2984,0,0,α⁵,α⁶,0,1,α⁵,0,0,0
2985,0,0,α⁶,α⁷,0,α,α⁶,0,0,0
2986,0,0,α²,α²,0,α²,α⁶,0,0,0
2987,0,0,α⁵,1,0,α³,α⁶,0,0,0
2988,0,0,α³,α⁵,0,α⁴,α⁶,0,0,0
2989,0,0,1,α⁴,0,α⁵,α⁶,0,0,0
2990,0,0,α⁴,α³,0,1,α⁶,0,0,0
2991,0,0,α⁵,α⁴,0,α,α⁷,0,0,0
2992,0,0,α⁷,1,0,α²,α⁷,0,0,0
2993,0,0,α³,α³,0,α³,α⁷,0,0,0
2994,0,0,α⁶,α,0,α⁴,α⁷,0,0,0
2995,0,0,α⁴,α⁶,0,α⁵,α⁷,0,0,0
2996,0,0,α,α⁵,0,α⁶,α⁷,0,0,0
2997,0,0,α⁶,α⁵,0,α²,1,0,0,0
2998,0,0,1,α,0,α³,1,0,0,0
2999,0,0,α⁴,α⁴,0,α⁴,1,0,0,0
3000,0,0,α⁷,α²,0,α⁵,1,0,0,0
3001,0,0,α⁵,α⁷,0,α⁶,1,0,0,0
3002,0,0,α²,α⁶,0,α⁷,1,0,0,0
3003,0,0,0,α⁷,α⁶,0,α³,α,0,0
3004,0,0,0,α,α²,0,α⁴,α,0,0
3005,0,0,0,α⁵,α⁵,0,α⁵,α,0,0
3006,0,0,0,1,α³,0,α⁶,α,0,0
3007,0,0,0,α⁶,1,0,α⁷,α,0,0
3008,0,0,0,α³,α⁷,0,1,α,0,0
3009,0,0,0,α⁴,1,0,α,α²,0,0
3010,0,0,0,1,α⁷,0,α⁴,α²,0,0
3011,0,0,0,α²,α³,0,α⁵,α²,0,0
3012,0,0,0,α⁶,α⁶,0,α⁶,α²,0,0
3013,0,0,0,α,α⁴,0,α⁷,α²,0,0
3014,0,0,0,α⁷,α,0,1,α²,0,0
3015,0,0,0,1,α²,0,α,α³,0,0
3016,0,0,0,α⁵,α,0,α²,α³,0,0
3017,0,0,0,α,1,0,α⁵,α³,0,0
3018,0,0,0,α³,α⁴,0,α⁶,α³,0,0
3019,0,0,0,α⁷,α⁷,0,α⁷,α³,0,0
3020,0,0,0,α²,α⁵,0,1,α³,0,0
3021,0,0,0,α³,α⁶,0,α,α⁴,0,0
3022,0,0,0,α,α³,0,α²,α⁴,0,0
3023,0,0,0,α⁶,α²,0,α³,α⁴,0,0
3024,0,0,0,α²,α,0,α⁶,α⁴,0,0
3025,0,0,0,α⁴,α⁵,0,α⁷,α⁴,0,0
3026,0,0,0,1,1,0,1,α⁴,0,0
3027,0,0,0,α⁴,α⁷,0,α²,α⁵,0,0
3028,0,0,0,α²,α⁴,0,α³,α⁵,0,0
3029,0,0,0,α⁷,α³,0,α⁴,α⁵,0,0
3030,0,0,0,α³,α²,0,α⁷,α⁵,0,0
3031,0,0,0,α⁵,α⁶,0,1,α⁵,0,0
3032,0,0,0,α⁶,α⁷,0,α,α⁶,0,0
3033,0,0,0,α²,α²,0,α²,α⁶,0,0
3034,0,0,0,α⁵,1,0,α³,α⁶,0,0
3035,0,0,0,α³,α⁵,0,α⁴,α⁶,0,0
3036,0,0,0,1,α⁴,0,α⁵,α⁶,0,0
3037,0,0,0,α⁴,α³,0,1,α⁶,0,0
3038,0,0,0,α⁵,α⁴,0,α,α⁷,0,0
3039,0,0,0,α⁷,1,0,α²,α⁷,0,0
3040,0,0,0,α³,α³,0,α³,α⁷,0,0
3041,0,0,0,α⁶,α,0,α⁴,α⁷,0,0
3042,0,0,0,α⁴,α⁶,0,α⁵,α⁷,0,0
3043,0,0,0,α,α⁵,0,α⁶,α⁷,0,0
3044,0,0,0,α⁶,α⁵,0,α²,1,0,0
3045,0,0,0,1,α,0,α³,1,0,0
3046,0,0,0,α⁴,α⁴,0,α⁴,1,0,0
3047,0,0,0,α⁷,α²,0,α⁵,1,0,0
3048,0,0,0,α⁵,α⁷,0,α⁶,1,0,0
3049,0,0,0,α²,α⁶,0,α⁷,1,0,0
3050,0,0,0,0,α⁷,α⁶,0,α³,α,0
3051,0,0,0,0,α,α²,0,α⁴,α,0
3052,0,0,0,0,α⁵,α⁵,0,α⁵,α,0
3053,0,0,0,0,1,α³,0,α⁶,α,0
3054,0,0,0,0,α⁶,1,0,α⁷,α,0
3055,0,0,0,0,α³,α⁷,0,1,α,0
3056,0,0,0,0,α⁴,1,0,α,α²,0
3057,0,0,0,0,1,α⁷,0,α⁴,α²,0
3058,0,0,0,0,α²,α³,0,α⁵,α²,0
3059,0,0,0,0,α⁶,α⁶,0,α⁶,α²,0
3060,0,0,0,0,α,α⁴,0,α⁷,α²,0
3061,0,0,0,0,α⁷,α,0,1,α²,0
3062,0,0,0,0,1,α²,0,α,α³,0
3063,0,0,0,0,α⁵,α,0,α²,α³,0
3064,0,0,0,0,α,1,0,α⁵,α³,0
3065,0,0,0,0,α³,α⁴,0,α⁶,α³,0
3066,0,0,0,0,α⁷,α⁷,0,α⁷,α³,0
3067,0,0,0,0,α²,α⁵,0,1,α³,0
3068,0,0,0,0,α³,α⁶,0,α,α⁴,0
3069,0,0,0,0,α,α³,0,α²,α⁴,0
3070,0,0,0,0,α⁶,α²,0,α³,α⁴,0
3071,0,0,0,0,α²,α,0,α⁶,α⁴,0
3072,0,0,0,0,α⁴,α⁵,0,α⁷,α⁴,0
3073,0,0,0,0,1,1,0,1,α⁴,0
3074,0,0,0,0,α,α,0,α,α⁵,0
3075,0,0,0,0,α⁴,α⁷,0,α²,α⁵,0
3076,0,0,0,0,α²,α⁴,0,α³,α⁵,0
3077,0,0,0,0,α⁷,α³,0,α⁴,α⁵,0
3078,0,0,0,0,α³,α²,0,α⁷,α⁵,0
3079,0,0,0,0,α⁵,α⁶,0,1,α⁵,0
3080,0,0,0,0,α⁶,α⁷,0,α,α⁶,0
3081,0,0,0,0,α²,α²,0,α²,α⁶,0
3082,0,0,0,0,α⁵,1,0,α³,α⁶,0
3083,0,0,0,0,α³,α⁵,0,α⁴,α⁶,0
3084,0,0,0,0,1,α⁴,0,α⁵,α⁶,0
3085,0,0,0,0,α⁴,α³,0,1,α⁶,0
3086,0,0,0,0,α⁵,α⁴,0,α,α⁷,0
3087,0,0,0,0,α⁷,1,0,α²,α⁷,0
3088,0,0,0,0,α³,α³,0,α³,α⁷,0
3089,0,0,0,0,α⁶,α,0,α⁴,α⁷,0
3090,0,0,0,0,α⁴,α⁶,0,α⁵,α⁷,0
3091,0,0,0,0,α,α⁵,0,α⁶,α⁷,0
3092,0,0,0,0,α⁶,α⁵,0,α²,1,0
3093,0,0,0,0,1,α,0,α³,1,0
3094,0,0,0,0,α⁴,α⁴,0,α⁴,1,0
3095,0,0,0,0,α⁷,α²,0,α⁵,1,0
3096,0,0,0,0,α⁵,α⁷,0,α⁶,1,0
3097,0,0,0,0,α²,α⁶,0,α⁷,1,0
3098,0,0,0,0,0,α⁷,α⁶,0,α³,α
3099,0,0,0,0,0,α,α²,0,α⁴,α
3100,0,0,0,0,0,α⁵,α⁵,0,α⁵,α
3101,0,0,0,0,0,1,α³,0,α⁶,α
3102,0,0,0,0,0,α⁶,1,0,α⁷,α
3103,0,0,0,0,0,α³,α⁷,0,1,α
3104,0,0,0,0,0,α⁴,1,0,α,α²
3105,0,0,0,0,0,1,α⁷,0,α⁴,α²
3106,0,0,0,0,0,α²,α³,0,α⁵,α²
3107,0,0,0,0,0,α⁶,α⁶,0,α⁶,α²
3108,0,0,0,0,0,α,α⁴,0,α⁷,α²
3109,0,0,0,0,0,α⁷,α,0,1,α²
3110,0,0,0,0,0,1,α²,0,α,α³
3111,0,0,0,0,0,α⁵,α,0,α²,α³
3112,0,0,0,0,0,α,1,0,α⁵,α³
3113,0,0,0,0,0,α³,α⁴,0,α⁶,α³
3114,0,0,0,0,0,α⁷,α⁷,0,α⁷,α³
3115,0,0,0,0,0,α²,α⁵,0,1,α³
3116,0,0,0,0,0,α³,α⁶,0,α,α⁴
3117,0,0,0,0,0,α,α³,0,α²,α⁴
3118,0,0,0,0,0,α⁶,α²,0,α³,α⁴
3119,0,0,0,0,0,α²,α,0,α⁶,α⁴
3120,0,0,0,0,0,α⁴,α⁵,0,α⁷,α⁴
3121,0,0,0,0,0,1,1,0,1,α⁴
3122,0,0,0,0,0,α,α,0,α,α⁵
3123,0,0,0,0,0,α⁴,α⁷,0,α²,α⁵
3124,0,0,0,0,0,α²,α⁴,0,α³,α⁵
3125,0,0,0,0,0,α⁷,α³,0,α⁴,α⁵
3126,0,0,0,0,0,α³,α²,0,α⁷,α⁵
3127,0,0,0,0,0,α⁵,α⁶,0,1,α⁵
3128,0,0,0,0,0,α⁶,α⁷,0,α,α⁶
3129,0,0,0,0,0,α²,α²,0,α²,α⁶
3130,0,0,0,0,0,α⁵,1,0,α³,α⁶
3131,0,0,0,0,0,α³,α⁵,0,α⁴,α⁶
3132,0,0,0,0,0,1,α⁴,0,α⁵,α⁶
3133,0,0,0,0,0,α⁴,α³,0,1,α⁶
3134,0,0,0,0,0,α⁵,α⁴,0,α,α⁷
3135,0,0,0,0,0,α⁷,1,0,α²,α⁷
3136,0,0,0,0,0,α³,α³,0,α³,α⁷
3137,0,0,0,0,0,α⁶,α,0,α⁴,α⁷
3138,0,0,0,0,0,α⁴,α⁶,0,α⁵,α⁷
3139,0,0,0,0,0,α,α⁵,0,α⁶,α⁷
3140,0,0,0,0,0,α⁶,α⁵,0,α²,1
3141,0,0,0,0,0,1,α,0,α³,1
3142,0,0,0,0,0,α⁴,α⁴,0,α⁴,1
3143,0,0,0,0,0,α⁷,α²,0,α⁵,1
3144,0,0,0,0,0,α⁵,α⁷,0,α⁶,1
3145,0,0,0,0,0,α²,α⁶,0,α⁷,1
3146,α⁷,0,0,0,0,0,α⁶,α²,0,α
3147,α⁴,0,0,0,0,0,1,α³,0,α
3148,α³,0,0,0,0,0,α⁴,α⁴,0,α
3149,1,0,0,0,0,0,α⁵,α⁶,0,α
3150,α²,0,0,0,0,0,α²,α⁷,0,α
3151,α⁶,0,0,0,0,0,α,1,0,α
3152,α⁷,0,0,0,0,0,α²,α,0,α²
3153,1,0,0,0,0,0,α⁷,α³,0,α²
3154,α⁵,0,0,0,0,0,α,α⁴,0,α²
3155,α⁴,0,0,0,0,0,α⁵,α⁵,0,α²
3156,α,0,0,0,0,0,α⁶,α⁷,0,α²
3157,α³,0,0,0,0,0,α³,1,0,α²
3158,α⁴,0,0,0,0,0,α⁴,α,0,α³
3159,1,0,0,0,0,0,α³,α²,0,α³
3160,α,0,0,0,0,0,1,α⁴,0,α³
3161,α⁶,0,0,0,0,0,α²,α⁵,0,α³
3162,α⁵,0,0,0,0,0,α⁶,α⁶,0,α³
3163,α²,0,0,0,0,0,α⁷,1,0,α³
3164,α³,0,0,0,0,0,1,α,0,α⁴
3165,α⁵,0,0,0,0,0,α⁵,α²,0,α⁴
3166,α,0,0,0,0,0,α⁴,α³,0,α⁴
3167,α²,0,0,0,0,0,α,α⁵,0,α⁴
3168,α⁷,0,0,0,0,0,α³,α⁶,0,α⁴
3169,α⁶,0,0,0,0,0,α⁷,α⁷,0,α⁴
3170,α⁴,0,0,0,0,0,α,α²,0,α⁵
3171,α⁶,0,0,0,0,0,α⁶,α³,0,α⁵
3172,α²,0,0,0,0,0,α⁵,α⁴,0,α⁵
3173,α³,0,0,0,0,0,α²,α⁶,0,α⁵
3174,1,0,0,0,0,0,α⁴,α⁷,0,α⁵
3175,α⁷,0,0,0,0,0,1,1,0,α⁵
3176,1,0,0,0,0,0,α,α,0,α⁶
3177,α⁵,0,0,0,0,0,α²,α³,0,α⁶
3178,α⁷,0,0,0,0,0,α⁷,α⁴,0,α⁶
3179,α³,0,0,0,0,0,α⁶,α⁵,0,α⁶
3180,α⁴,0,0,0,0,0,α³,α⁷,0,α⁶
3181,α,0,0,0,0,0,α⁵,1,0,α⁶
3182,α²,0,0,0,0,0,α⁶,α,0,α⁷
3183,α,0,0,0,0,0,α²,α²,0,α⁷
3184,α⁶,0,0,0,0,0,α³,α⁴,0,α⁷
3185,1,0,0,0,0,0,1,α⁵,0,α⁷
3186,α⁴,0,0,0,0,0,α⁷,α⁶,0,α⁷
3187,α⁵,0,0,0,0,0,α⁴,1,0,α⁷
3188,α⁶,0,0,0,0,0,α⁵,α,0,1
3189,α³,0,0,0,0,0,α⁷,α²,0,1
3190,α²,0,0,0,0,0,α³,α³,0,1
3191,α⁷,0,0,0,0,0,α⁴,α⁵,0,1
3192,α,0,0,0,0,0,α,α⁶,0,1
3193,α⁵,0,0,0,0,0,1,α⁷,0,1
3194,α⁴,α⁶,0,0,0,0,0,α,α,0
3195,α⁷,α²,0,0,0,0,0,α²,α,0
3196,α⁵,α⁵,0,0,0,0,0,α³,α,0
3197,α,1,0,0,0,0,0,α⁵,α,0
3198,1,α⁴,0,0,0,0,0,1,α,0
3199,α,α⁵,0,0,0,0,0,α,α²,0
3200,α⁵,α⁷,0,0,0,0,0,α²,α²,0
3201,1,α³,0,0,0,0,0,α³,α²,0
3202,α⁶,α⁶,0,0,0,0,0,α⁴,α²,0
3203,α³,α⁴,0,0,0,0,0,α⁵,α²,0
3204,α²,α,0,0,0,0,0,α⁶,α²,0
3205,α²,α⁶,0,0,0,0,0,α²,α³,0
3206,α⁶,1,0,0,0,0,0,α³,α³,0
3207,α,α⁴,0,0,0,0,0,α⁴,α³,0
3208,α⁷,α⁷,0,0,0,0,0,α⁵,α³,0
3209,α⁴,α⁵,0,0,0,0,0,α⁶,α³,0
3210,α³,α²,0,0,0,0,0,α⁷,α³,0
3211,α³,α⁷,0,0,0,0,0,α³,α⁴,0
3212,α⁷,α,0,0,0,0,0,α⁴,α⁴,0
3213,α²,α⁵,0,0,0,0,0,α⁵,α⁴,0
3214,1,1,0,0,0,0,0,α⁶,α⁴,0
3215,α⁵,α⁶,0,0,0,0,0,α⁷,α⁴,0
3216,α⁴,α³,0,0,0,0,0,1,α⁴,0
3217,α⁵,α⁴,0,0,0,0,0,α,α⁵,0
3218,α⁴,1,0,0,0,0,0,α⁴,α⁵,0
3219,1,α²,0,0,0,0,0,α⁵,α⁵,0
3220,α³,α⁶,0,0,0,0,0,α⁶,α⁵,0
3221,α,α,0,0,0,0,0,α⁷,α⁵,0
3222,α⁶,α⁷,0,0,0,0,0,1,α⁵,0
3223,α⁷,1,0,0,0,0,0,α,α⁶,0
3224,α⁶,α⁵,0,0,0,0,0,α²,α⁶,0
3225,α⁵,α,0,0,0,0,0,α⁵,α⁶,0
3226,α,α³,0,0,0,0,0,α⁶,α⁶,0
3227,α⁴,α⁷,0,0,0,0,0,α⁷,α⁶,0
3228,α²,α²,0,0,0,0,0,1,α⁶,0
3229,α³,α³,0,0,0,0,0,α,α⁷,0
3230,1,α,0,0,0,0,0,α²,α⁷,0
3231,α⁷,α⁶,0,0,0,0,0,α³,α⁷,0
3232,α⁶,α²,0,0,0,0,0,α⁶,α⁷,0
3233,α²,α⁴,0,0,0,0,0,α⁷,α⁷,0
3234,α⁵,1,0,0,0,0,0,1,α⁷,0
3235,α⁶,α,0,0,0,0,0,α,1,0
3236,α⁴,α⁴,0,0,0,0,0,α²,1,0
3237,α,α²,0,0,0,0,0,α³,1,0
3238,1,α⁷,0,0,0,0,0,α⁴,1,0
3239,α⁷,α³,0,0,0,0,0,α⁷,1,0
3240,α³,α⁵,0,0,0,0,0,1,1,0
3241,0,α²,α⁵,0,0,0,0,0,α,α
3242,0,1,1,0,0,0,0,0,α²,α
3243,0,α⁵,α⁶,0,0,0,0,0,α³,α
3244,0,α⁴,α³,0,0,0,0,0,α⁴,α
3245,0,α³,α⁷,0,0,0,0,0,α⁷,α
3246,0,α⁷,α,0,0,0,0,0,1,α
3247,0,1,α²,0,0,0,0,0,α,α²
3248,0,α³,α⁶,0,0,0,0,0,α²,α²
3249,0,α,α,0,0,0,0,0,α³,α²
3250,0,α⁶,α⁷,0,0,0,0,0,α⁴,α²
3251,0,α⁵,α⁴,0,0,0,0,0,α⁵,α²
3252,0,α⁴,1,0,0,0,0,0,1,α²
3253,0,α⁵,α,0,0,0,0,0,α,α³
3254,0,α,α³,0,0,0,0,0,α²,α³
3255,0,α⁴,α⁷,0,0,0,0,0,α³,α³
3256,0,α²,α²,0,0,0,0,0,α⁴,α³
3257,0,α⁷,1,0,0,0,0,0,α⁵,α³
3258,0,α⁶,α⁵,0,0,0,0,0,α⁶,α³
3259,0,α⁶,α²,0,0,0,0,0,α²,α⁴
3260,0,α²,α⁴,0,0,0,0,0,α³,α⁴
3261,0,α⁵,1,0,0,0,0,0,α⁴,α⁴
3262,0,α³,α³,0,0,0,0,0,α⁵,α⁴
3263,0,1,α,0,0,0,0,0,α⁶,α⁴
3264,0,α⁷,α⁶,0,0,0,0,0,α⁷,α⁴
3265,0,α⁷,α³,0,0,0,0,0,α³,α⁵
3266,0,α³,α⁵,0,0,0,0,0,α⁴,α⁵
3267,0,α⁶,α,0,0,0,0,0,α⁵,α⁵
3268,0,α⁴,α⁴,0,0,0,0,0,α⁶,α⁵
3269,0,α,α²,0,0,0,0,0,α⁷,α⁵
3270,0,1,α⁷,0,0,0,0,0,1,α⁵
3271,0,α,1,0,0,0,0,0,α,α⁶
3272,0,1,α⁴,0,0,0,0,0,α⁴,α⁶
3273,0,α⁴,α⁶,0,0,0,0,0,α⁵,α⁶
3274,0,α⁷,α²,0,0,0,0,0,α⁶,α⁶
3275,0,α⁵,α⁵,0,0,0,0,0,α⁷,α⁶
3276,0,α²,α³,0,0,0,0,0,1,α⁶
3277,0,α³,α⁴,0,0,0,0,0,α,α⁷
3278,0,α²,α,0,0,0,0,0,α²,α⁷
3279,0,α,α⁵,0,0,0,0,0,α⁵,α⁷
3280,0,α⁵,α⁷,0,0,0,0,0,α⁶,α⁷
3281,0,1,α³,0,0,0,0,0,α⁷,α⁷
3282,0,α⁶,α⁶,0,0,0,0,0,1,α⁷
3283,0,α⁷,α⁷,0,0,0,0,0,α,1
3284,0,α⁴,α⁵,0,0,0,0,0,α²,1
3285,0,α³,α²,0,0,0,0,0,α³,1
3286,0,α²,α⁶,0,0,0,0,0,α⁶,1
3287,0,α⁶,1,0,0,0,0,0,α⁷,1
3288,0,α,α⁴,0,0,0,0,0,1,1
3289,α⁶,0,α⁶,α²,0,0,0,0,0,α
3290,α⁴,0,1,α³,0,0,0,0,0,α
3291,α,0,α⁴,α⁴,0,0,0,0,0,α
3292,α⁵,0,α²,α⁷,0,0,0,0,0,α
3293,α⁷,0,α,1,0,0,0,0,0,α
3294,1,0,α²,α,0,0,0,0,0,α²
3295,α⁷,0,α⁷,α³,0,0,0,0,0,α²
3296,α⁵,0,α,α⁴,0,0,0,0,0,α²
3297,α²,0,α⁵,α⁵,0,0,0,0,0,α²
3298,α⁶,0,α³,1,0,0,0,0,0,α²
3299,α⁷,0,α⁴,α,0,0,0,0,0,α³
3300,α,0,α³,α²,0,0,0,0,0,α³
3301,1,0,1,α⁴,0,0,0,0,0,α³
3302,α⁶,0,α²,α⁵,0,0,0,0,0,α³
3303,α³,0,α⁶,α⁶,0,0,0,0,0,α³
3304,α²,0,α,α⁷,0,0,0,0,0,α³
3305,1,0,α⁵,α²,0,0,0,0,0,α⁴
3306,α²,0,α⁴,α³,0,0,0,0,0,α⁴
3307,α,0,α,α⁵,0,0,0,0,0,α⁴
3308,α⁷,0,α³,α⁶,0,0,0,0,0,α⁴
3309,α⁴,0,α⁷,α⁷,0,0,0,0,0,α⁴
3310,α³,0,α²,1,0,0,0,0,0,α⁴
3311,α⁴,0,α³,α,0,0,0,0,0,α⁵
3312,α,0,α⁶,α³,0,0,0,0,0,α⁵
3313,α³,0,α⁵,α⁴,0,0,0,0,0,α⁵
3314,α²,0,α²,α⁶,0,0,0,0,0,α⁵
3315,1,0,α⁴,α⁷,0,0,0,0,0,α⁵
3316,α⁵,0,1,1,0,0,0,0,0,α⁵
3317,α⁶,0,α,α,0,0,0,0,0,α⁶
3318,α⁵,0,α⁴,α²,0,0,0,0,0,α⁶
3319,α²,0,α⁷,α⁴,0,0,0,0,0,α⁶
3320,α⁴,0,α⁶,α⁵,0,0,0,0,0,α⁶
3321,α³,0,α³,α⁷,0,0,0,0,0,α⁶
3322,α,0,α⁵,1,0,0,0,0,0,α⁶
3323,α²,0,α⁶,α,0,0,0,0,0,α⁷
3324,α⁷,0,α²,α²,0,0,0,0,0,α⁷
3325,α⁶,0,α⁵,α³,0,0,0,0,0,α⁷
3326,α³,0,1,α⁵,0,0,0,0,0,α⁷
3327,α⁵,0,α⁷,α⁶,0,0,0,0,0,α⁷
3328,α⁴,0,α⁴,1,0,0,0,0,0,α⁷
3329,α⁵,0,α⁵,α,0,0,0,0,0,1
3330,α³,0,α⁷,α²,0,0,0,0,0,1
3331,1,0,α³,α³,0,0,0,0,0,1
3332,α⁷,0,α⁶,α⁴,0,0,0,0,0,1
3333,α⁴,0,α,α⁶,0,0,0,0,0,1
3334,α⁶,0,1,α⁷,0,0,0,0,0,1
