,rmse
"(1, 1)",62.97214264213005
"(1, 2)",78.31369708282172
"(2, 1)",55.2146390616331
"(2, 2)",73.53713727855414
"(3, 1)",37.912261610743045
"(3, 2)",40.380810586370885
"(4, 1)",49.37514062165395
"(4, 2)",63.13989129539966
"(5, 1)",41.27717760207441
"(5, 2)",40.447170495973396
"(6, 1)",34.04278624819306
"(6, 2)",30.573967662252002
"(7, 1)",30.575866741082095
"(7, 2)",28.210825990118604
"(8, 1)",32.18741644823494
"(8, 2)",27.906000152764136
"(9, 1)",33.20278150268263
"(9, 2)",35.512110818233225
"(10, 1)",45.392224852139194
"(10, 2)",62.90854203337491
"(11, 1)",39.1843728405588
"(11, 2)",34.67046680353691
"(12, 1)",28.99828880274258
"(12, 2)",29.414665468167133
"(13, 1)",30.465604478320486
"(13, 2)",28.982367129493237
"(14, 1)",47.301268157468655
"(14, 2)",62.61246886241668
"(15, 1)",32.293298743202136
"(15, 2)",44.23509323150391
"(16, 1)",25.13263620765564
"(16, 2)",29.587560830816557
"(17, 1)",45.58848244224945
"(17, 2)",63.122307872345004
"(18, 1)",41.89471278605406
"(18, 2)",60.17128671240342
"(19, 1)",26.30845552374206
"(19, 2)",28.858809789010188
"(20, 1)",33.02433574835041
"(20, 2)",31.06956203331636
"(21, 1)",27.953465842964164
"(21, 2)",26.45682289244291
"(22, 1)",34.88253969001795
"(22, 2)",35.79515488307483
"(23, 1)",28.905249980845902
"(23, 2)",30.121320278456025
"(24, 1)",30.900617210921958
"(24, 2)",46.46139080520201
"(25, 1)",40.207387993609046
"(25, 2)",55.84954361606334
"(26, 1)",29.724074184670716
"(26, 2)",30.595372556346547
"(27, 1)",40.93240325940706
"(27, 2)",33.94574997402841
"(28, 1)",37.196824595383184
"(28, 2)",59.93681771762543
"(29, 1)",31.488135197741034
"(29, 2)",43.144600409586474
"(30, 1)",27.51131231807686
"(30, 2)",29.653388378086778
"(31, 1)",30.3118912431913
"(31, 2)",46.01866197676112
"(32, 1)",35.741860269402494
"(32, 2)",33.598914636771276
"(33, 1)",35.762497924442805
"(34, 1)",29.14972246572261
0,80.45277621863079
1,74.72844392464441
2,44.434245538856274
3,67.52052659146334
4,43.61200142188013
5,39.87788567266951
6,32.406979417589916
7,31.337325578561117
8,34.69265399337352
9,65.04996242345517
10,36.02723679407004
11,28.57505890476417
12,25.613415421695322
13,61.90865356002732
14,36.57065374882086
15,23.028191982881715
16,70.66390644435872
17,64.40876699835557
18,33.619608901285325
19,33.306498251055515
20,32.38169889663071
21,37.01729259654932
22,30.815320815091397
23,45.276610702286646
24,56.144233692257174
25,24.526439166995285
26,24.4391276663924
27,54.918815702763304
28,43.904001507265704
29,23.579234807728316
30,39.29820895291857
31,23.260646368508098
32,49.19923547932114
33,45.950444706521786
"(1, 1)",97.97572864004928
"(1, 2)",100.97089859702591
"(2, 1)",80.5425845251754
"(2, 2)",85.54890763380888
"(3, 1)",44.920405660255675
"(3, 2)",47.859257582620614
"(4, 1)",70.34532257160815
"(4, 2)",81.69596795330894
"(5, 1)",55.64514103054078
"(5, 2)",50.64386282180024
"(6, 1)",31.99001318213594
"(6, 2)",41.50590928220902
"(7, 1)",34.94159388728458
"(7, 2)",43.92152623622961
"(8, 1)",44.29851160163761
"(8, 2)",56.27111904333827
"(9, 1)",52.18304002259612
"(9, 2)",52.39668225351533
"(10, 1)",56.11296656693713
"(10, 2)",56.03168093306631
"(11, 1)",49.22036356488706
"(11, 2)",61.99500952923372
"(12, 1)",28.51000524528671
"(12, 2)",38.040109120304514
"(13, 1)",32.64716982677895
"(13, 2)",38.98731722152137
"(14, 1)",62.55051262879505
"(14, 2)",61.42670684003058
"(15, 1)",55.01713336742543
"(15, 2)",50.696904414089886
"(16, 1)",29.967067642527525
"(16, 2)",41.094255267620355
"(17, 1)",63.20600728536665
"(17, 2)",65.20276260435072
"(18, 1)",63.74078683305363
"(18, 2)",60.57516962247327
"(19, 1)",39.056424494807516
"(19, 2)",43.32479636243353
"(20, 1)",28.528175677345597
"(20, 2)",41.14803089163034
"(21, 1)",28.920999877734882
"(21, 2)",41.94726924769439
"(22, 1)",49.80314792122256
"(22, 2)",48.16471424379375
"(23, 1)",26.39442302246159
"(23, 2)",38.13735080922141
"(24, 1)",43.02561754627861
"(24, 2)",45.414929480010336
"(25, 1)",34.927389752233886
"(25, 2)",33.75377482926473
"(26, 1)",33.07261288998834
"(26, 2)",36.823165943761005
"(27, 1)",43.32534407958522
"(27, 2)",45.88265226515207
"(28, 1)",60.96775080744862
"(28, 2)",55.85970378756145
"(29, 1)",52.67573486134736
"(29, 2)",49.67001669233197
"(30, 1)",36.3222675592714
"(30, 2)",39.384930657783755
"(31, 1)",57.828148848464416
"(31, 2)",43.06108343676157
"(32, 1)",41.95643009718952
"(32, 2)",41.72337513437751
"(33, 1)",55.68009437095946
"(34, 1)",55.326462293751156
0,105.24674435590325
1,86.87599779339146
2,44.15794170777024
3,83.83370193001477
4,52.793238050210704
5,33.66559223706708
6,35.679840454191954
7,50.42920121251857
8,56.14896576424083
9,58.57784665164085
10,59.780934510044695
11,28.709671613578884
12,27.72476996469642
13,62.316458595300396
14,51.02859295045338
15,27.50521038863951
16,67.92104781399291
17,63.07974666525118
18,39.549616070008014
19,31.709280066294944
20,32.905184818484216
21,47.80945369230979
22,28.367310276867546
23,46.13378963359076
24,28.659886818434387
25,26.253788455787078
26,39.150005561254574
27,56.016724523138734
28,48.14885279593245
29,30.87579771935599
30,54.397627866675265
31,34.83408918358087
32,46.87191822276339
33,49.55823228974501
"(1, 1)",81.17786386071724
"(1, 2)",91.83771624911125
"(2, 1)",46.40852167736298
"(2, 2)",88.84078037636795
"(3, 1)",48.84034879934107
"(3, 2)",80.13062531489045
"(4, 1)",39.220679226115806
"(4, 2)",41.62594252684603
"(5, 1)",42.5884101130057
"(5, 2)",74.41669350094381
"(6, 1)",60.68075252307138
"(6, 2)",111.75825997873875
"(7, 1)",42.230014337882615
"(7, 2)",48.665066094031545
"(8, 1)",49.191731259827755
"(8, 2)",52.72958155363122
"(9, 1)",35.05718644503851
"(9, 2)",37.625300861871054
"(10, 1)",36.731328219847036
"(10, 2)",31.596595284389384
"(11, 1)",36.77330405579452
"(11, 2)",44.922090668602266
"(12, 1)",51.91596214742502
"(12, 2)",47.25901629628176
"(13, 1)",52.235442463379115
"(13, 2)",43.88387813856334
"(14, 1)",42.73224501709414
"(14, 2)",29.897169375460837
"(15, 1)",38.997319263546906
"(15, 2)",38.1245629964242
"(16, 1)",57.95872213755309
"(16, 2)",55.72746931596314
"(17, 1)",31.024575069880818
"(17, 2)",28.128476814012153
"(18, 1)",32.60300665878923
"(18, 2)",41.579482891036484
"(19, 1)",37.12024674151528
"(19, 2)",35.84463514176342
"(20, 1)",42.02084136706738
"(20, 2)",38.808484083752155
"(21, 1)",50.12255422801046
"(21, 2)",42.08789906314099
"(22, 1)",34.64108684347512
"(22, 2)",28.10932950525555
"(23, 1)",53.612231404788204
"(23, 2)",44.89795238668915
"(24, 1)",45.421631607580686
"(24, 2)",32.10806445004026
"(25, 1)",41.404773966942145
"(25, 2)",34.60620305186403
"(26, 1)",52.095777391857645
"(26, 2)",37.2667968172765
"(27, 1)",40.85462880706493
"(27, 2)",30.470884729393973
"(28, 1)",36.74670738337566
"(28, 2)",31.891576548605684
"(29, 1)",39.82155567471586
"(29, 2)",36.21148448622438
"(30, 1)",49.13525535074265
"(30, 2)",45.59726320174025
"(31, 1)",39.41598478389382
"(31, 2)",36.13661246869716
"(32, 1)",39.604179706037826
"(32, 2)",37.78164596640684
"(33, 1)",40.66465899507011
"(34, 1)",44.811254295229666
0,108.64097720845466
1,103.35544346208411
2,80.71398391078196
3,40.794145622323896
4,89.50132620155365
5,105.68167621418785
6,43.87189742731917
7,42.53611383734751
8,51.87449100496299
9,42.31519437964826
10,43.9952994572158
11,34.86254824968686
12,28.457646182526858
13,51.18934220051014
14,52.008540907190124
15,34.16889542181872
16,51.746044037718406
17,54.48594977986905
18,37.79960662024214
19,29.75213158635365
20,32.66834032291765
21,36.20424801598932
22,31.62725360343753
23,34.23752853627772
24,26.968165844646336
25,32.78220473607958
26,35.60156879733034
27,43.57588078587965
28,31.671429373430023
29,29.355993481370415
30,31.199584320745227
31,32.99446201663535
32,29.912223543933028
33,36.191063662777715
"(1, 1)",55.01694301540935
"(1, 2)",32.69249997957923
"(2, 1)",35.40331410433052
"(2, 2)",54.15309872582456
"(3, 1)",30.076673104551247
"(3, 2)",49.24617519003018
"(4, 1)",26.74013598440376
"(4, 2)",37.51165836406424
"(5, 1)",29.504397562125373
"(5, 2)",61.27045477718313
"(6, 1)",29.00409286041449
"(6, 2)",63.332102058630475
"(7, 1)",29.435777637325497
"(7, 2)",53.00563621654192
"(8, 1)",24.48633083443381
"(8, 2)",25.575453742859374
"(9, 1)",34.38681865067835
"(9, 2)",29.88488570929312
"(10, 1)",30.917378925935026
"(10, 2)",65.023152458286
"(11, 1)",28.835795382943402
"(11, 2)",26.289709988103045
"(12, 1)",25.790680131283438
"(12, 2)",31.22361326733668
"(13, 1)",25.723175793149657
"(13, 2)",39.89707342558213
"(14, 1)",27.653874907462768
"(14, 2)",54.535122738736625
"(15, 1)",27.310166602314172
"(15, 2)",48.319613524615555
"(16, 1)",23.803915391706308
"(16, 2)",37.87291551481504
"(17, 1)",24.249747853640272
"(17, 2)",47.90600586863648
"(18, 1)",24.7607070063235
"(18, 2)",27.588381468893612
"(19, 1)",27.998876066059186
"(19, 2)",47.95229325428399
"(20, 1)",26.546234616581973
"(20, 2)",53.68126851542153
"(21, 1)",22.922593076087246
"(21, 2)",53.0537315736551
"(22, 1)",25.071661742064308
"(22, 2)",28.788064560314456
"(23, 1)",23.156474029157128
"(23, 2)",29.917162906140728
"(24, 1)",23.20338540721867
"(24, 2)",32.57470451922071
"(25, 1)",23.568989063545704
"(25, 2)",53.1077076169314
"(26, 1)",23.504482757333438
"(26, 2)",45.22504496450445
"(27, 1)",25.190176387238292
"(27, 2)",42.12701038793916
"(28, 1)",25.185942740109176
"(28, 2)",37.87107047589243
"(29, 1)",24.672538066630395
"(29, 2)",34.22558546777956
"(30, 1)",23.91118306526899
"(30, 2)",33.68439806808016
"(31, 1)",24.860700257201188
"(31, 2)",34.88798533408511
"(32, 1)",24.415354060612586
"(32, 2)",35.83013574517885
"(33, 1)",25.572367240142487
"(34, 1)",27.370758604195856
0,37.12601761030171
1,34.00530251603228
2,28.545115364682985
3,24.394066987140867
4,34.037956224991014
5,37.140792537485126
6,35.240670431359504
7,26.15554429197712
8,37.10844214779195
9,41.34609053837443
10,24.802141322665445
11,29.64996464771647
12,22.82928175319694
13,29.044613357202973
14,21.93846388766691
15,19.48050128108995
16,32.552942712380734
17,29.883375515546298
18,35.97756601518886
19,28.508702266310564
20,28.147368502505568
21,27.175085284661122
22,24.754367896852326
23,27.602953373596495
24,22.456370086739458
25,17.673610000636888
26,26.685370237102312
27,25.875526473583772
28,18.368243674826978
29,22.673540217386176
30,21.385585263155996
31,21.975917577635332
32,25.354512826624283
33,26.729164777184135
"(1, 1)",101.48549830017198
"(1, 2)",81.7291961420085
"(2, 1)",96.11247225416923
"(2, 2)",94.53074740687956
"(3, 1)",94.94267966153228
"(3, 2)",79.944187689483
"(4, 1)",101.90505010979928
"(4, 2)",68.81418147612153
"(5, 1)",99.06848504320524
"(5, 2)",69.55192756607796
"(6, 1)",100.49117412371614
"(6, 2)",64.69534510897273
"(7, 1)",106.82869533710155
"(7, 2)",44.01420627572584
"(8, 1)",58.54813011097611
"(8, 2)",66.6538838641465
"(9, 1)",97.86316391349709
"(9, 2)",57.814921374999216
"(10, 1)",100.32084000354712
"(10, 2)",69.18761623117447
"(11, 1)",61.26700766013043
"(11, 2)",67.4625935259293
"(12, 1)",59.57103466883973
"(12, 2)",48.964320205040266
"(13, 1)",80.76847642758591
"(13, 2)",56.095965427667174
"(14, 1)",91.12743341336873
"(14, 2)",59.200474352593005
"(15, 1)",94.94762012311892
"(15, 2)",66.08450307108917
"(16, 1)",97.55354530541591
"(16, 2)",61.67897986843485
"(17, 1)",101.93241150030126
"(17, 2)",56.60568069182919
"(18, 1)",103.9518007460318
"(18, 2)",62.34232885411709
"(19, 1)",104.52934326864946
"(19, 2)",60.3723047682519
"(20, 1)",100.58296114498833
"(20, 2)",60.30199976628136
"(21, 1)",88.83090116871873
"(21, 2)",60.34041772548598
"(22, 1)",98.58942501181522
"(22, 2)",56.25446874761433
"(23, 1)",102.71719742588783
"(23, 2)",51.79153010565504
"(24, 1)",101.43263874694844
"(24, 2)",52.35766445989551
"(25, 1)",100.36638593931326
"(25, 2)",66.23075088275405
"(26, 1)",92.91113094869978
"(26, 2)",59.163277514564165
"(27, 1)",93.15432920626323
"(27, 2)",29.182420760864435
"(28, 1)",62.42337622672563
"(28, 2)",32.75846362085424
"(29, 1)",96.68563882665174
"(29, 2)",62.2344250103585
"(30, 1)",93.65835831203927
"(30, 2)",62.78881217720092
"(31, 1)",97.82852064365072
"(31, 2)",59.934474839070496
"(32, 1)",97.31754549256269
"(32, 2)",65.44599988653526
"(33, 1)",96.19637737380937
"(34, 1)",66.8464017982454
0,65.93353575959424
1,88.51518188447085
2,58.68485039567635
3,51.65993079314461
4,50.42876580792929
5,36.521388772540284
6,46.89930027166778
7,43.05045376262228
8,46.271279893283584
9,38.79686861879072
10,40.26737888312526
11,42.6812255075893
12,28.245868106028556
13,36.86705551419617
14,27.090739252217617
15,24.72294648180139
16,35.978193018042376
17,35.50081322974178
18,38.505387404593044
19,32.405485903385184
20,32.95112898781123
21,34.505899129044955
22,35.20502419880454
23,36.90176729944468
24,30.449902072820894
25,29.168229837721192
26,29.615951193698738
27,29.547280256969312
28,22.38377817762035
29,27.331053757689922
30,29.36090579164406
31,31.01630204962806
32,27.56439975928029
33,30.66135171051941
"(1, 1)",39.2451015719853
"(1, 2)",37.15554894723104
"(2, 1)",28.67676009588474
"(2, 2)",39.44265145589762
"(3, 1)",33.11700185400687
"(3, 2)",39.03367854114204
"(4, 1)",29.36511976473621
"(4, 2)",33.28749412096293
"(5, 1)",39.304242328075084
"(5, 2)",32.01409029412608
"(6, 1)",26.716649835222583
"(6, 2)",24.46330399448059
"(7, 1)",26.46589651534945
"(7, 2)",29.72478062305311
"(8, 1)",88.11548324293473
"(8, 2)",20.23133605785956
"(9, 1)",39.0723650730946
"(9, 2)",36.6144487741617
"(10, 1)",26.050827215084517
"(10, 2)",30.69673414143187
"(11, 1)",25.529127522799985
"(11, 2)",25.876093241457845
"(12, 1)",24.583834874699036
"(12, 2)",26.082275143743033
"(13, 1)",26.779008532237768
"(13, 2)",27.245201735414764
"(14, 1)",44.72336464252874
"(14, 2)",37.47007340893261
"(15, 1)",26.004395969391616
"(15, 2)",34.5578392097999
"(16, 1)",24.052937141173853
"(16, 2)",29.14475566704057
"(17, 1)",30.181024936425366
"(17, 2)",21.792956829321472
"(18, 1)",28.230165692569233
"(18, 2)",22.46370983725086
"(19, 1)",21.250624052338786
"(19, 2)",19.43359921632939
"(20, 1)",25.035600081301084
"(20, 2)",27.752599105987052
"(21, 1)",26.49385501457802
"(21, 2)",29.619849421978792
"(22, 1)",43.31818737294441
"(22, 2)",30.672130637914293
"(23, 1)",24.312083375114995
"(23, 2)",30.100989434048063
"(24, 1)",36.39528435929317
"(24, 2)",26.689157865486425
"(25, 1)",24.956700761942535
"(25, 2)",27.61609743456605
"(26, 1)",39.62697537911412
"(26, 2)",26.721980001545226
"(27, 1)",40.71234428987734
"(27, 2)",28.101134907940498
"(28, 1)",32.343046117780375
"(28, 2)",31.894553882545967
"(29, 1)",21.10329994082358
"(29, 2)",28.272824037182584
"(30, 1)",24.398141648044557
"(30, 2)",29.092290615527375
"(31, 1)",19.965020810318023
"(31, 2)",28.959792994928442
"(32, 1)",22.868393064834525
"(32, 2)",32.65918028592954
"(33, 1)",20.044599295081277
"(34, 1)",21.86858795418371
0,33.75891736869974
1,29.82995765382441
2,31.74218703997776
3,31.11047666699732
4,44.43062776235709
5,32.85430762935541
6,28.872338395044473
7,32.8752118279425
8,45.917547101539135
9,28.850190632138567
10,27.781628726442676
11,31.80811589761549
12,30.200672250214602
13,48.07398069314433
14,25.79887662491693
15,27.127317871322262
16,41.44354603252912
17,20.857541045900707
18,26.96252872129373
19,22.803307958416525
20,34.17359185491666
21,47.87121089851502
22,34.79376375429589
23,44.29708085678956
24,22.79475702391813
25,45.39581116770367
26,47.39729023483499
27,33.56658895234799
28,29.289358725335642
29,24.35128343954775
30,17.18928438149193
31,28.342888340797977
32,28.69501026241941
33,31.04158389862137
"(1, 1)",43.11272552024098
"(1, 2)",39.78912899097533
"(2, 1)",34.97627701869066
"(2, 2)",48.99683919636823
"(3, 1)",32.62418861934142
"(3, 2)",27.450694571961503
"(4, 1)",39.73973090205354
"(4, 2)",36.10761550526695
"(5, 1)",43.849500444728726
"(5, 2)",58.17991877573795
"(6, 1)",36.03812779287605
"(6, 2)",25.55035668232286
"(7, 1)",36.53606623353318
"(7, 2)",52.50818519539789
"(8, 1)",37.67334040421402
"(8, 2)",19.86064780043788
"(9, 1)",37.52010102150861
"(9, 2)",27.224583878456407
"(10, 1)",31.602820688037358
"(10, 2)",23.86480964241137
"(11, 1)",41.06965774873463
"(11, 2)",27.655737451462315
"(12, 1)",39.68066355857574
"(12, 2)",29.187902478189468
"(13, 1)",29.112251969986026
"(13, 2)",20.360157627673043
"(14, 1)",30.076470262667826
"(14, 2)",37.86253814896832
"(15, 1)",38.12844440253963
"(15, 2)",41.3585080394319
"(16, 1)",40.302571214361855
"(16, 2)",38.25464318584437
"(17, 1)",23.7571682191538
"(17, 2)",38.53137866708817
"(18, 1)",31.539218805869318
"(18, 2)",17.31439936141488
"(19, 1)",29.005145596248298
"(19, 2)",49.770151194997524
"(20, 1)",36.49325532723391
"(20, 2)",53.35262522867191
"(21, 1)",32.03906156762374
"(21, 2)",52.976465235978885
"(22, 1)",24.512979949320687
"(22, 2)",42.158723358791676
"(23, 1)",27.214145223341248
"(23, 2)",33.882099283741745
"(24, 1)",29.52606989866259
"(24, 2)",25.451306470797352
"(25, 1)",24.99186711466348
"(25, 2)",52.55988726842982
"(26, 1)",25.177344278877488
"(26, 2)",35.9258184556901
"(27, 1)",48.2779973071848
"(27, 2)",34.86168870547403
"(28, 1)",28.154511941308325
"(28, 2)",28.0621625248061
"(29, 1)",30.40165813683651
"(29, 2)",29.523145623768396
"(30, 1)",30.094898258549122
"(30, 2)",19.731762674839782
"(31, 1)",27.28781997956968
"(31, 2)",27.454350023310027
"(32, 1)",31.217349631261357
"(32, 2)",24.624811078437993
"(33, 1)",32.50130774977375
"(34, 1)",23.187118545313567
0,47.065508091017854
1,39.678349380643944
2,31.421326746533378
3,38.034367561587175
4,42.04804973370448
5,30.435365207975487
6,38.875199223638944
7,27.149859031404286
8,41.80039550432565
9,29.409013012209677
10,29.36331440967287
11,30.480435946125386
12,26.365110605689228
13,29.39401030607367
14,21.841788383890687
15,23.096833060353426
16,30.565101150087855
17,24.61327898318896
18,34.7185636705063
19,28.21051270743947
20,35.6177336878096
21,33.310970482594406
22,33.34173766210309
23,37.04481888555769
24,33.079839940026545
25,30.178376367095446
26,26.950162377397515
27,22.934715151964205
28,23.72978015204313
29,22.193361867624475
30,18.359220493142946
31,16.909217135620242
32,18.03834212748023
33,30.151343630163325
"(1, 1)",41.8798103241289
"(1, 2)",68.35771530515602
"(2, 1)",42.727684375149366
"(2, 2)",50.77431919508962
"(3, 1)",42.71121610792592
"(3, 2)",45.7363844083147
"(4, 1)",37.071197281596596
"(4, 2)",52.0298310435531
"(5, 1)",52.58102153024633
"(5, 2)",41.7447226667988
"(6, 1)",49.27411561986426
"(6, 2)",42.553336574010515
"(7, 1)",36.84044384409702
"(7, 2)",50.11282131814255
"(8, 1)",48.55631315974435
"(8, 2)",38.879399672838574
"(9, 1)",46.463997259987416
"(9, 2)",38.00053212393253
"(10, 1)",44.32502832736495
"(10, 2)",47.256887197261996
"(11, 1)",52.236952668985
"(11, 2)",50.735574753478296
"(12, 1)",38.440251789784604
"(12, 2)",52.19813723474116
"(13, 1)",34.314558463223
"(13, 2)",36.972718646050545
"(14, 1)",38.05863471104363
"(14, 2)",43.85398079369206
"(15, 1)",34.68004226042411
"(15, 2)",50.36410687178575
"(16, 1)",31.577267355421224
"(16, 2)",56.049878703881845
"(17, 1)",36.981717137759716
"(17, 2)",44.63045233658044
"(18, 1)",38.66663611413468
"(18, 2)",36.332263831503255
"(19, 1)",36.8253691881075
"(19, 2)",42.27413789456384
"(20, 1)",36.449048265084535
"(20, 2)",51.461570189377134
"(21, 1)",47.24541485646246
"(21, 2)",42.49916608425909
"(22, 1)",30.24311105119923
"(22, 2)",35.96893714151909
"(23, 1)",36.07543468277447
"(23, 2)",45.384919115765975
"(24, 1)",35.971453997033
"(24, 2)",46.71511454788141
"(25, 1)",30.563071283198177
"(25, 2)",45.672407738227456
"(26, 1)",33.28365942361716
"(26, 2)",32.33992228251571
"(27, 1)",35.36365332293039
"(27, 2)",32.48438232992701
"(28, 1)",26.099898736693422
"(28, 2)",27.777966103963685
"(29, 1)",31.11875108833052
"(29, 2)",32.956006029420394
"(30, 1)",28.40619682922191
"(30, 2)",33.1028846921229
"(31, 1)",25.996726011124778
"(31, 2)",26.24656760412966
"(32, 1)",34.559714693284256
"(32, 2)",34.47165620949825
"(33, 1)",24.389520001083955
"(34, 1)",29.431193830856824
0,54.434868781048664
1,33.63392785864354
2,37.0560308885835
3,52.05449372468167
4,35.433074660900004
5,35.98877884742252
6,49.642816741153915
7,33.809700732650995
8,38.91810531467721
9,36.286093455962664
10,49.840739752539825
11,46.21336478454053
12,29.99098955091958
13,33.07091902777639
14,50.546480749822635
15,53.71531368410662
16,35.512956857003566
17,30.56487125281699
18,34.70533254773072
19,51.466906211827585
20,34.82606139027864
21,38.81022843828872
22,37.51634726493881
23,37.401617252919166
24,30.882980381724163
25,16.232687448814353
26,15.374808036592503
27,19.938972909194977
28,19.141194672303925
29,25.44418055704623
30,17.40632343687903
31,22.412316879870552
32,17.07318272958666
33,24.71531622225876
"(1, 1)",55.601064537974004
"(1, 2)",51.530116077324294
"(2, 1)",39.290410719454336
"(2, 2)",60.87206884359792
"(3, 1)",36.863014687241154
"(3, 2)",62.862616917993726
"(4, 1)",36.3822007966429
"(4, 2)",37.586134988448585
"(5, 1)",40.021916241144424
"(5, 2)",36.01405502538488
"(6, 1)",35.19083187299459
"(6, 2)",23.15388421696477
"(7, 1)",33.39298199711018
"(7, 2)",119.53749059608488
"(8, 1)",26.139149471889894
"(8, 2)",31.743204047464292
"(9, 1)",27.645292624804796
"(9, 2)",37.476395558199165
"(10, 1)",29.65590083643735
"(10, 2)",31.95939837514193
"(11, 1)",28.84671874614402
"(11, 2)",18.27531350391876
"(12, 1)",28.542242050386847
"(12, 2)",17.53015095235156
"(13, 1)",29.510753214521067
"(13, 2)",35.39083602987423
"(14, 1)",34.97761993535547
"(14, 2)",34.77682391415424
"(15, 1)",39.08137525414314
"(15, 2)",32.455002067654696
"(16, 1)",41.49034904231752
"(16, 2)",45.06043611977175
"(17, 1)",20.67291614836932
"(17, 2)",21.058666629721248
"(18, 1)",25.323421658271503
"(18, 2)",17.524981144074378
"(19, 1)",34.390180024864634
"(19, 2)",32.423377614457834
"(20, 1)",32.23005486041987
"(20, 2)",35.87377671037984
"(21, 1)",24.95991898651871
"(21, 2)",25.67038729926907
"(22, 1)",30.098981347828417
"(22, 2)",21.915966619919352
"(23, 1)",28.819755025511192
"(23, 2)",30.4140537557783
"(24, 1)",24.481048082733086
"(24, 2)",29.685252172638954
"(25, 1)",34.28816267856207
"(25, 2)",41.45806936484994
"(26, 1)",33.20323836194617
"(26, 2)",32.5775867093671
"(27, 1)",33.99871190834616
"(27, 2)",33.77100815169479
"(28, 1)",34.54665356057042
"(28, 2)",31.65235729340357
"(29, 1)",26.7572179735771
"(29, 2)",35.743278453903706
"(30, 1)",27.785148628820895
"(30, 2)",25.685350421447083
"(31, 1)",31.793742189461632
"(31, 2)",28.10601085251327
"(32, 1)",36.635355885380434
"(32, 2)",31.100024776141225
"(33, 1)",33.164878876692114
"(34, 1)",40.30723554620712
0,43.32649622408517
1,36.9035095805812
2,45.26583286607636
3,39.33879215937386
4,37.94734653988048
5,31.032585719360082
6,140.26786524635787
7,36.62206696583656
8,30.201537690911884
9,24.994805796721216
10,27.813971313223295
11,26.54738200148609
12,16.397254166350745
13,16.365285586268232
14,31.51280940723093
15,36.94592293039416
16,33.18495225246225
17,15.685672293031375
18,35.547670700291775
19,34.579878999664565
20,32.25877373733386
21,21.072504490596284
22,28.60068712958586
23,29.41977467761253
24,19.79547894824001
25,16.056105467469177
26,14.504889088323813
27,15.870108104824897
28,17.25780957728273
29,19.204145781289135
30,20.30581839850329
31,22.0797621988755
32,13.41004825235636
33,17.9469664448653
"(1, 1)",43.502523423018864
"(1, 2)",30.638326780188986
"(2, 1)",46.11287385116799
"(2, 2)",40.21036047325464
"(3, 1)",53.50670356786173
"(3, 2)",40.853894582290735
"(4, 1)",50.421417357787234
"(4, 2)",53.75329466985619
"(5, 1)",45.8651011093068
"(5, 2)",28.065887443784714
"(6, 1)",38.26999376782312
"(6, 2)",20.142622569731174
"(7, 1)",37.26643788749478
"(7, 2)",30.957556501298043
"(8, 1)",44.97262459083616
"(8, 2)",36.44109316440028
"(9, 1)",41.26791465632012
"(9, 2)",38.28245157012005
"(10, 1)",31.09650073488667
"(10, 2)",42.02476677481968
"(11, 1)",36.71573583066905
"(11, 2)",29.544963932447164
"(12, 1)",33.94846612625839
"(12, 2)",26.77276668569272
"(13, 1)",32.186579236696105
"(13, 2)",36.162857553560805
"(14, 1)",35.821170721419136
"(14, 2)",40.31940182812762
"(15, 1)",29.287304945172313
"(15, 2)",28.379050071447484
"(16, 1)",32.38804468866301
"(16, 2)",37.7749356942444
"(17, 1)",28.942262430222964
"(17, 2)",30.33683296415848
"(18, 1)",36.92933724792172
"(18, 2)",28.200797289634437
"(19, 1)",41.60411182409673
"(19, 2)",27.76533465646298
"(20, 1)",37.35590814183891
"(20, 2)",32.534847591850216
"(21, 1)",34.884104694451864
"(21, 2)",18.388110656394698
"(22, 1)",30.292242307634435
"(22, 2)",25.252997684384333
"(23, 1)",30.136990025208075
"(23, 2)",18.648922459396232
"(24, 1)",33.85171115827835
"(24, 2)",36.48794315110693
"(25, 1)",39.87068158012238
"(25, 2)",46.986927485989845
"(26, 1)",28.709684725260065
"(26, 2)",39.8456039428297
"(27, 1)",27.542401406050814
"(27, 2)",33.089358463853934
"(28, 1)",27.127138515143546
"(28, 2)",33.97768927400412
"(29, 1)",28.913132347246602
"(29, 2)",32.73689452546469
"(30, 1)",34.32236923934516
"(30, 2)",31.055580363019683
"(31, 1)",29.036955544321092
"(31, 2)",30.572680353401733
"(32, 1)",29.815005423230673
"(32, 2)",35.16071057561325
"(33, 1)",28.921055696577607
"(34, 1)",30.805571205063796
0,48.75384080613867
1,39.73126150434178
2,54.271005163332475
3,48.626503740417455
4,44.97697529279579
5,32.1748520597723
6,38.70696093487603
7,50.67401182249558
8,41.00805839629552
9,35.21102692044706
10,33.506959327452094
11,32.3160138371528
12,40.43812830137027
13,32.60751377789245
14,18.82435553625705
15,35.93646321996723
16,29.15594561114417
17,32.44796691380044
18,41.778721504496986
19,32.99879645211426
20,26.495737231322792
21,36.02584424921796
22,25.004213323550278
23,40.952102676119466
24,30.675713938747162
25,28.21674295713451
26,22.16055961478564
27,17.45707369372931
28,22.422963689436145
29,28.39919083078927
30,20.797908404330798
31,20.115276244597617
32,25.487994093766897
33,25.42331364751371
"(1, 1)",33.42891334449938
"(1, 2)",39.42928606321636
"(2, 1)",34.685729984901236
"(2, 2)",51.86612760912164
"(3, 1)",29.254010934856506
"(3, 2)",32.942012371008545
"(4, 1)",32.00639911258912
"(4, 2)",33.466973620799386
"(5, 1)",28.4093825038244
"(5, 2)",36.274157000726575
"(6, 1)",37.21020487964915
"(6, 2)",37.7950201508456
"(7, 1)",30.74991016948333
"(7, 2)",33.23607870278484
"(8, 1)",36.71895931682712
"(8, 2)",44.26723303931306
"(9, 1)",31.167969295979113
"(9, 2)",29.769329914087745
"(10, 1)",24.205572356648215
"(10, 2)",26.896392475219702
"(11, 1)",35.471635872556284
"(11, 2)",40.77855164592641
"(12, 1)",29.07127933394186
"(12, 2)",39.763480931307456
"(13, 1)",21.1017366463666
"(13, 2)",33.255256659516554
"(14, 1)",27.17008724446865
"(14, 2)",60.16938178903719
"(15, 1)",23.859802767544586
"(15, 2)",30.078021604703885
"(16, 1)",27.628742598696792
"(16, 2)",21.499181393233144
"(17, 1)",26.1611483172014
"(17, 2)",39.489498436889036
"(18, 1)",28.90133236324215
"(18, 2)",38.180264772344536
"(19, 1)",28.646442540992336
"(19, 2)",21.68143656277183
"(20, 1)",25.416604322443007
"(20, 2)",30.30959803413009
"(21, 1)",26.6937626109458
"(21, 2)",28.98609573439493
"(22, 1)",24.365742319174828
"(22, 2)",27.68861442248889
"(23, 1)",25.38719475279727
"(23, 2)",26.30997934918074
"(24, 1)",24.073337372997468
"(24, 2)",21.352111175251544
"(25, 1)",21.042632393497776
"(25, 2)",46.56942229521746
"(26, 1)",24.541410915786493
"(26, 2)",31.654357943489984
"(27, 1)",26.92094336582988
"(27, 2)",26.749269975027588
"(28, 1)",24.37667703274636
"(28, 2)",46.75630228780799
"(29, 1)",25.671767874734062
"(29, 2)",37.305241760557365
"(30, 1)",23.878643037725393
"(30, 2)",21.881548191923454
"(31, 1)",23.279648297581158
"(31, 2)",30.70816331313277
"(32, 1)",24.9005606632211
"(32, 2)",37.40220870096759
"(33, 1)",27.238849680220845
"(34, 1)",27.182334025710585
0,36.00980565180994
1,46.08633221111758
2,25.822846184052054
3,26.787502310692926
4,29.681023756083054
5,33.17928471817322
6,29.970045543049153
7,42.53485656355915
8,22.61153268329202
9,19.646367606079778
10,37.74992385285593
11,38.38881011950306
12,26.527815793025916
13,37.27074501036383
14,22.909791002293712
15,23.402990076160474
16,36.331826985875665
17,35.58077267016053
18,16.74473595842767
19,24.17016006740099
20,25.39510458500988
21,25.124394422490273
22,18.28722291262604
23,14.7753625202174
24,25.19094550620036
25,28.30054062876582
26,20.9320100609924
27,25.643993446785682
28,30.499508431251122
29,18.213671489648522
30,26.289546699647286
31,27.69046211741153
32,24.70095225626553
33,26.60089736472229
"(1, 1)",34.691314362325585
"(1, 2)",76.35793382666289
"(2, 1)",54.85238381557049
"(2, 2)",37.15436953922225
"(3, 1)",43.768527415476186
"(3, 2)",32.168210332858166
"(4, 1)",49.939835712383164
"(4, 2)",34.771167688190815
"(5, 1)",78.52956960003137
"(5, 2)",48.588290608437205
"(6, 1)",78.52964714500699
"(6, 2)",26.00145076464477
"(7, 1)",43.62700760766081
"(7, 2)",32.03859028856688
"(8, 1)",43.65611585069198
"(8, 2)",33.70451159320639
"(9, 1)",44.98277272917508
"(9, 2)",74.52225397247331
"(10, 1)",43.79593393844221
"(10, 2)",33.89555906828211
"(11, 1)",47.5507268113849
"(11, 2)",36.250772453599296
"(12, 1)",47.43979011228865
"(12, 2)",34.930224926993546
"(13, 1)",42.386031355692005
"(13, 2)",33.49074385907388
"(14, 1)",43.9253307870626
"(14, 2)",50.8138505828579
"(15, 1)",33.09350631224223
"(15, 2)",38.05104669418069
"(16, 1)",27.806837131727626
"(16, 2)",24.515790842253185
"(17, 1)",34.66855813516554
"(17, 2)",39.819501089103326
"(18, 1)",37.279772137213925
"(18, 2)",40.52966049742819
"(19, 1)",22.324845406983062
"(19, 2)",26.732815545172155
"(20, 1)",37.2324177794209
"(20, 2)",67.38268333185049
"(21, 1)",38.20990407092181
"(21, 2)",28.024134026807314
"(22, 1)",30.630323403094657
"(22, 2)",23.94974590577357
"(23, 1)",35.4790674034143
"(23, 2)",26.35331100160652
"(24, 1)",28.428110958008105
"(24, 2)",27.28429789794827
"(25, 1)",34.62885134540733
"(25, 2)",26.242332825102405
"(26, 1)",36.4537798172883
"(26, 2)",26.439630183737165
"(27, 1)",41.97073643233391
"(27, 2)",28.560558891684032
"(28, 1)",35.99952898379461
"(28, 2)",25.6142645309803
"(29, 1)",32.57136876170745
"(29, 2)",25.221617647778395
"(30, 1)",30.718951032180534
"(30, 2)",25.694320157875914
"(31, 1)",34.28787746228076
"(31, 2)",26.464855215106716
"(32, 1)",42.862692358793446
"(32, 2)",30.452756713961858
"(33, 1)",22.77548187770804
"(34, 1)",31.89360296687552
0,97.64533172340121
1,35.21203946623786
2,34.346856129801424
3,40.32449424776705
4,56.34622928803996
5,45.79373244744689
6,35.09655892975786
7,39.846292231097124
8,78.07101378327162
9,43.155982570099845
10,39.91748764460656
11,40.682123644956995
12,36.21034219269322
13,56.05950072891381
14,48.46715236726395
15,28.56639275082101
16,53.29528963721597
17,40.238432791641586
18,31.854583231408768
19,106.75961821273843
20,34.515718490949766
21,34.782422253384475
22,32.99405940449365
23,33.82363148816312
24,20.74798601039024
25,28.87799153227936
26,23.47233848387165
27,30.462880677569643
28,20.656348938759628
29,31.263594537652672
30,25.487526362385
31,32.77155816459806
32,39.9723798602589
33,26.879791481996897
"(1, 1)",37.62960206929881
"(1, 2)",51.183454830132355
"(2, 1)",35.505307879551474
"(2, 2)",41.91452221496229
"(3, 1)",38.54151315942932
"(3, 2)",41.98945685484616
"(4, 1)",35.74186443682102
"(4, 2)",35.285570813967716
"(5, 1)",32.28450855192326
"(5, 2)",37.13220154061202
"(6, 1)",31.078449704568502
"(6, 2)",29.367358888525967
"(7, 1)",32.55574849927757
"(7, 2)",32.83707375823543
"(8, 1)",34.186372116995884
"(8, 2)",29.0200719657078
"(9, 1)",33.06889997343858
"(9, 2)",41.5989450469435
"(10, 1)",32.259405072206924
"(10, 2)",38.10194108407036
"(11, 1)",33.027829609762236
"(11, 2)",34.02356972938549
"(12, 1)",29.47652687640572
"(12, 2)",28.450093604924835
"(13, 1)",31.1248804822012
"(13, 2)",36.594956859747406
"(14, 1)",30.08570842583876
"(14, 2)",36.753552762737684
"(15, 1)",30.812446497957826
"(15, 2)",37.31605265772965
"(16, 1)",27.248991633987355
"(16, 2)",32.428778233969545
"(17, 1)",28.00235311957737
"(17, 2)",31.537976566535473
"(18, 1)",36.12264911574314
"(18, 2)",33.657601901706805
"(19, 1)",31.38262710570591
"(19, 2)",27.957411380794237
"(20, 1)",31.900726302557402
"(20, 2)",38.34341754301764
"(21, 1)",26.97187127299283
"(21, 2)",29.71433852181212
"(22, 1)",33.65729052495117
"(22, 2)",30.030927183423856
"(23, 1)",33.679955952656606
"(23, 2)",35.62347592347528
"(24, 1)",27.562751965173845
"(24, 2)",40.048962680054856
"(25, 1)",35.156731262242765
"(25, 2)",39.10880072368328
"(26, 1)",28.86146654911341
"(26, 2)",35.069156160834
"(27, 1)",32.88662856521291
"(27, 2)",37.347584437732195
"(28, 1)",24.82624566199918
"(28, 2)",36.211105080763886
"(29, 1)",23.450993218783555
"(29, 2)",35.82597866614275
"(30, 1)",26.05953395243971
"(30, 2)",34.147094788485234
"(31, 1)",26.770594512337375
"(31, 2)",34.01867254595386
"(32, 1)",21.902967583269216
"(32, 2)",31.099946865783636
"(33, 1)",22.60328106682938
"(34, 1)",23.3331193104388
0,42.14226465260939
1,34.65736835757308
2,31.652817955860257
3,33.292783748534205
4,28.952845768604753
5,24.576947877031913
6,25.87441878637747
7,23.409904966468908
8,31.27388443078693
9,33.34916525521669
10,25.18615329922942
11,21.44371181973686
12,26.976316440571264
13,25.454685979848893
14,33.05695031338803
15,27.298750443212015
16,27.117496629512203
17,25.686379814404596
18,24.053672706647145
19,33.93438696687192
20,20.795108809891627
21,20.989340658070137
22,32.2289323689169
23,30.553822948642235
24,26.233589132214405
25,21.529830575793667
26,24.099427814386353
27,31.838072021236435
28,20.312906967745914
29,21.6005185761795
30,22.23693458512174
31,19.85791381946268
32,23.75349159924301
33,24.68602735255998
"(1, 1)",76.8511743504134
"(1, 2)",92.46077684811569
"(2, 1)",49.91675172384824
"(2, 2)",50.818254477429775
"(3, 1)",51.48179738267129
"(3, 2)",54.4287680012426
"(4, 1)",44.12254181651304
"(4, 2)",39.82817449518169
"(5, 1)",44.848332492787165
"(5, 2)",38.943076624383345
"(6, 1)",54.949516045211716
"(6, 2)",51.674703834326706
"(7, 1)",56.09993529467841
"(7, 2)",45.30440984509446
"(8, 1)",42.565763563164275
"(8, 2)",35.29851508254213
"(9, 1)",44.42343417015447
"(9, 2)",35.802903495213464
"(10, 1)",45.249245239900276
"(10, 2)",40.27085036426702
"(11, 1)",35.85114743813281
"(11, 2)",29.021359037011738
"(12, 1)",54.557442857151486
"(12, 2)",48.016205223636014
"(13, 1)",44.87390759331711
"(13, 2)",40.62982638350035
"(14, 1)",44.06273301571614
"(14, 2)",41.19439813824375
"(15, 1)",49.8728328033261
"(15, 2)",43.066656420136766
"(16, 1)",58.76495338198559
"(16, 2)",51.97500227907423
"(17, 1)",55.061035098215704
"(17, 2)",50.34850440595656
"(18, 1)",50.94329435010513
"(18, 2)",39.235667601945444
"(19, 1)",37.42268364343232
"(19, 2)",34.310264211486455
"(20, 1)",54.269649633215394
"(20, 2)",47.09128414807867
"(21, 1)",53.15767865664992
"(21, 2)",51.04131565202699
"(22, 1)",58.100306191609945
"(22, 2)",48.63964383319751
"(23, 1)",43.48370612138121
"(23, 2)",38.153899105522584
"(24, 1)",52.15158298090558
"(24, 2)",42.64210068047603
"(25, 1)",44.18700534477025
"(25, 2)",34.84512181809141
"(26, 1)",52.440981905043216
"(26, 2)",41.261275857929604
"(27, 1)",53.52342199754053
"(27, 2)",41.36270646460096
"(28, 1)",60.07430063547616
"(28, 2)",48.54048948033682
"(29, 1)",62.01344164031408
"(29, 2)",49.8263929326088
"(30, 1)",54.18516692673788
"(30, 2)",44.304983919919
"(31, 1)",62.544367055123246
"(31, 2)",48.075398462936604
"(32, 1)",43.286129715354974
"(32, 2)",35.098567253801434
"(33, 1)",44.79409357688173
"(34, 1)",60.70735355060636
0,83.59754679544987
1,43.62483207913194
2,43.60625308639758
3,33.083766822008485
4,40.423168926991295
5,39.73106367040874
6,34.82923539524331
7,25.75036360721842
8,31.33037902932844
9,28.26917652472924
10,23.5577907648493
11,32.207917577630965
12,27.47794196292861
13,30.34551025206604
14,30.623644353758472
15,36.1699464319908
16,34.85361069930804
17,27.082099925159593
18,26.30716050809936
19,29.859270376592285
20,33.39997760022006
21,33.271353800190724
22,24.448703416869908
23,30.181815042625395
24,17.810099679704926
25,20.433405951254727
26,20.749461696905247
27,27.58541056532099
28,29.68583893878672
29,23.211891460308017
30,28.035101948672736
31,20.76487615177854
32,18.370028419866795
33,28.59375643453189
"(1, 1)",120.02953771872983
"(1, 2)",33.92357635915624
"(2, 1)",124.95337979870662
"(2, 2)",38.55530063976247
"(3, 1)",117.07135828204335
"(3, 2)",38.547076416068435
"(4, 1)",119.84442695365372
"(4, 2)",32.918424364202764
"(5, 1)",126.25677639706551
"(5, 2)",31.881422591296168
"(6, 1)",116.19973810341597
"(6, 2)",42.29739663070885
"(7, 1)",123.3245002261274
"(7, 2)",37.28202290480092
"(8, 1)",118.83460842293178
"(8, 2)",46.70974231661563
"(9, 1)",116.71706886066747
"(9, 2)",35.352966954949096
"(10, 1)",118.87381609751664
"(10, 2)",25.49496337630968
"(11, 1)",119.99472435628321
"(11, 2)",70.21373474990827
"(12, 1)",128.21271873426468
"(12, 2)",77.59714188564541
"(13, 1)",116.26705153049598
"(13, 2)",28.54703703524409
"(14, 1)",120.98745969849156
"(14, 2)",30.601091610375413
"(15, 1)",117.6793186011143
"(15, 2)",31.035704665885763
"(16, 1)",115.8004039862367
"(16, 2)",31.046710849843006
"(17, 1)",117.81475526798432
"(17, 2)",25.276518775747352
"(18, 1)",122.35222455680791
"(18, 2)",58.37524312930903
"(19, 1)",127.30013718582607
"(19, 2)",78.83476013881642
"(20, 1)",116.33735583728995
"(20, 2)",26.353205274394764
"(21, 1)",116.70492573998328
"(21, 2)",27.662551026598162
"(22, 1)",117.55602572378473
"(22, 2)",30.598299399235792
"(23, 1)",118.12773558342577
"(23, 2)",22.023903708046117
"(24, 1)",116.22814709523654
"(24, 2)",27.8775840956966
"(25, 1)",116.71752665148259
"(25, 2)",24.759953045360387
"(26, 1)",115.45363762042183
"(26, 2)",24.893843945392344
"(27, 1)",115.39809262182987
"(27, 2)",23.65790779819519
"(28, 1)",118.24254440894777
"(28, 2)",29.98036673371526
"(29, 1)",24.35924743560534
"(29, 2)",26.443424708336234
"(30, 1)",113.41266106521923
"(30, 2)",31.811853690313566
"(31, 1)",114.52042902799776
"(31, 2)",35.68207770569428
"(32, 1)",116.96005057533526
"(32, 2)",33.91626379658585
"(33, 1)",115.91161331964658
"(34, 1)",115.48742874113503
0,37.17541763628489
1,43.34904366134006
2,46.136405096660035
3,37.868917217742315
4,30.43613828171398
5,39.535855608591824
6,37.230536387662646
7,40.70415022644513
8,32.52078937918132
9,23.233137190257853
10,76.44136287915946
11,76.69056810881213
12,26.271061518941394
13,27.708997340762927
14,40.530675303161914
15,38.40146537054271
16,27.101807395659833
17,84.3475680166404
18,87.56314607866119
19,27.477844992731587
20,24.81037462983448
21,24.95994555711889
22,20.91983564610674
23,30.71074385443836
24,24.18203796800421
25,30.660248493012578
26,27.85850009078163
27,30.198991275816343
28,33.99503599929521
29,34.03120254884037
30,39.55600043254711
31,30.27309781983933
32,33.814977743593005
33,35.35969978823278
"(1, 1)",47.31168404697898
"(1, 2)",43.6120270848424
"(2, 1)",29.84270640063836
"(2, 2)",29.073444219910424
"(3, 1)",30.123155625207964
"(3, 2)",28.702574748494225
"(4, 1)",37.33813856933319
"(4, 2)",47.051120814868156
"(5, 1)",27.931723063718852
"(5, 2)",29.740141830512044
"(6, 1)",34.196151544620804
"(6, 2)",27.73327000157042
"(7, 1)",37.1667274630714
"(7, 2)",28.85573755457713
"(8, 1)",26.32409195095871
"(8, 2)",30.825185409743828
"(9, 1)",35.392346749136514
"(9, 2)",27.20009692471606
"(10, 1)",28.83325081694783
"(10, 2)",23.809757389724098
"(11, 1)",34.441237823799206
"(11, 2)",26.216021551408804
"(12, 1)",30.946600108069184
"(12, 2)",24.337356044949793
"(13, 1)",31.649408361388645
"(13, 2)",23.452866997930535
"(14, 1)",28.096443734857683
"(14, 2)",33.65747215909321
"(15, 1)",25.320063714571123
"(15, 2)",30.930441381348697
"(16, 1)",32.04695728176734
"(16, 2)",25.18498831568473
"(17, 1)",31.114509479156087
"(17, 2)",24.91266041166145
"(18, 1)",26.30772193194635
"(18, 2)",22.32758774742124
"(19, 1)",26.51778491805119
"(19, 2)",19.920349692330884
"(20, 1)",33.91704448028168
"(20, 2)",42.86066475547658
"(21, 1)",35.39235018771305
"(21, 2)",28.53894574829738
"(22, 1)",36.227167804571906
"(22, 2)",24.918775204247865
"(23, 1)",36.06573923926648
"(23, 2)",27.286540782126064
"(24, 1)",24.41974926027392
"(24, 2)",20.59124385436261
"(25, 1)",31.367683613537675
"(25, 2)",33.9746660325119
"(26, 1)",32.169494661358996
"(26, 2)",32.72604391022563
"(27, 1)",36.265984231440584
"(27, 2)",38.91143573440321
"(28, 1)",32.43810594291652
"(28, 2)",22.264626813499998
"(29, 1)",34.334375259263695
"(29, 2)",25.927431760193304
"(30, 1)",37.43445080210494
"(30, 2)",32.26640116068305
"(31, 1)",32.8912250092373
"(31, 2)",27.12110265859982
"(32, 1)",19.065656939523993
"(32, 2)",24.843062174499057
"(33, 1)",31.153121886884705
"(34, 1)",35.06597114649948
0,41.17878157686868
1,35.172520049345394
2,31.228908547320728
3,35.828021215637705
4,46.090225089366996
5,26.931431416311923
6,24.40895434105695
7,48.64564215021192
8,25.797487012975505
9,23.63418972415016
10,41.83836047580955
11,23.939263831601473
12,25.156267904538538
13,28.759145597206416
14,30.640499990446507
15,18.89405106601726
16,20.284126843904872
17,26.442524511135773
18,24.169996143884102
19,24.257524932533492
20,18.640760169781675
21,18.214942892468084
22,17.581335560874905
23,31.95058031349401
24,25.027053698529414
25,19.327894647005127
26,21.210761356533467
27,19.208832181098924
28,16.217011413148455
29,22.57762292299586
30,18.198982218312075
31,39.20497265777962
32,16.78934987179031
33,22.639098824807913
"(1, 1)",45.532504743443134
"(1, 2)",48.174587122355035
"(2, 1)",39.08172871608231
"(2, 2)",47.676335297427286
"(3, 1)",42.895282837261654
"(3, 2)",39.839867098358425
"(4, 1)",39.41434453950865
"(4, 2)",28.986336918914517
"(5, 1)",41.80871301212934
"(5, 2)",31.78691314373638
"(6, 1)",38.56994018468016
"(6, 2)",27.118455657840244
"(7, 1)",37.66395988698982
"(7, 2)",29.72438977366185
"(8, 1)",42.818624228209295
"(8, 2)",36.14780950857097
"(9, 1)",41.40856035135458
"(9, 2)",28.69758103684448
"(10, 1)",33.03010472259594
"(10, 2)",25.648001430038594
"(11, 1)",41.918014898570185
"(11, 2)",27.496378947541537
"(12, 1)",31.999612845520335
"(12, 2)",24.526292325292694
"(13, 1)",37.35859013518871
"(13, 2)",38.09861341300359
"(14, 1)",45.019093193961915
"(14, 2)",38.36375171392603
"(15, 1)",34.97051809915896
"(15, 2)",34.274836696089054
"(16, 1)",30.03916890052338
"(16, 2)",32.54188504482502
"(17, 1)",31.825117490117854
"(17, 2)",23.5846125583254
"(18, 1)",35.734436088977176
"(18, 2)",27.205835417620264
"(19, 1)",37.468317506181826
"(19, 2)",27.432582608046584
"(20, 1)",29.924810327406934
"(20, 2)",25.62257549274944
"(21, 1)",37.105681393592
"(21, 2)",24.58140038899412
"(22, 1)",33.04667163435404
"(22, 2)",23.288892514548476
"(23, 1)",33.10548465426214
"(23, 2)",22.743062944286883
"(24, 1)",50.16753926659291
"(24, 2)",36.6812888617869
"(25, 1)",34.195157515885754
"(25, 2)",37.84417338654127
"(26, 1)",36.06432296325838
"(26, 2)",36.03854129127574
"(27, 1)",38.92659389895263
"(27, 2)",34.06476843622023
"(28, 1)",41.517711728142274
"(28, 2)",35.56337021648193
"(29, 1)",32.41824121931417
"(29, 2)",34.88113888439993
"(30, 1)",35.57210367577073
"(30, 2)",32.97838153705034
"(31, 1)",33.27234489692065
"(31, 2)",31.871586306806137
"(32, 1)",41.49296635334409
"(32, 2)",34.88374830512443
"(33, 1)",32.57176812435309
"(34, 1)",36.72778049773168
0,36.22993588165352
1,39.541846629980384
2,39.37349582868136
3,31.116724145926508
4,31.486620900679853
5,29.865000349115242
6,32.768233163785354
7,37.4133911437206
8,27.415793783594797
9,25.470594505192135
10,29.819850896517305
11,26.04237757454419
12,28.159336597035924
13,29.248348453488088
14,26.03461432743183
15,23.445786525082276
16,22.530638790101406
17,29.261502476661605
18,27.271376828855995
19,23.729218832939353
20,23.7073070833503
21,25.13503999245881
22,23.638568438288104
23,34.40911035133158
24,26.35364209736459
25,23.65251945683745
26,21.974305330946628
27,23.360691682548907
28,21.919704889942828
29,23.54875948630133
30,18.321734644420445
31,22.36876916282259
32,25.927621730820388
33,22.366505134804083
"(1, 1)",127.0656926802038
"(1, 2)",41.72432560974139
"(2, 1)",34.072013660531375
"(2, 2)",42.41367526165775
"(3, 1)",35.64337554192797
"(3, 2)",43.34470761965102
"(4, 1)",35.86283572861506
"(4, 2)",38.61494006800926
"(5, 1)",35.40732753071838
"(5, 2)",39.085616324357225
"(6, 1)",33.05593135191026
"(6, 2)",38.309374801261775
"(7, 1)",32.95894661692725
"(7, 2)",37.9294266922598
"(8, 1)",49.07724556489877
"(8, 2)",45.58108918344788
"(9, 1)",62.0181005659629
"(9, 2)",35.03017777572698
"(10, 1)",28.298293060995416
"(10, 2)",48.68151377785966
"(11, 1)",39.67335528506451
"(11, 2)",36.59205140969808
"(12, 1)",37.80962372970454
"(12, 2)",34.013345082473336
"(13, 1)",29.27447105042756
"(13, 2)",47.809473344641866
"(14, 1)",36.71195837839326
"(14, 2)",40.23633307899353
"(15, 1)",31.71169231863158
"(15, 2)",40.86389252532806
"(16, 1)",30.89718250097169
"(16, 2)",46.062335990927686
"(17, 1)",25.528349875972683
"(17, 2)",47.87277936438345
"(18, 1)",29.67102935520783
"(18, 2)",37.369466038962635
"(19, 1)",32.92374752493801
"(19, 2)",32.89738230238278
"(20, 1)",28.113564676552848
"(20, 2)",49.79544006805552
"(21, 1)",29.25436304366566
"(21, 2)",44.58301470969068
"(22, 1)",25.311358640196264
"(22, 2)",39.94315704413267
"(23, 1)",24.850286994179452
"(23, 2)",32.35095159727717
"(24, 1)",30.395941756602987
"(24, 2)",45.56295673170015
"(25, 1)",27.285149997749603
"(25, 2)",50.38213624017177
"(26, 1)",30.212413311831813
"(26, 2)",45.85929833815532
"(27, 1)",33.95597134636794
"(27, 2)",34.45707356164687
"(28, 1)",23.448124129344436
"(28, 2)",49.55137252192931
"(29, 1)",28.464694007802024
"(29, 2)",42.2355889695395
"(30, 1)",31.611041730097945
"(30, 2)",41.62093969242714
"(31, 1)",30.611575969390564
"(31, 2)",42.45206855472776
"(32, 1)",30.514415451422014
"(32, 2)",41.22507718464248
"(33, 1)",33.73491279577429
"(34, 1)",38.173123427412484
0,39.14801939263259
1,45.01913443067735
2,40.01930322998777
3,31.329102880805916
4,38.85490678526915
5,34.39827132738762
6,33.001921689136346
7,35.847307368587444
8,30.548196131054826
9,42.256823200405115
10,26.240200362717022
11,25.74048158828167
12,28.822523483869073
13,30.586519025381435
14,26.04600763590795
15,27.13921960970781
16,38.65492026324193
17,32.891755815229374
18,23.47237358805146
19,35.30248118624075
20,32.452797329384126
21,35.12067940227486
22,22.299750029511763
23,29.595221226666716
24,33.08443721610314
25,26.176975828118266
26,21.81059830869752
27,31.502749949774504
28,24.95285154541871
29,28.55749592368305
30,25.942621651267473
31,24.74444942891499
32,28.055954137078974
33,31.47816898678789
"(1, 1)",111.0820332834058
"(1, 2)",71.26568672085641
"(2, 1)",46.06709012344718
"(2, 2)",54.75270990124349
"(3, 1)",99.74596637243421
"(3, 2)",73.65182876990825
"(4, 1)",64.83074674056495
"(4, 2)",56.53644647336821
"(5, 1)",60.67848403322813
"(5, 2)",76.87293847747084
"(6, 1)",40.13947997296404
"(6, 2)",36.346491034367475
"(7, 1)",49.45484608907916
"(7, 2)",53.11745795958852
"(8, 1)",46.04832128159829
"(8, 2)",39.096396158395336
"(9, 1)",54.59151740258216
"(9, 2)",63.76193839969322
"(10, 1)",52.48481939311924
"(10, 2)",35.737250738534165
"(11, 1)",60.90216480151049
"(11, 2)",53.99901298677459
"(12, 1)",34.73549721404516
"(12, 2)",29.22937113916983
"(13, 1)",80.70231648953224
"(13, 2)",48.77703801448796
"(14, 1)",50.56047529504757
"(14, 2)",57.24009565680702
"(15, 1)",37.87268070048759
"(15, 2)",44.50779456806152
"(16, 1)",61.934321653947826
"(16, 2)",63.09043486278458
"(17, 1)",41.88835704580444
"(17, 2)",33.85499776171603
"(18, 1)",40.13069500073878
"(18, 2)",26.572362389247335
"(19, 1)",33.64356992675178
"(19, 2)",27.27817094882819
"(20, 1)",37.35568180344469
"(20, 2)",33.46308349236883
"(21, 1)",61.79444092556533
"(21, 2)",44.77430709886141
"(22, 1)",41.86651791239026
"(22, 2)",30.840070697207395
"(23, 1)",60.460684497067156
"(23, 2)",42.054388897884245
"(24, 1)",50.29522252762712
"(24, 2)",46.683254243798785
"(25, 1)",65.65942473801894
"(25, 2)",48.86783322943715
"(26, 1)",49.861620331709645
"(26, 2)",50.210745881682904
"(27, 1)",49.56806368966234
"(27, 2)",46.10602899754782
"(28, 1)",49.93442320035616
"(28, 2)",51.516968683458586
"(29, 1)",38.580647887459484
"(29, 2)",37.946509380874794
"(30, 1)",42.262787904363435
"(30, 2)",48.776422709472214
"(31, 1)",57.69394124334418
"(31, 2)",47.36378983592411
"(32, 1)",35.11616331886137
"(32, 2)",44.00077893857673
"(33, 1)",33.74971221494084
"(34, 1)",42.08640092747187
0,65.5052889655319
1,59.75536399069665
2,74.46467970611691
3,50.57349596963864
4,80.73667975051607
5,32.59345719891414
6,50.66798411552594
7,32.5872408027603
8,57.26626995211577
9,25.793020797623747
10,47.44277540354582
11,20.315680771253703
12,27.801986694310063
13,45.76762876514141
14,38.859372178839536
15,57.95246229511943
16,24.718035382972793
17,17.457579016959006
18,17.923303775184824
19,22.058655486616583
20,36.65925898471467
21,28.105384518319642
22,37.82454311383268
23,33.13378639908627
24,32.32850256715582
25,37.56157677637784
26,34.25462027691977
27,37.874006570626804
28,16.838143303574988
29,33.63526610865668
30,43.94564178230293
31,28.179756857275375
32,28.97703994230593
33,34.049772350202986
"(1, 1)",49.70662380521298
"(1, 2)",102.63678068635193
"(2, 1)",31.50832426419418
"(2, 2)",99.05790296951245
"(3, 1)",40.55197076121435
"(3, 2)",101.95694665612719
"(4, 1)",33.64643465503464
"(4, 2)",100.03534355735513
"(5, 1)",29.326330983896536
"(5, 2)",100.17055246182821
"(6, 1)",28.924846244275347
"(6, 2)",98.3696567166994
"(7, 1)",34.23028236527177
"(7, 2)",99.60136154286914
"(8, 1)",26.61839096283714
"(8, 2)",100.50184383024067
"(9, 1)",29.937304069638902
"(9, 2)",100.04452365128547
"(10, 1)",24.237186178435216
"(10, 2)",98.89328784195295
"(11, 1)",27.482384830978983
"(11, 2)",99.62598112937616
"(12, 1)",26.645938022139415
"(12, 2)",99.57028488578888
"(13, 1)",29.01078098120554
"(13, 2)",100.7549030293199
"(14, 1)",32.558344893298475
"(14, 2)",102.03426029309435
"(15, 1)",23.73787087480014
"(15, 2)",98.43901285695833
"(16, 1)",27.35960996338834
"(16, 2)",100.4991002765507
"(17, 1)",22.256634826727392
"(17, 2)",98.48994618272616
"(18, 1)",25.125602796954535
"(18, 2)",99.28016139356504
"(19, 1)",24.5152068753557
"(19, 2)",98.85557166805715
"(20, 1)",26.19545542707535
"(20, 2)",96.85991239718355
"(21, 1)",23.882698591991282
"(21, 2)",97.42031480336156
"(22, 1)",22.142320932183743
"(22, 2)",97.84932595024785
"(23, 1)",28.724385200006978
"(23, 2)",99.52877617122499
"(24, 1)",23.889116302443703
"(24, 2)",99.13584226549355
"(25, 1)",28.187941446642164
"(25, 2)",97.66695280889391
"(26, 1)",29.06692910867316
"(26, 2)",98.86067334202855
"(27, 1)",42.807112745667
"(27, 2)",99.30828546132217
"(28, 1)",29.51609254853652
"(28, 2)",97.91899917947818
"(29, 1)",29.150226707926844
"(29, 2)",97.64754268230438
"(30, 1)",29.6934171924907
"(30, 2)",101.37157249519777
"(31, 1)",21.071172734959536
"(31, 2)",98.61183189692582
"(32, 1)",30.579411709218068
"(32, 2)",97.53214519058652
"(33, 1)",31.08141652307153
"(34, 1)",35.07055121205791
0,39.92569534712933
1,38.27459928279071
2,34.01302656613617
3,33.74523124138598
4,35.85413563428991
5,33.180524604976654
6,37.92482099429218
7,30.95514166114983
8,23.609556790702435
9,28.363525928273827
10,28.711417170964356
11,29.111461051462925
12,19.466615916067767
13,26.536814691591
14,31.657352341669778
15,22.92335205052459
16,36.77034107213304
17,32.517970359039516
18,30.90923351833859
19,31.940291073676377
20,25.750157058228694
21,31.062416588533
22,26.08976426005276
23,26.100722990873454
24,19.170030127352113
25,21.033158404584476
26,26.849521712533676
27,22.660762829938992
28,22.414191082646095
29,29.226090188260276
30,20.09803517027262
31,19.74462238158579
32,16.90215021334163
33,17.99524459117085
"(1, 1)",61.35167696091421
"(1, 2)",103.85086494381679
"(2, 1)",89.96429615601467
"(2, 2)",63.10149938825124
"(3, 1)",92.50491496241338
"(3, 2)",86.6067537138234
"(4, 1)",93.5809952856468
"(4, 2)",76.5956829509161
"(5, 1)",90.10974545472958
"(5, 2)",66.05342723782671
"(6, 1)",89.08808917926308
"(6, 2)",73.12207919212842
"(7, 1)",46.88118611769781
"(7, 2)",35.56412060830848
"(8, 1)",86.66904213568478
"(8, 2)",49.63617693835146
"(9, 1)",53.40886155107034
"(9, 2)",61.44030113816076
"(10, 1)",87.41222727744626
"(10, 2)",50.971695271579975
"(11, 1)",56.608189153181044
"(11, 2)",48.965376772040706
"(12, 1)",50.93182783199825
"(12, 2)",46.418558191264886
"(13, 1)",51.290869405496494
"(13, 2)",56.5746991650332
"(14, 1)",88.06330184463204
"(14, 2)",55.471533629609816
"(15, 1)",51.289545485912235
"(15, 2)",45.62144321829071
"(16, 1)",85.84838767747969
"(16, 2)",50.875892767724665
"(17, 1)",84.28494194479077
"(17, 2)",45.38511529998609
"(18, 1)",47.7849322490289
"(18, 2)",30.631611232145723
"(19, 1)",45.189171932474885
"(19, 2)",37.19589738440903
"(20, 1)",85.08263489917694
"(20, 2)",47.58190297174788
"(21, 1)",86.61965366723946
"(21, 2)",37.2283391517132
"(22, 1)",44.46249223217926
"(22, 2)",39.208123196140725
"(23, 1)",88.7541418269604
"(23, 2)",42.06714553535
"(24, 1)",84.31378325412005
"(24, 2)",49.75755098801493
"(25, 1)",90.54801073440137
"(25, 2)",45.24282566641005
"(26, 1)",84.95934194104392
"(26, 2)",51.29343872905759
"(27, 1)",90.03664802104333
"(27, 2)",50.45643409559353
"(28, 1)",84.23484411574464
"(28, 2)",51.239134453662224
"(29, 1)",40.10863779871999
"(29, 2)",42.399378384945045
"(30, 1)",85.29807161355401
"(30, 2)",50.63419694072848
"(31, 1)",82.18683813153925
"(31, 2)",48.63036836493544
"(32, 1)",85.0897054729143
"(32, 2)",51.80916331464715
"(33, 1)",52.31112674458511
"(34, 1)",52.3236517026056
0,112.72608863267573
1,57.828244875721026
2,77.53695630721754
3,72.11653728885172
4,59.13154849899842
5,67.04122838592305
6,44.356645041992664
7,43.04892235746546
8,51.708326362693626
9,44.80911309224745
10,43.957105157052936
11,36.87544379204274
12,33.14661418084316
13,27.126560314457087
14,23.30495577197456
15,36.09113240245523
16,29.201489935642297
17,25.123723288607227
18,32.200123860751404
19,41.20647706014196
20,28.309688701917715
21,32.33188362918125
22,26.890623635604705
23,35.37141816713491
24,24.554738062254945
25,29.146655457448706
26,32.06495601950608
27,27.569926090817013
28,29.690812993936145
29,30.833719997002724
30,29.842192131255107
31,29.76301895059527
32,32.21871565888303
33,34.216735867365294
"(1, 1)",36.2462802496163
"(1, 2)",158.90089077866213
"(2, 1)",29.757981087016415
"(2, 2)",96.55916963990892
"(3, 1)",91.51126147623971
"(3, 2)",93.66860352099621
"(4, 1)",92.21603143879966
"(4, 2)",96.97870944640847
"(5, 1)",91.79227085449492
"(5, 2)",92.57992088037058
"(6, 1)",92.32340940486034
"(6, 2)",97.51936517675267
"(7, 1)",91.74170803736712
"(7, 2)",92.53350347586651
"(8, 1)",91.00599340032899
"(8, 2)",92.02823157257012
"(9, 1)",90.35006283927518
"(9, 2)",91.75713600565827
"(10, 1)",89.46316318862159
"(10, 2)",90.72795992358279
"(11, 1)",90.93721615868907
"(11, 2)",90.15854388799191
"(12, 1)",89.44326705911446
"(12, 2)",90.41728686812911
"(13, 1)",89.22232672588883
"(13, 2)",95.91601853314492
"(14, 1)",89.44058290589369
"(14, 2)",95.26828351534697
"(15, 1)",89.28557494054606
"(15, 2)",92.12145368666955
"(16, 1)",91.60338732923243
"(16, 2)",94.30810644082908
"(17, 1)",88.96684878650056
"(17, 2)",92.54797624665225
"(18, 1)",90.36128605352725
"(18, 2)",92.54987712985483
"(19, 1)",90.42016548978319
"(19, 2)",89.93540395936117
"(20, 1)",89.69297438236207
"(20, 2)",90.17514449201954
"(21, 1)",90.69642130048315
"(21, 2)",89.99405500158059
"(22, 1)",89.57072024921821
"(22, 2)",89.8313217315166
"(23, 1)",89.62460548549612
"(23, 2)",90.32885360333246
"(24, 1)",88.75627337191155
"(24, 2)",95.73214961339188
"(25, 1)",89.1189249913253
"(25, 2)",90.22744742710421
"(26, 1)",90.9858733455695
"(26, 2)",95.59686874436913
"(27, 1)",93.01546205331731
"(27, 2)",95.13211674238062
"(28, 1)",90.84872938597458
"(28, 2)",95.25060139243888
"(29, 1)",90.12747625420185
"(29, 2)",92.25439750880945
"(30, 1)",88.90759119800634
"(30, 2)",90.28102592225163
"(31, 1)",89.15475502692664
"(31, 2)",92.31992647039067
"(32, 1)",91.01818638773956
"(32, 2)",92.12760677338662
"(33, 1)",89.06110158367636
"(34, 1)",88.37942663665197
0,130.1634591467209
1,39.694901114855405
2,36.745306306716394
3,37.429056533914704
4,33.57745639918706
5,41.495060544443746
6,42.12578072281989
7,42.37499570967929
8,36.70387286652657
9,30.688140655941865
10,41.10934250853532
11,36.834441647066896
12,31.915482762059224
13,27.85717268368663
14,27.018934964540154
15,24.243532449644224
16,35.29195269164817
17,28.0974203526795
18,38.02256536847933
19,38.62333346224404
20,36.38171540284585
21,36.10869794530491
22,30.632303805873608
23,29.38290149088727
24,24.99491495566182
25,29.125303392723648
26,27.44983853871634
27,27.062149366260485
28,36.86415572895669
29,23.40715587413327
30,29.120834056151274
31,22.18984716745781
32,23.52297270412321
33,27.68533334115198
"(1, 0)",48.7019953145967
"(1, 2)",54.66139727633353
"(2, 0)",38.54099733790349
"(2, 2)",58.53525245216272
"(3, 0)",38.52246790675197
"(3, 2)",32.4307441919628
"(4, 0)",45.85286226521741
"(4, 2)",45.87434040432887
"(5, 0)",43.34605397346223
"(5, 2)",23.69683813809165
"(6, 0)",32.319401530132886
"(6, 2)",23.333255446768543
"(7, 0)",34.62709795290347
"(7, 2)",19.696738881835962
"(8, 0)",39.194304056244555
"(8, 2)",22.254990094197368
"(9, 0)",38.07170161838219
"(9, 2)",21.4680849395074
"(10, 0)",38.57477035192721
"(10, 2)",26.229881289229773
"(11, 0)",41.27248687944766
"(11, 2)",22.602377071122056
"(12, 0)",30.98162830869874
"(12, 2)",22.370444252221027
"(13, 0)",28.883445552388153
"(13, 2)",21.599430450874305
"(14, 0)",27.82984079190559
"(14, 2)",38.32124373661627
"(15, 0)",41.00264814546875
"(15, 2)",18.57967094910793
"(16, 0)",29.682582230498213
"(16, 2)",17.74165466592454
"(17, 0)",27.97901814908261
"(17, 2)",18.132475627868693
"(18, 0)",34.02398012452071
"(18, 2)",23.81074590445076
"(19, 0)",42.28556986321798
"(19, 2)",26.23326168259717
"(20, 0)",36.21605121715491
"(20, 2)",22.598916986172085
"(21, 0)",30.44616591777924
"(21, 2)",21.314020359472714
"(22, 0)",30.070306932734173
"(22, 2)",18.364942366136432
"(23, 0)",34.78961564557839
"(23, 2)",20.5910848114264
"(24, 0)",28.704721934541972
"(24, 2)",20.469295566668823
"(25, 0)",28.055930461043086
"(25, 2)",22.021084843454698
"(26, 0)",24.025570472657314
"(26, 2)",19.448655619233154
"(27, 0)",24.774486699483752
"(27, 2)",17.340203448166232
"(28, 0)",34.89777447471451
"(28, 2)",41.156837747045806
"(29, 0)",26.638522606695
"(29, 2)",22.876879087534753
"(30, 0)",33.814017993032614
"(30, 2)",37.274300802646884
"(31, 0)",28.84025251457898
"(31, 2)",16.04171689093691
"(32, 0)",22.38911477828189
"(32, 2)",18.126728709296078
"(33, 0)",30.561203546986093
"(34, 0)",22.01795672953737
0,48.39612348630998
1,48.171493686366304
2,43.69967562376568
3,44.28819615212141
4,32.05553642528227
5,30.101568350761774
6,35.70051042065387
7,31.560578132304567
8,37.289925534846475
9,46.59779316250271
10,25.13535098122607
11,33.24356236228059
12,24.45726414059058
13,34.435894818465336
14,34.182082670193864
15,20.994020235197766
16,24.966194143527463
17,33.655754623538805
18,43.65627113929246
19,35.372497224677666
20,26.62386608345788
21,36.266002169413504
22,33.321059808842826
23,34.41658264590363
24,30.032711497685014
25,34.21535476810186
26,27.604288018459606
27,45.23212666427387
28,29.60501266010478
29,41.410071020739245
30,29.21335243107124
31,31.533733171910246
32,38.49030925782046
33,36.326781533635895
"(1, 1)",41.53800453441877
"(1, 2)",38.989361523536516
"(2, 1)",35.34979103987169
"(2, 2)",37.35062371206179
"(3, 1)",32.09866733145884
"(3, 2)",37.66046883400715
"(4, 1)",37.921802254571695
"(4, 2)",36.7889536351987
"(5, 1)",45.92693544831763
"(5, 2)",34.21337534398663
"(6, 1)",33.40133820589798
"(6, 2)",35.31249374193871
"(7, 1)",45.39819818273388
"(7, 2)",33.2785600569589
"(8, 1)",36.373565733485535
"(8, 2)",29.924179139827412
"(9, 1)",38.32852920088283
"(9, 2)",40.10197356217611
"(10, 1)",35.2646911895213
"(10, 2)",30.44695639339005
"(11, 1)",34.899471832061366
"(11, 2)",29.44421775681827
"(12, 1)",30.18542525917733
"(12, 2)",31.86964060767235
"(13, 1)",22.051320138229684
"(13, 2)",38.37670289301914
"(14, 1)",24.346855281748024
"(14, 2)",43.33283786015798
"(15, 1)",27.120347472017784
"(15, 2)",34.629996952498985
"(16, 1)",23.036979269090065
"(16, 2)",35.70786904475834
"(17, 1)",26.99032272692036
"(17, 2)",33.87666795581206
"(18, 1)",30.94629930359893
"(18, 2)",32.61465834570635
"(19, 1)",32.45977600929555
"(19, 2)",33.39756788830187
"(20, 1)",29.744373599917676
"(20, 2)",38.01060831759107
"(21, 1)",27.581773502685746
"(21, 2)",33.37000835917898
"(22, 1)",28.959996148889406
"(22, 2)",34.384891122384126
"(23, 1)",31.26899183475051
"(23, 2)",31.436444261214746
"(24, 1)",28.615635219994633
"(24, 2)",40.08001061927223
"(25, 1)",22.376484793293706
"(25, 2)",39.66265475598245
"(26, 1)",24.316830055112725
"(26, 2)",42.54323898168997
"(27, 1)",27.96471538037786
"(27, 2)",41.55952374987977
"(28, 1)",30.11121273902495
"(28, 2)",44.12455681556789
"(29, 1)",22.349901040982182
"(29, 2)",41.44853952923657
"(30, 1)",25.574548362319216
"(30, 2)",44.19934760973785
"(31, 1)",21.35395545389404
"(31, 2)",35.62929372227163
"(32, 1)",22.59338308628877
"(32, 2)",39.13607201116755
"(33, 1)",21.1026846660624
"(34, 1)",23.89241541931172
0,44.95730443051813
1,41.588665471904456
2,41.623088841083
3,37.131793726488816
4,35.4733408904394
5,35.88017987940987
6,34.44808454788978
7,27.40979144332544
8,37.504443860760084
9,36.60279308232558
10,31.979376587036548
11,32.14451320341045
12,28.210215181840397
13,31.22567157735965
14,30.16715989280419
15,27.979065355405574
16,35.56056795653523
17,32.964970794073416
18,34.535677576894244
19,33.160648579158234
20,33.75402630390334
21,35.11107568459083
22,32.28187002433914
23,33.68508112147859
24,32.364376851667195
25,31.275826265753253
26,27.255880151377497
27,34.34112387542445
28,28.452731798835323
29,34.3221442463724
30,22.94899274524212
31,21.337767824852623
32,28.516503435117222
33,33.533067120540316
"(1, 1)",42.61711366200546
"(1, 2)",42.30456114698428
"(2, 1)",39.97456589489508
"(2, 2)",35.27761941112518
"(3, 1)",39.12918140863303
"(3, 2)",36.413082431774356
"(4, 1)",41.92793247851026
"(4, 2)",37.56916901759073
"(5, 1)",38.295676691780045
"(5, 2)",38.97422702427254
"(6, 1)",41.95227526772691
"(6, 2)",35.002126067810586
"(7, 1)",38.17394593610874
"(7, 2)",33.83803742765623
"(8, 1)",45.42946722398214
"(8, 2)",31.705750568584854
"(9, 1)",43.74949570018179
"(9, 2)",48.22780388173729
"(10, 1)",30.57502587143859
"(10, 2)",33.473235706976176
"(11, 1)",32.67605628270916
"(11, 2)",34.76372789728936
"(12, 1)",32.76863294212071
"(12, 2)",29.59517629805028
"(13, 1)",33.57141057927731
"(13, 2)",36.314497607296786
"(14, 1)",36.210154343838774
"(14, 2)",30.67544723175413
"(15, 1)",29.682739783744765
"(15, 2)",29.493074287129605
"(16, 1)",32.487869934075576
"(16, 2)",30.893863525589868
"(17, 1)",27.427174250392643
"(17, 2)",25.61344424452145
"(18, 1)",29.66509539986166
"(18, 2)",25.581245569031758
"(19, 1)",28.371541179817903
"(19, 2)",27.899444872556494
"(20, 1)",28.614924086760947
"(20, 2)",29.24003524550743
"(21, 1)",30.34137623294678
"(21, 2)",26.34466999671777
"(22, 1)",27.169383821492424
"(22, 2)",29.929343140701842
"(23, 1)",24.17215429493289
"(23, 2)",32.380558965340036
"(24, 1)",25.884602634767205
"(24, 2)",32.33420433970475
"(25, 1)",27.91220701277874
"(25, 2)",34.57528116882174
"(26, 1)",32.74491025898739
"(26, 2)",40.73980571358311
"(27, 1)",35.070601792399614
"(27, 2)",38.517932652122575
"(28, 1)",36.66781882685862
"(28, 2)",38.09777310678283
"(29, 1)",40.1577068792904
"(29, 2)",40.65892539801897
"(30, 1)",30.318851298938558
"(30, 2)",25.320848426881547
"(31, 1)",32.82023882720484
"(31, 2)",33.39716445972278
"(32, 1)",38.372249511253244
"(32, 2)",29.96008299201273
"(33, 1)",37.23006669044732
"(34, 1)",36.609585830791794
0,46.97147300904874
1,39.79693511905065
2,35.62972792822831
3,34.113128075411645
4,36.93767613910428
5,33.91778382206045
6,34.35847131928115
7,33.593497723307706
8,47.356922243763464
9,30.913823053712957
10,31.779170290272216
11,23.01909521138281
12,21.30561113970305
13,22.7108544734706
14,28.51974326704794
15,25.475318858366858
16,25.200972876242318
17,24.448739724024776
18,24.878901995896992
19,24.181314797710392
20,23.942775692254692
21,25.85132598718073
22,34.80747751269178
23,24.208813808993316
24,20.850237353576826
25,20.410761834010415
26,18.98411133239258
27,24.92709651450967
28,25.713393293318305
29,19.825507254548757
30,26.91351669976213
31,24.19675918788211
32,19.761844854388702
33,18.602746520569077
"(1, 1)",40.25877522064068
"(1, 2)",36.8791077053461
"(2, 1)",34.60134159129278
"(2, 2)",31.029872025307718
"(3, 1)",32.838474704966096
"(3, 2)",28.19508518287567
"(4, 1)",33.01437565257681
"(4, 2)",29.34366758862989
"(5, 1)",34.501657042788715
"(5, 2)",30.292017274095922
"(6, 1)",36.19528294481842
"(6, 2)",29.147227093293502
"(7, 1)",31.400639695481644
"(7, 2)",25.347125843830188
"(8, 1)",37.26531746954889
"(8, 2)",25.946234695974464
"(9, 1)",28.790263926706334
"(9, 2)",22.921396979742013
"(10, 1)",34.00590792517222
"(10, 2)",29.00106949308073
"(11, 1)",32.903620521506404
"(11, 2)",27.41481888663711
"(12, 1)",28.79245742070145
"(12, 2)",29.806768738518045
"(13, 1)",31.508790419292612
"(13, 2)",39.30637697550859
"(14, 1)",33.750449444150156
"(14, 2)",39.71381639481169
"(15, 1)",26.316410296888552
"(15, 2)",25.23197414343298
"(16, 1)",25.65726910660974
"(16, 2)",30.01235188340117
"(17, 1)",26.02567672210159
"(17, 2)",24.46940988922104
"(18, 1)",26.024059537871707
"(18, 2)",20.915755240052324
"(19, 1)",27.81734355002806
"(19, 2)",30.49312781895033
"(20, 1)",25.553155578478307
"(20, 2)",35.041241033696885
"(21, 1)",24.931086660068534
"(21, 2)",29.061176703553922
"(22, 1)",32.97850317968514
"(22, 2)",30.27218256000909
"(23, 1)",34.576912430015774
"(23, 2)",31.519189298290016
"(24, 1)",33.643806418025115
"(24, 2)",35.50046674600397
"(25, 1)",35.5503006207941
"(25, 2)",41.372869163012794
"(26, 1)",35.32026395636345
"(26, 2)",40.721860410302064
"(27, 1)",35.27586568671879
"(27, 2)",38.12319683546684
"(28, 1)",28.71142318077551
"(28, 2)",38.603499741227225
"(29, 1)",22.023230610006028
"(29, 2)",37.36373678901604
"(30, 1)",31.110498739375487
"(30, 2)",40.2320258943906
"(31, 1)",25.55789698798871
"(31, 2)",33.02066520724543
"(32, 1)",27.03250221108872
"(32, 2)",40.01453295454841
"(33, 1)",27.302212104833103
"(34, 1)",28.609768931463012
0,35.61584685372798
1,32.33436032210227
2,34.903748619269244
3,35.99550570738347
4,35.93604992608299
5,33.379777619657794
6,26.46929110369778
7,39.773246655469514
8,31.1701976822466
9,36.02330613725277
10,35.04326116342504
11,30.160537016416832
12,21.976894825334707
13,22.855277080406466
14,23.12229240081503
15,19.08440862924549
16,34.120440609067124
17,25.763388100159922
18,32.33381677840522
19,30.523779854691092
20,30.59370644607558
21,36.354723857594855
22,35.995875482825966
23,28.122051831954423
24,24.294166428907005
25,19.61058596405192
26,16.30483490453498
27,19.65492013962954
28,14.785692322489957
29,20.638771984544142
30,19.544027985011397
31,18.40164850264116
32,17.80780155040435
33,23.69201758069235
"(1, 1)",46.90710068477411
"(1, 2)",56.449653296577175
"(2, 1)",41.84185699303528
"(2, 2)",40.80245363519798
"(3, 1)",36.7461290085625
"(3, 2)",42.310470256481274
"(4, 1)",35.32101306447247
"(4, 2)",33.899089696816084
"(5, 1)",27.480003513883716
"(5, 2)",35.07430074778012
"(6, 1)",31.80032437369778
"(6, 2)",33.277818079274944
"(7, 1)",35.37624374717281
"(7, 2)",60.78016179124832
"(8, 1)",36.39476568998304
"(8, 2)",45.821718203162206
"(9, 1)",32.70269303231412
"(9, 2)",27.21387666612407
"(10, 1)",29.497833724173876
"(10, 2)",30.39111994694392
"(11, 1)",27.617411328954844
"(11, 2)",28.227413453666333
"(12, 1)",36.249967850496795
"(12, 2)",34.217740128809965
"(13, 1)",34.7936299567146
"(13, 2)",28.948321950747594
"(14, 1)",37.29090090709711
"(14, 2)",29.307366141321324
"(15, 1)",30.645319156187334
"(15, 2)",25.455826855758133
"(16, 1)",31.20582456605593
"(16, 2)",25.826734064244157
"(17, 1)",28.368073855250042
"(17, 2)",27.77324145068232
"(18, 1)",28.540167373613667
"(18, 2)",31.64373359695933
"(19, 1)",29.39338043458465
"(19, 2)",31.613874791908394
"(20, 1)",28.360225797258078
"(20, 2)",30.930319332054868
"(21, 1)",28.568442423054414
"(21, 2)",26.527380551592383
"(22, 1)",24.551236409821218
"(22, 2)",38.47093434858944
"(23, 1)",25.618997710814206
"(23, 2)",40.74568757888061
"(24, 1)",30.328563553457773
"(24, 2)",27.46704485917716
"(25, 1)",31.207527746855533
"(25, 2)",27.658782901545813
"(26, 1)",33.37218298270933
"(26, 2)",29.142742242592277
"(27, 1)",35.17518351212321
"(27, 2)",24.852613899451878
"(28, 1)",35.12411803545332
"(28, 2)",24.513878048697354
"(29, 1)",32.814213846650674
"(29, 2)",23.780845569401862
"(30, 1)",34.40195536974706
"(30, 2)",34.65845272898726
"(31, 1)",34.22296332645839
"(31, 2)",29.111572806087395
"(32, 1)",33.598414342358495
"(32, 2)",27.00941987416821
"(33, 1)",38.302860995730754
"(34, 1)",35.369859500743225
0,62.610166781497064
1,52.3578760283221
2,51.92753206951544
3,39.88897406446655
4,43.835664566234776
5,37.781928087621495
6,62.06887706223888
7,57.52895210896098
8,27.508065683051814
9,35.42757371005994
10,38.28824460498785
11,30.279758268189912
12,24.286434867364374
13,22.549153607571174
14,26.15883495346732
15,23.6233009447347
16,29.663089948617603
17,33.7024628680385
18,36.168168443896896
19,28.015344484239915
20,27.127521901206237
21,43.37935117307095
22,47.25618529576938
23,24.602971967386775
24,22.92227684141464
25,21.863167717975863
26,23.05685848819869
27,23.282502189281985
28,18.80748930501041
29,28.63862763847649
30,25.036250262500637
31,24.91878277481954
32,21.34133410340153
33,26.946163451770957
"(1, 1)",56.02323147480085
"(1, 2)",60.9246730673309
"(2, 1)",91.10605916256537
"(2, 2)",64.67915326078969
"(3, 1)",39.1906470477235
"(3, 2)",53.373553110034834
"(4, 1)",32.56156323070231
"(4, 2)",40.98141469931551
"(5, 1)",44.10957173775394
"(5, 2)",46.08586612742483
"(6, 1)",65.26778164871052
"(6, 2)",83.41208987210263
"(7, 1)",28.23242628073584
"(7, 2)",81.11533584234408
"(8, 1)",57.35669070912396
"(8, 2)",33.700463097082746
"(9, 1)",49.352409565052625
"(9, 2)",97.95089416154816
"(10, 1)",61.45575542032733
"(10, 2)",46.2721897457134
"(11, 1)",43.04757004955149
"(11, 2)",84.58306361151706
"(12, 1)",32.51045776056323
"(12, 2)",36.35268047020426
"(13, 1)",46.919642925760286
"(13, 2)",64.92309129202572
"(14, 1)",34.899597519202246
"(14, 2)",33.75912695824462
"(15, 1)",42.13303235769913
"(15, 2)",38.111341092265285
"(16, 1)",43.165945199223195
"(16, 2)",36.72261058641589
"(17, 1)",39.04990785414106
"(17, 2)",23.82637702385858
"(18, 1)",46.044469993885116
"(18, 2)",115.58205090320152
"(19, 1)",39.542404194403986
"(19, 2)",36.94386571080048
"(20, 1)",29.8604089231199
"(20, 2)",30.84541481891451
"(21, 1)",38.93806145144485
"(21, 2)",34.342699736248406
"(22, 1)",28.707442435912775
"(22, 2)",21.02965147719772
"(23, 1)",24.76173091705667
"(23, 2)",22.4302450732398
"(24, 1)",28.170960268882418
"(24, 2)",30.968832464618394
"(25, 1)",25.113460771597804
"(25, 2)",30.204125500414243
"(26, 1)",31.540243882182153
"(26, 2)",34.449129574441415
"(27, 1)",33.125751372143036
"(27, 2)",34.80503644544351
"(28, 1)",45.66388429867531
"(28, 2)",44.24605382786402
"(29, 1)",37.1283203064458
"(29, 2)",32.60464903545781
"(30, 1)",35.481673484834054
"(30, 2)",36.33852027406279
"(31, 1)",33.961654477829434
"(31, 2)",29.71000610951498
"(32, 1)",43.81176255176163
"(32, 2)",43.00918786677481
"(33, 1)",29.27071202339223
"(34, 1)",46.05137930633335
0,60.100798872558606
1,67.45262379610934
2,60.23234199663436
3,39.17168650753696
4,48.38621513618685
5,87.8390428849677
6,99.61975637981979
7,35.30903001171202
8,105.913547087123
9,45.03087230910417
10,90.01678769328979
11,45.831256346471726
12,65.42436055543232
13,36.89061671645888
14,48.975573521477514
15,40.83596240599357
16,32.6826863956294
17,133.86220080543862
18,43.98387507742458
19,42.59109230101748
20,44.95810911816223
21,31.040872639474777
22,46.50584211051142
23,40.68591601127607
24,35.64278232414659
25,32.28388465909596
26,36.45205065840872
27,36.66231079452724
28,22.17988981688926
29,37.14702877184069
30,30.991813892007553
31,39.70813581238187
32,33.47178485138994
33,41.21259477569988
"(1, 1)",62.1704866429206
"(1, 2)",64.71330755074781
"(2, 1)",46.67950816673089
"(2, 2)",51.123487221600094
"(3, 1)",49.48595385708619
"(3, 2)",39.38689680326843
"(4, 1)",46.77243629702711
"(4, 2)",57.549050920511256
"(5, 1)",46.48359091973527
"(5, 2)",27.048045171687576
"(6, 1)",50.65597222270933
"(6, 2)",34.20084877234005
"(7, 1)",62.41649782639224
"(7, 2)",57.3452355627407
"(8, 1)",51.217591604714876
"(8, 2)",30.663212135075277
"(9, 1)",44.60915103063196
"(9, 2)",37.050941025980734
"(10, 1)",59.64616013291904
"(10, 2)",33.67851747205916
"(11, 1)",38.42727618830785
"(11, 2)",57.89562596253549
"(12, 1)",81.44233340567308
"(12, 2)",47.44767800841859
"(13, 1)",38.61668951859461
"(13, 2)",25.635932330282927
"(14, 1)",48.95481154946549
"(14, 2)",30.2323481990855
"(15, 1)",53.88589978416224
"(15, 2)",42.71704489903386
"(16, 1)",43.34417680564678
"(16, 2)",28.353184892703194
"(17, 1)",31.949741092694765
"(17, 2)",25.280851744937923
"(18, 1)",31.91797084245101
"(18, 2)",25.16200829684821
"(19, 1)",28.101328973006897
"(19, 2)",42.49544911744264
"(20, 1)",32.09772915758711
"(20, 2)",51.455208436607606
"(21, 1)",37.01205414507279
"(21, 2)",32.29721605092696
"(22, 1)",43.588993738602476
"(22, 2)",27.971261195948404
"(23, 1)",47.175789243931156
"(23, 2)",53.00668104563353
"(24, 1)",34.66846504551545
"(24, 2)",29.99335118200726
"(25, 1)",40.22788523446341
"(25, 2)",46.93551327803011
"(26, 1)",34.709428177687045
"(26, 2)",40.101626850187856
"(27, 1)",36.84534027317426
"(27, 2)",29.86204461799667
"(28, 1)",29.37867098239062
"(28, 2)",28.51088457396839
"(29, 1)",35.16966669838547
"(29, 2)",38.038838368882
"(30, 1)",53.113039723793385
"(30, 2)",31.16644478159207
"(31, 1)",38.7750027434262
"(31, 2)",38.30026434576506
"(32, 1)",31.235036419434902
"(32, 2)",34.514174419618044
"(33, 1)",35.60741175352086
"(34, 1)",36.22590605479601
0,61.962367672242074
1,54.6903787700004
2,47.15579446737463
3,48.623736458352695
4,39.19980665642398
5,34.90553255013584
6,62.07842761118862
7,33.2616100148404
8,38.885080876578755
9,31.136174597997385
10,40.478280619841755
11,48.75286257236213
12,19.851104610292825
13,23.192875483429347
14,43.830577081359294
15,31.773129218167103
16,23.222468478578968
17,34.44006503389145
18,51.93555022943434
19,35.64001815746045
20,36.47308473508308
21,32.63446431902717
22,37.9219091868033
23,34.9161664944656
24,34.674732776576995
25,26.862792045450107
26,23.87761745759499
27,23.86532991642913
28,30.349538295430495
29,26.392376065771813
30,37.023348942799856
31,19.374873359641736
32,24.11544636701144
33,35.109708019818626
"(1, 1)",68.14538541135906
"(1, 2)",69.55069643516589
"(2, 1)",67.87902579319963
"(2, 2)",69.01403037051409
"(3, 1)",67.55179468026653
"(3, 2)",64.58342775537285
"(4, 1)",64.66321919810095
"(4, 2)",65.0551651410623
"(5, 1)",67.40308895569801
"(5, 2)",64.19948049389092
"(6, 1)",63.13137113347965
"(6, 2)",63.48915115852519
"(7, 1)",65.60708091701659
"(7, 2)",63.5993642831671
"(8, 1)",61.9961163327495
"(8, 2)",68.50850339505202
"(9, 1)",64.16521670627063
"(9, 2)",67.76088638317134
"(10, 1)",62.89454881503678
"(10, 2)",66.86640380857862
"(11, 1)",62.61638186395195
"(11, 2)",68.89596229875681
"(12, 1)",64.6997624265859
"(12, 2)",65.13246638547359
"(13, 1)",62.84050443365627
"(13, 2)",67.41771099037452
"(14, 1)",66.43486372771365
"(14, 2)",75.8277290304481
"(15, 1)",61.463334107758804
"(15, 2)",64.03118629511498
"(16, 1)",66.55878936475568
"(16, 2)",71.30333334806308
"(17, 1)",62.92150319044509
"(17, 2)",63.42664287214288
"(18, 1)",63.47847271516159
"(18, 2)",64.19111103654294
"(19, 1)",71.96506174153248
"(19, 2)",66.22400101746676
"(20, 1)",61.06112111449439
"(20, 2)",64.5124660476592
"(21, 1)",61.30077257412408
"(21, 2)",64.84728111570446
"(22, 1)",62.804822446787355
"(22, 2)",65.89297528403807
"(23, 1)",60.129641359118736
"(23, 2)",65.84992822844828
"(24, 1)",60.75781410588186
"(24, 2)",65.330222619723
"(25, 1)",63.283235670778666
"(25, 2)",71.97513499040186
"(26, 1)",62.70386103606742
"(26, 2)",71.72323032276093
"(27, 1)",66.63505355520016
"(27, 2)",74.43874603455077
"(28, 1)",67.03705523127248
"(28, 2)",74.40671322012635
"(29, 1)",62.45198151627662
"(29, 2)",71.59715239912886
"(30, 1)",64.85754316785385
"(30, 2)",69.70960874947659
"(31, 1)",63.340641537458815
"(31, 2)",70.26870986697199
"(32, 1)",62.88104206025782
"(32, 2)",71.82311076070715
"(33, 1)",64.90296008365928
"(34, 1)",65.78618769032687
0,35.0488253890038
1,33.40783691457682
2,37.72472778066176
3,35.32857239954401
4,41.98903285875196
5,32.63199880649385
6,37.028220414464535
7,35.368893446879625
8,35.50077112560534
9,36.15854377217462
10,33.43619240942637
11,31.58443982927827
12,18.41624664295754
13,29.954935854502963
14,30.580563049479846
15,25.406527905125824
16,31.84611678976092
17,36.48263600046379
18,52.58295975392762
19,23.810281820791797
20,28.995302278098478
21,33.091931860014505
22,37.12288527455304
23,24.318507244064048
24,21.29829140600782
25,23.98265152750298
26,29.78944958867682
27,29.745706456553986
28,22.40655117131933
29,24.52345891393632
30,24.75951163986828
31,22.85648848623058
32,32.08671374347391
33,26.937057734605208
"(1, 1)",40.86906997758115
"(1, 2)",33.14153333166509
"(2, 1)",54.879031243970466
"(2, 2)",45.90154169003378
"(3, 1)",31.158098951671835
"(3, 2)",25.61246674033037
"(4, 1)",39.52757638799432
"(4, 2)",46.61797015393361
"(5, 1)",37.788601375775876
"(5, 2)",49.66319676337127
"(6, 1)",44.079000229578526
"(6, 2)",43.21137176240407
"(7, 1)",43.30461132691278
"(7, 2)",47.717603387720075
"(8, 1)",33.26609095459791
"(8, 2)",35.49408856621744
"(9, 1)",45.24226042323493
"(9, 2)",24.072720805128846
"(10, 1)",44.23793864522082
"(10, 2)",38.81749579333042
"(11, 1)",39.19088058390481
"(11, 2)",39.01509344347084
"(12, 1)",27.792383053390257
"(12, 2)",22.749607718260975
"(13, 1)",29.49597677266087
"(13, 2)",42.0543415525659
"(14, 1)",34.66334742410218
"(14, 2)",40.00157894636993
"(15, 1)",52.80386866795477
"(15, 2)",30.6245582167299
"(16, 1)",27.62355344569423
"(16, 2)",36.617399323935246
"(17, 1)",25.64864792936582
"(17, 2)",20.833677245527234
"(18, 1)",28.93965675577803
"(18, 2)",34.75761342712234
"(19, 1)",39.29963898823796
"(19, 2)",60.741150648218756
"(20, 1)",28.433199390342953
"(20, 2)",30.82732295736759
"(21, 1)",25.452074586480787
"(21, 2)",29.069696039912557
"(22, 1)",50.161732120380684
"(22, 2)",38.204287010994896
"(23, 1)",29.043522477062954
"(23, 2)",32.85350743816061
"(24, 1)",21.028859488114104
"(24, 2)",27.412206690441522
"(25, 1)",33.98037830721573
"(25, 2)",43.51709204699029
"(26, 1)",38.5729230173145
"(26, 2)",34.06162805573572
"(27, 1)",41.89311412119709
"(27, 2)",33.61524713836592
"(28, 1)",26.26503928453363
"(28, 2)",34.54960712422865
"(29, 1)",26.260319517380285
"(29, 2)",36.9448222604193
"(30, 1)",33.02692262121389
"(30, 2)",34.21080704029959
"(31, 1)",29.13832515712278
"(31, 2)",35.18154665720692
"(32, 1)",42.02183727867767
"(32, 2)",32.72931886212684
"(33, 1)",27.442130077539556
"(34, 1)",31.550800969849185
0,32.87848814832179
1,49.43795378709834
2,28.97801684413925
3,53.51733130816687
4,56.13409859907566
5,47.32071044903827
6,55.11587114135845
7,39.4245543243352
8,26.323183849911043
9,43.363250724681684
10,40.0108631277853
11,23.91536932641155
12,31.686804552344206
13,35.70497145961672
14,31.338893230967226
15,39.65945114697952
16,21.48879143695011
17,40.448437291070505
18,72.07147805501285
19,32.205849353260916
20,33.25173802766991
21,48.08374057568736
22,34.5677987860134
23,30.342064374384744
24,35.73239843247399
25,22.494678551656488
26,38.41006012378184
27,28.02078704973601
28,29.15698365700249
29,20.810633286817755
30,42.10407015194335
31,20.263003810673066
32,35.87223879507504
33,24.2028977895516
