hyb,rmse
0,81.28634530350476
1,21.690601972017156
2,75.87853218451282
3,85.54884854647267
4,89.71127561857759
5,83.74743302770648
6,89.8422198471715
7,29.449289185688286
8,28.951894195861822
9,87.58848385552525
10,98.44899333593625
11,82.84052926012718
12,31.64785790333277
13,95.18021080641681
14,91.66299664080174
15,97.58909282749997
16,28.19764175507593
17,36.67488327642781
18,31.54248174238425
19,97.50644419147582
20,26.852908720804237
21,31.67377552607305
22,96.13988150221536
23,28.596544352967737
24,98.91749069209597
25,98.78512682743745
26,102.28910527524529
27,99.99996165292681
28,99.39108024521141
29,99.22456445084167
30,100.51825716047422
31,101.66552528080139
32,100.36287486702977
33,99.77465090231209
34,104.00467295783673
35,39.45553294894426
36,35.73746244706776
37,101.88193918758981
38,99.33667912640087
39,41.53095311714777
40,36.92738997022703
41,103.53238911906644
42,34.52626560175517
43,102.26975603903422
44,33.59308143784021
45,40.58453385039792
46,107.98290742466607
47,102.3745569504956
48,105.17167950910653
49,105.13357073294236
50,113.80591279426282
51,107.09971677332278
52,102.07019381552624
53,36.68038768349546
54,104.45970823494616
55,109.06463989665004
56,41.99351625044567
57,38.692745316898566
58,109.79880037224862
59,107.01149911239389
60,106.40346723711268
61,103.84103985360433
62,114.32503514503071
63,115.39649850401722
64,109.43116652905039
65,104.27776845570736
66,39.172456763219856
67,104.98939731297486
68,110.46723389589006
69,107.41352005901308
70,30.93949938060777
71,30.527221225294113
72,108.5167325214759
73,102.10553034833382
74,35.37612611142591
75,36.107210382362965
76,109.68022913417518
77,110.27959218582642
78,112.84678367678787
79,110.3554787165919
80,28.714851401095352
0,15.525826607498113
1,20.155092882583627
2,44.38837302870851
3,44.87116084958922
4,26.562017396658444
5,50.25927320736938
6,49.97433904765284
7,47.831026367644306
8,23.71395218162495
9,55.39998478471065
10,53.76414226701735
11,52.90987000580554
12,26.360759062307665
13,23.577705910199015
14,53.327905945592704
15,53.73803293131852
16,22.874326729881254
17,57.02178934784219
18,31.43049543996559
19,25.954688537501294
20,24.900701556736983
21,27.71423027073192
22,25.787007206244226
23,24.88315285723863
24,59.77430547872806
25,24.91068387493523
26,60.43117873919367
27,28.67852545104735
28,59.85417741376656
29,28.52179306334145
30,27.82859459180451
31,29.85404885616347
32,26.372359202323352
33,33.56340163132924
34,64.3634075423856
35,36.82059338526346
36,57.312065997341136
37,30.159512376679046
38,29.495252336083343
39,65.54564669229944
40,32.369135917419264
41,60.17855090422031
42,60.020320513847714
43,61.62844293588868
44,28.637254090990243
45,63.74023358063781
46,73.18874198190446
47,63.01456976978574
48,67.41534188921874
49,39.487094476058466
50,67.8755038955971
51,64.10855528177001
52,63.130200610673434
53,61.54014736646753
54,31.946611202769695
55,64.60871388644196
56,64.15022733126193
57,33.199444959349556
58,39.57729504735463
59,41.0553012430179
60,37.65107667707822
61,43.009732467200585
62,70.1749429914626
63,43.457693839641294
64,51.74604558299036
65,32.016909801392785
66,63.97134045385416
67,69.5706054932141
68,70.81650601479294
69,64.83619490273932
70,62.86200291488583
71,61.75000492609348
72,33.3175775274031
73,62.1929220756695
74,34.06123482487669
75,31.592441899583406
76,41.919620652137475
77,66.51445738177767
78,72.71204257890531
79,32.22584563293047
80,63.74494041484539
0,16.7912967383476
1,23.506020043795083
2,24.85942446953094
3,22.15437459266849
4,31.51013114679459
5,31.99189181051119
6,34.311863816866605
7,23.840177918879
8,24.159243890134295
9,36.40738986132584
10,29.24582364169343
11,27.12177177647652
12,26.54792726110542
13,24.21073822594614
14,28.92912412259576
15,26.805174324386602
16,24.891346577495625
17,47.50109590847152
18,47.98820271074022
19,43.35659325008687
20,25.864909930664194
21,27.990170382384715
22,25.218465351966845
23,24.65309589228897
24,46.9634961881709
25,24.058439695580194
26,53.18184134308195
27,27.29030745497536
28,53.54276890358898
29,29.03909458475223
30,51.163672471755454
31,51.060950046545386
32,51.18957583522108
33,50.228888661553476
34,31.194948301876757
35,52.62680852927246
36,54.655037431110536
37,29.828891136673807
38,27.91204794790778
39,35.129319519736384
40,29.30901272453097
41,53.87528524464851
42,54.36743845845124
43,27.9493138332481
44,27.328332591100683
45,58.95714882235955
46,61.139345986942615
47,34.672572503037856
48,56.00037122484914
49,35.88821726736577
50,59.60161753277002
51,59.30096355502971
52,55.92507518216875
53,56.04448278979475
54,34.11878762647126
55,35.143871957691445
56,36.54103741125884
57,56.03900397439127
58,32.645736498875976
59,58.03028903567957
60,30.35528005442313
61,60.19584293510089
62,34.4902840982449
63,62.20753683490107
64,63.074983738570786
65,30.101230978048026
66,55.29830934725791
67,35.58909924063298
68,61.37571212366775
69,56.613330836268325
70,26.7909118936695
71,28.908874397767327
72,29.545613995774925
73,28.934462681632947
74,56.22708946642578
75,59.4251209227194
76,61.38971348163455
77,31.732544643053288
78,33.500860051849465
79,28.2465404128317
80,24.924294092438615
0,16.97739234089396
1,20.540186265569933
2,32.32604748031343
3,20.78459792717547
4,30.804361835127064
5,26.437556400657325
6,28.040648541571425
7,26.732725236467328
8,30.539431895037634
9,27.93930559639559
10,31.955823915212786
11,33.84549713178364
12,29.84599133313122
13,25.586067020251065
14,30.28727281176538
15,27.448175506292525
16,25.80717681617007
17,42.81945423916767
18,34.719522660773684
19,30.998729872790005
20,50.82847124636716
21,28.422683987439243
22,28.739645253954837
23,27.67627161080712
24,53.34583979477373
25,47.971736272536944
26,38.22111214663704
27,29.125044193366037
28,33.209409503092864
29,60.79058062356827
30,59.656077650486125
31,59.566842979238835
32,27.325889726547075
33,31.84804098973178
34,60.72460396624983
35,65.24190714915797
36,58.955179333072714
37,32.95032281006156
38,60.33531056265152
39,41.64141913079635
40,32.97737638382723
41,33.44420709626946
42,33.24511355383595
43,64.51621616669021
44,32.85523041933012
45,38.86131718091143
46,72.65396253317022
47,68.23478364701731
48,38.18833870126558
49,70.64356381384721
50,41.04885970858429
51,37.079161144625154
52,33.70786670335202
53,32.17998448008787
54,36.29138461986792
55,38.62141387322623
56,68.76996799079078
57,68.60529562165632
58,38.99456091609506
59,43.93808899546008
60,37.06439311212441
61,73.03385213352202
62,81.48435625289495
63,73.94048229651177
64,46.19539814707247
65,34.43660944797903
66,35.214061189954535
67,71.8770280167621
68,71.81565188599023
69,38.710148501804255
70,32.75678163158867
71,65.98852193322475
72,67.72647938551519
73,33.14857572495068
74,34.733232021682205
75,68.51755394909192
76,43.81703974986815
77,71.55002177809143
78,78.4594903642438
79,35.39971410617427
80,35.170557849204734
0,17.860770816795075
1,21.07332590230623
2,24.09218434935437
3,20.530362818922786
4,27.2483598116075
5,28.251336934438786
6,30.768824981445807
7,27.281113111761385
8,25.868546049732267
9,30.374149295042283
10,31.873004513414614
11,29.349858770279578
12,30.366027610472702
13,25.467300716123855
14,32.22154933040624
15,29.079878896472277
16,27.67228307631838
17,31.25206998238163
18,34.17935334821504
19,31.559238852963695
20,27.049531954356336
21,27.550180130320495
22,28.013972629808944
23,26.903638250220723
24,30.812884732394163
25,27.995825796794914
26,44.07639528281266
27,31.009611993659334
28,31.689430110548273
29,36.36465485981955
30,30.492058925205598
31,38.5581066571058
32,32.41914938629238
33,32.874734005176904
34,36.009135072216296
35,42.02008123688451
36,34.09842007376397
37,42.40869835542354
38,35.28190856957409
39,47.650752356282204
40,40.94102568285008
41,37.088554854679785
42,35.89306087892887
43,37.59087357193228
44,32.89009197973053
45,46.3107463086909
46,56.89689446069592
47,37.45952522402184
48,46.817515887120805
49,46.16845424277325
50,52.0940223396307
51,49.81431765985184
52,36.90555054423108
53,47.672795106940576
54,37.95153176126843
55,46.475454325598264
56,49.15456686617922
57,40.22815428646157
58,40.39957468126712
59,37.181615560750664
60,51.53020835934761
61,42.6440294998847
62,59.27684137670775
63,47.71261399011359
64,57.54579013359187
65,45.66642290426381
66,37.124363428010156
67,53.85949796395268
68,48.0071864345576
69,39.79952414244652
70,29.907638769644972
71,30.448300472781128
72,34.737826953123815
73,29.935823761245356
74,35.14534512335763
75,35.70248802565537
76,44.57351269115557
77,38.54093266962918
78,52.49228951483437
79,33.11126867509064
80,32.83963559720099
0,19.00727605564409
1,20.46474955517213
2,24.192834300104348
3,20.853397889104016
4,23.385687166111403
5,37.77625646886469
6,34.24096842496939
7,27.090004621301926
8,33.61340981596961
9,49.7770682148498
10,27.679980215796057
11,51.308492145114236
12,27.656873823702295
13,25.608290955402175
14,60.725712390275845
15,56.36018446409781
16,24.530673840011644
17,60.447393167534024
18,56.42978684868795
19,28.801171868387748
20,25.085708539437437
21,54.0076531390949
22,26.714360035567378
23,26.481297819118925
24,28.6749097053726
25,26.99962690931879
26,35.043810885245584
27,63.632542525273074
28,29.998329889776127
29,28.760228680854745
30,64.06790056383596
31,59.82578989648613
32,26.808515799383436
33,60.50971999336499
34,34.76654693411338
35,34.48895354505506
36,33.667331287759126
37,28.904503973554366
38,29.516633302107834
39,71.1968124214622
40,32.580157197899425
41,32.27287337272625
42,30.783738049405734
43,32.214815999399505
44,28.767591413348555
45,70.62618656502029
46,73.36236853238297
47,69.88880168955853
48,35.87292348865721
49,72.33375214773851
50,37.46542466397717
51,70.8104980219159
52,68.00215251757629
53,68.53593804181205
54,37.95117464811864
55,38.61350412557361
56,74.87034545765243
57,72.98026187503737
58,38.64646119703713
59,38.50687606837885
60,73.32325381726874
61,75.08220845027128
62,77.0849582438654
63,79.99536997684766
64,79.54644298059013
65,32.5060901726181
66,73.22392913482946
67,39.62681043007827
68,74.43423753670746
69,34.90377323944156
70,29.79218514334427
71,34.935833076189226
72,28.930330038739836
73,30.008469404947366
74,73.05330749421483
75,33.380822946930856
76,35.41718695796697
77,75.22008690389515
78,76.94391138489743
79,76.73220689999529
80,74.30451441822653
0,20.416074176959004
1,25.291058781532378
2,64.0146137347206
3,24.22591438906721
4,68.26563091321245
5,72.4798198839807
6,74.25427578618779
7,72.96060103268809
8,69.48445964672325
9,33.992995726765585
10,85.34769008123092
11,79.83375223512763
12,82.34101453487581
13,27.1462491948894
14,86.02127492271161
15,82.42978042040934
16,28.158643782306328
17,95.01223837161466
18,37.571627827828166
19,82.61929792524536
20,29.89945822026834
21,94.13483127373883
22,94.0084481868423
23,29.263386162138108
24,92.01560321761637
25,91.41289143167278
26,95.4791990755156
27,92.81034647694815
28,98.29840218599557
29,102.16763621152955
30,97.39764349171689
31,106.03725013268176
32,30.910278609757647
33,104.94775395522494
34,98.55520208401616
35,102.34246694768605
36,101.2250417540612
37,99.83658118289407
38,100.80665480794596
39,107.37492668096694
40,40.49702471553432
41,103.65983571155898
42,36.645024430445424
43,101.95884123766464
44,100.25376270270918
45,106.06081087911367
46,117.2626319220957
47,105.51098717699436
48,103.2476402305431
49,106.37604628004703
50,110.03700652578337
51,104.61054364812833
52,105.83381842009354
53,103.0229902549506
54,39.67751513547513
55,106.09631284987816
56,111.72478798495892
57,108.03410044077346
58,110.91869339797995
59,43.665013394329534
60,107.1787394815692
61,111.77673221905312
62,116.6143019718569
63,110.89894248661989
64,112.24987784584478
65,37.65145765956429
66,108.51794800671429
67,111.49011444143261
68,113.98104848023061
69,108.7237785184141
70,33.09485975493371
71,33.308377246547636
72,105.88090932003207
73,33.89012200503837
74,38.526586466678765
75,112.89317277370144
76,42.66730428394339
77,39.5650870610092
78,45.34313201596295
79,42.31170316796955
80,105.03991770407458
0,19.055185014426467
1,28.105792672189775
2,23.99635435315647
3,22.978402360068614
4,28.897013824110743
5,27.644550705439546
6,30.6926291528513
7,25.2468889799225
8,19.98749000060446
9,27.483986625925
10,18.866153303459754
11,31.435075376456055
12,26.348843084456888
13,25.24184217475992
14,25.837337533584577
15,26.1693245164387
16,22.20367148390292
17,32.16675517475571
18,24.269919970759517
19,25.73061412306032
20,30.555001463950692
21,24.475359309454326
22,19.658167531310227
23,18.905858319858822
24,26.291036154510934
25,20.163685306664952
26,25.020223268276727
27,30.837171111922896
28,27.863758108692906
29,28.798194755101285
30,21.817065914217316
31,20.03016962292433
32,23.926969512802938
33,29.600272085599098
34,26.662581705038225
35,25.438949263211143
36,33.729011521605564
37,28.65333622115854
38,28.13316705428169
39,25.950455176382047
40,22.693377686705638
41,23.29351581753789
42,26.99343420728255
43,26.86696088348092
44,24.76866530372169
45,35.22146643972004
46,23.316978332662885
47,21.631077776609477
48,24.012019739751747
49,31.27635539081336
50,21.97250158391124
51,21.76188148873653
52,28.352487728174356
53,24.026344987760233
54,21.899172417296974
55,25.416294213027676
56,27.67100142207123
57,24.150831775221146
58,29.52126025438757
59,25.662023313550108
60,27.73348149015845
61,22.02024915523632
62,27.28047130169759
63,26.44186351636195
64,23.286915428330023
65,23.421268868002556
66,23.372389778618484
67,24.3747439526296
68,26.700983595551936
69,22.459275262543912
70,19.45449665035407
71,20.328510760628383
72,22.538260897078455
73,24.054140053004385
74,22.453079879835855
75,23.103575477901718
76,23.05742410296214
77,23.099688824969427
78,21.13320089573114
79,23.54110321585498
80,19.8363146185789
0,12.752951310215206
1,17.23633780114073
2,23.863644330711278
3,15.206612978768758
4,19.822608026088837
5,21.126535736138713
6,20.21796079167797
7,18.570767944182712
8,18.34096724284255
9,26.851670494322246
10,21.809311119062652
11,20.636119384448016
12,24.604391182084935
13,21.29323336836013
14,24.061015853070984
15,26.150382876144604
16,19.33101790199924
17,24.288109701879307
18,24.84613035604611
19,24.054583931015255
20,23.19913497473997
21,24.697287597183927
22,22.69078550083918
23,23.423968288684897
24,24.026363374218523
25,22.73873015993841
26,29.289851941995757
27,25.713063104071445
28,23.40611017512631
29,28.709787017573706
30,24.002335159555816
31,28.513693766705575
32,22.725355200667185
33,24.687129064275762
34,26.75012759533055
35,27.96794190446251
36,28.74979601437862
37,27.824720646092473
38,25.305990085889555
39,23.9955862570877
40,27.782988712533687
41,27.71197743598656
42,27.374739869124898
43,24.267251668379156
44,27.156729592704746
45,28.652362774674746
46,35.82159141085086
47,28.09607429014948
48,26.31098896420741
49,24.99915846663405
50,29.05802906144423
51,24.948098441820317
52,25.801561368644194
53,25.805155892183862
54,24.325895861074766
55,25.01918535644022
56,25.641734794696777
57,25.676412722392364
58,31.954166763933156
59,28.514201955167245
60,24.908417819307285
61,30.787430952759102
62,31.00335978462874
63,27.443558647527283
64,32.497815428076585
65,23.80954232146351
66,28.019417596053945
67,28.006832906162998
68,26.344685708264368
69,25.70630707270852
70,24.09984237277878
71,22.824311910440617
72,23.73889030261953
73,22.700354832372977
74,32.399908581368905
75,25.45439185595309
76,23.88847807795536
77,25.268907355093862
78,23.991185109854296
79,24.169554292763767
80,25.182686629852874
0,10.611496747850184
1,12.303916755911192
2,16.827012573140152
3,13.58837685485877
4,19.308523300632867
5,13.684995285230377
6,23.27594206002929
7,21.14780629795991
8,16.512763051968044
9,17.966445448611232
10,18.779276616512508
11,18.92541230378518
12,17.76491666128196
13,17.205613263764114
14,18.337644786538903
15,17.08801005478774
16,18.132495040486404
17,20.44638954601192
18,19.911303988516423
19,18.70965272293147
20,19.40404884212597
21,19.51287089527081
22,20.476524518607008
23,19.937300614687736
24,18.610614301217904
25,19.821028721739165
26,20.002888141447
27,20.012991848443235
28,20.747556652552692
29,20.79153069802962
30,23.167352681672956
31,21.45906317540303
32,23.211713639716283
33,22.126570258400164
34,22.99543729864099
35,22.15885348935797
36,20.691983306433787
37,20.366298823870075
38,23.435906586747215
39,23.524120774706557
40,24.284583194254544
41,22.21046664846528
42,20.628392892401894
43,20.91383940592239
44,22.742107823191876
45,20.76952421348047
46,28.324270151479922
47,24.20847791745709
48,21.58981760864992
49,25.13351989093815
50,24.48274884584648
51,21.03857175880543
52,19.319410994793426
53,24.571995312647037
54,19.24936103198333
55,24.068637205493776
56,20.823724313855465
57,19.625723270006393
58,23.82383816052281
59,22.40537163612679
60,26.528343102239774
61,25.372562998478447
62,27.44869774439395
63,28.13649366272669
64,29.13428462274651
65,25.43640769113172
66,21.708923828985736
67,21.415309730899185
68,26.505999233439717
69,21.808488074006355
70,21.834124604880717
71,23.017487389911935
72,22.630632658863995
73,22.69973805207064
74,22.40205871503757
75,20.440375098557283
76,21.797310756712974
77,19.9571510743101
78,19.942610109915975
79,22.567687949356568
80,19.002676417761197
0,13.281132366296887
1,17.80873866335009
2,23.53172441788339
3,18.60938883675287
4,22.425288340964375
5,22.462921832783284
6,21.60396549761959
7,21.374674255474027
8,20.26792011063025
9,23.3740825989818
10,23.153629088488742
11,20.350494055320944
12,24.503363391226827
13,22.33627484169989
14,25.488407562000635
15,22.66855817894124
16,25.249803415323996
17,24.580148486381614
18,27.102423808419058
19,24.223148062573813
20,29.402965545640633
21,26.610049639939334
22,25.43758782502759
23,28.595111411855303
24,28.993783944420365
25,24.717595686376182
26,31.12859923844164
27,25.543607226050273
28,29.020070219531302
29,27.178368309349576
30,26.79045533515661
31,26.952732228023265
32,28.277868696285495
33,26.98586840043056
34,30.46138105433422
35,28.607476684259225
36,26.4618812699307
37,31.114539971954034
38,28.537906021893715
39,33.15517091509487
40,28.11905479797645
41,27.388180169435206
42,32.70362452151983
43,26.464544638668816
44,27.283129525850544
45,27.515009890382935
46,32.49211368659052
47,30.084266410675504
48,28.495782238168097
49,30.614775308827372
50,31.85983655023797
51,31.17772435846873
52,31.873542521802364
53,29.307830727886778
54,25.805819360547694
55,31.720147997085594
56,29.031647305874422
57,27.069167163285172
58,42.41076017440429
59,31.715988982979656
60,28.264268990532223
61,32.14052625373849
62,31.115551060044325
63,33.41793137875737
64,30.537510361951487
65,30.77473152641692
66,32.21078844052082
67,35.81826297363481
68,35.37913253852425
69,38.25138644981525
70,30.449763455876894
71,29.784446549866846
72,31.995792218691896
73,29.91271167557159
74,33.609374640019944
75,33.15892269434499
76,26.35185951381341
77,30.814008687619797
78,33.313107271913594
79,34.876148157473175
80,29.6998582988728
0,15.572828470522222
1,17.859596291323747
2,21.36835325247845
3,18.447542950761893
4,16.928423554342405
5,20.58919398864219
6,23.889537494235615
7,22.129685026146582
8,20.229992078444464
9,25.55833001677449
10,20.25820749677319
11,23.12813908288808
12,22.67863042435487
13,20.05556986021979
14,23.628108519290404
15,22.455575777656737
16,22.419273787207555
17,22.10766085859113
18,22.380856092276282
19,22.305489653486962
20,22.60025120098271
21,22.958095109362812
22,26.673421618316766
23,23.606265804857216
24,22.87666933137257
25,25.45139809384664
26,25.07441153476568
27,23.576033394875672
28,25.64722315480222
29,25.042899959802504
30,24.801746355159043
31,22.922930247747903
32,24.912296758938304
33,26.686419928240568
34,24.05590270134211
35,25.22621680972218
36,25.461846237183266
37,23.521791387673357
38,26.909849582862748
39,29.286769832514175
40,25.842884294615608
41,22.835584319084933
42,26.154369057925333
43,25.18565926169841
44,27.56891794345139
45,24.61451518089798
46,32.830991833262
47,30.22308374587564
48,26.850077626180497
49,24.96958332163293
50,26.19634004160511
51,24.21268466090624
52,21.53535594884341
53,24.22010451257373
54,21.01769123006417
55,23.252366650957605
56,22.341152938984706
57,21.76313967836137
58,27.976208912965795
59,25.382378140985082
60,24.236983405672735
61,26.919980636101393
62,24.7361859912667
63,28.728940985766176
64,31.50029178817263
65,27.51195511997948
66,31.813271947552963
67,27.783843171866078
68,20.549298157193757
69,25.447152382018842
70,24.57401426985769
71,24.46739509970379
72,24.14617774076268
73,24.853607135408136
74,23.312605122429357
75,26.127597762886204
76,24.857819676115636
77,27.18177207670273
78,23.927220421832683
79,21.451710754580837
80,21.787925573006397
0,13.935802992827758
1,14.78515921948939
2,21.326913218900067
3,16.149953963497353
4,16.443122090567257
5,16.595123076369422
6,18.323372740805794
7,15.104058544045236
8,16.40022475644909
9,18.34402774678323
10,17.994680604744502
11,18.01405696494515
12,16.851699137837056
13,16.770356913935252
14,17.155066796308585
15,17.688571566577746
16,18.075989633912535
17,18.118879368572774
18,17.944980333737757
19,17.6896717006627
20,17.80043065239027
21,19.8439666832844
22,17.743016436037365
23,19.404215868995074
24,19.291681962413858
25,17.627719999930658
26,19.70198330055173
27,17.89093046661277
28,17.853833986605437
29,19.32400787307861
30,18.86728308894025
31,19.58710438912052
32,19.400169390458917
33,18.81374007618621
34,21.063276488151505
35,21.168458481917273
36,20.17077831751808
37,19.69795454055714
38,19.056888452690327
39,19.101165913669604
40,22.42414949908222
41,20.143374858860994
42,19.781152191768147
43,19.193318940236292
44,20.13499645822497
45,18.66021958748693
46,23.47651020950712
47,20.04245969925505
48,20.52561025318271
49,22.397758543710246
50,22.90999376587039
51,18.876740994850472
52,20.08917530332078
53,20.248273131231578
54,20.537306661680745
55,20.671697964968452
56,20.461891113538528
57,20.944847900164056
58,21.94260912050091
59,24.80118448783394
60,23.798737385053233
61,25.447541283601975
62,24.0888728419187
63,21.020747959250663
64,21.93355930337386
65,23.16210660853846
66,20.09632963768312
67,21.725436696574587
68,23.169946698177345
69,19.52276254814485
70,21.235338935200435
71,20.933602262545495
72,23.04097325184257
73,20.73324918007804
74,21.429828209061316
75,20.922656904688886
76,19.830861145856225
77,19.142992318630835
78,25.68048922881007
79,18.521611460064065
80,22.730178965718405
0,11.143739413043193
1,21.110236109966102
2,19.365290441124902
3,12.08434165878224
4,20.380496646774887
5,20.09176960946509
6,16.27230868079966
7,14.592617743954333
8,14.044553759648752
9,17.84911838368219
10,16.98992776466464
11,15.36108400083236
12,15.14749587382447
13,17.800072241284916
14,17.9253029230243
15,14.106281619726522
16,15.54616279719099
17,18.330451120773883
18,19.48991272058814
19,15.333423474092049
20,15.767995437444306
21,17.947170092728157
22,15.893795243818534
23,15.798173437700209
24,16.629064514305238
25,14.951041702697765
26,18.233974121205716
27,18.650226746517433
28,20.708329446144624
29,18.786739253182933
30,16.259306693497123
31,22.50436932169938
32,17.036458411149855
33,15.779051788795927
34,19.714725579550848
35,19.44751898160265
36,19.283535699411466
37,17.726488268499768
38,19.22687449378411
39,16.134523752618467
40,20.997062608449795
41,20.024232121150533
42,19.52137987145155
43,19.196562522522132
44,18.699525621558198
45,19.70312557266369
46,26.00823153218503
47,19.391768437340957
48,19.520862909739503
49,17.98312821763685
50,17.098192296896528
51,18.474545358958057
52,21.560663879746993
53,19.92802318558135
54,24.05066893461683
55,18.483859826193424
56,19.38422236108559
57,17.222297380054616
58,18.379250248170028
59,23.349078658573713
60,19.38972998782138
61,28.09056187740464
62,22.83590188064428
63,19.214132514712556
64,24.76668311237994
65,21.4929794533418
66,21.6730019573607
67,20.108114851501536
68,18.307678202294568
69,21.02331383530595
70,18.052251535707697
71,19.827358859450438
72,20.305564436503083
73,20.44433499911885
74,20.559790234218074
75,21.710635780454986
76,19.835282363428558
77,20.796055017305918
78,19.883184526778525
79,21.36115918507262
80,17.298353040505507
0,11.109918518698716
1,13.967736459715232
2,16.384810240906535
3,15.3580498966231
4,12.604429119778388
5,17.151190032439434
6,14.688890687411275
7,15.166993400769313
8,14.035362526411046
9,19.626946529353745
10,20.073335629780356
11,18.588440217462814
12,19.77423457510303
13,16.42615570690678
14,19.15106062342275
15,22.078372929297384
16,19.100073195968278
17,23.289323946157555
18,19.93579599175866
19,17.46624339287309
20,26.25755957231844
21,25.49882230904935
22,26.139643843745315
23,23.345851150789724
24,20.070209241262063
25,21.225167816530497
26,25.751936276360684
27,29.058759303341674
28,21.607529202499794
29,26.21725177293933
30,24.991850878752366
31,22.57872383953053
32,20.452846557031776
33,23.65914920610271
34,20.974036388717764
35,24.371386882961083
36,25.611096298785096
37,24.158875982769437
38,26.4476913537336
39,24.273278812000502
40,30.10198119303141
41,24.17732972059895
42,26.066803517294066
43,20.183633832776188
44,23.26864596904882
45,22.360120904718578
46,40.052495965911284
47,21.628411467651684
48,23.163780735197456
49,23.54775141440392
50,23.72739329897716
51,20.04036232017325
52,19.136556786456133
53,17.607093903278617
54,17.638003906093854
55,18.437395367375025
56,22.952768165685363
57,18.623413496487558
58,22.3343347101804
59,24.062141510961734
60,25.978398431710964
61,26.384742432954702
62,29.688109585570707
63,25.468471718585
64,32.08511994010644
65,24.63678959265615
66,26.307655651515265
67,30.600846635459003
68,26.318279872084133
69,27.3163610226109
70,19.13088447659377
71,20.959398889607126
72,19.844102156889022
73,24.46413509098431
74,20.077733928696563
75,24.527089900655874
76,20.238142571960886
77,23.594375429436486
78,20.354104775101707
79,18.50976451651647
80,17.113807898700625
0,11.204975193737605
1,11.358025591670502
2,20.616037281216435
3,12.798412517935082
4,14.104336140515835
5,14.47175065571607
6,18.081585040356387
7,16.194628930386695
8,15.476645061932723
9,20.188230600443127
10,16.389874990702186
11,16.319942500013738
12,18.361533998027163
13,18.633311375919554
14,19.97074913498742
15,16.734199972603623
16,17.488002543180666
17,19.343872094868818
18,19.63872961439634
19,19.845999680930994
20,18.923969645063963
21,21.27018558768575
22,21.346324457427336
23,18.965502808489333
24,20.071857546273193
25,19.961000753877453
26,21.87788287969336
27,21.677136312035014
28,19.655578382967995
29,19.587553364430242
30,21.54974217635934
31,19.960344212784882
32,22.245943742784622
33,22.981725141047495
34,23.489300368112787
35,24.96473725489863
36,21.179954604855702
37,22.132987260314277
38,21.01805901805017
39,23.547121998221776
40,22.28640114899976
41,23.219091015133515
42,23.896873513780445
43,22.0924624189542
44,22.489233427673195
45,23.704901742956505
46,26.76926936007577
47,22.035800363444043
48,26.167441430008655
49,25.130969397215715
50,21.807150745400918
51,24.975607540068854
52,22.925527342873274
53,22.36191646675163
54,23.321705968343476
55,24.90083086739086
56,24.568074357876135
57,27.86044123479897
58,21.694410010920944
59,22.66696912385706
60,25.13923061565089
61,30.00676874197058
62,24.37347063817866
63,23.921102482905372
64,23.91427820467621
65,25.097105098242363
66,22.919695144472488
67,21.68277137955594
68,26.27038058348791
69,24.511377354708742
70,24.289696056483333
71,24.266031593661026
72,26.023315433414616
73,22.89501310715777
74,24.641079538617742
75,23.763886213128302
76,22.7984942068055
77,23.406350155029592
78,24.159168465028536
79,24.842408445804427
80,22.203875003599055
0,13.49949175837379
1,15.686385719075947
2,27.71637501803994
3,17.03280932764783
4,18.851033167348884
5,18.58917095077461
6,20.55488569926017
7,21.587035920853616
8,18.303542104544388
9,25.15774186950216
10,25.286420053066728
11,22.56698937316369
12,21.33370632035052
13,20.840115975911306
14,22.424446044992635
15,22.572192246253316
16,23.63082408096129
17,25.2347971917295
18,26.15580155725473
19,23.240353638804283
20,22.903593530787948
21,25.128889199485652
22,21.87600724763834
23,24.678666979243502
24,24.88026446027236
25,24.61911422157393
26,25.541483883247345
27,24.097677819295118
28,26.45875317047131
29,24.357389682322637
30,25.043241119457083
31,26.854567524527255
32,25.645421839738887
33,25.650576778525224
34,29.443302672886723
35,28.188624616073433
36,28.557709453638754
37,29.80900361765167
38,27.286552634870578
39,27.658627490432696
40,30.262652822739224
41,27.642230902839124
42,28.662393491069416
43,28.103807483713712
44,25.28631815900815
45,27.50595458248249
46,33.29057035894638
47,29.294534886583993
48,26.40213780319467
49,31.936948139396346
50,27.535117192293676
51,26.01260728494987
52,29.594260598302164
53,28.61019233272591
54,26.18207527288301
55,26.38949387315788
56,29.010439035911176
57,30.312308687071244
58,27.91970345680737
59,29.796615244450212
60,30.89006048815416
61,26.166463933815695
62,28.922877245854167
63,31.9805377037502
64,30.657163188443814
65,25.999524265741297
66,26.366043810912544
67,25.47070759949948
68,29.8120706241914
69,27.646162026919722
70,25.295696021095775
71,24.240843811586554
72,27.439036718825022
73,25.72115904319457
74,29.318764770056376
75,28.30851130181809
76,26.099087872536618
77,30.52318293618237
78,27.12512096666373
79,26.044388593612506
80,26.00042455413835
0,16.300463814028046
1,21.974493786008832
2,17.92661460807953
3,23.13775245842557
4,26.059002810467202
5,26.82910719205375
6,20.630918119565457
7,23.518515128754615
8,25.896024317939798
9,16.584745442377134
10,26.97287272820079
11,22.72706108575933
12,23.51778350502168
13,24.017961900691887
14,25.548478825608107
15,24.214186267086895
16,28.202571502735875
17,24.529692124937093
18,28.48232432409661
19,28.3938057024927
20,22.076616605089292
21,25.534588382629774
22,24.43413581357115
23,23.406728664134867
24,27.34138284552509
25,27.110258795089564
26,25.267450182795915
27,25.257882944995742
28,29.194550323953486
29,26.718419612780476
30,26.875811665249348
31,30.199812366742535
32,25.927584283338888
33,24.1959732783037
34,24.708618259045707
35,28.084805690811375
36,25.604350517608506
37,31.97426058102456
38,25.982483564557644
39,27.19748052115236
40,26.752266753135174
41,28.347184470051264
42,27.647667103750326
43,28.396044050475233
44,32.27834221476098
45,29.59321513279533
46,28.2037888884367
47,28.098110329214233
48,26.64586620725407
49,29.859972280190618
50,27.99665806902715
51,28.27873106281611
52,23.57111146488604
53,25.59026735995418
54,29.92800969820457
55,27.422001775726255
56,32.526328267079144
57,27.12201683702892
58,28.567133643599817
59,27.52451281341661
60,30.34320494454661
61,27.231090763995283
62,31.410562989983
63,27.934432369837033
64,34.757382973891296
65,30.268683380297045
66,26.629693051130094
67,32.12235467677776
68,30.79575624571649
69,26.592006886642633
70,28.173624089273375
71,27.503298607668263
72,34.05895800994011
73,28.17113743813686
74,32.99253892988951
75,30.081423537481637
76,28.84924376240951
77,32.139431470049324
78,25.351270493429492
79,28.34952547872825
80,26.103621881717828
0,13.917123958317001
1,21.06657084867113
2,18.85044495870787
3,22.791304395632263
4,24.13163332108883
5,23.86787829988538
6,20.521332677723642
7,22.259595823179303
8,21.72413797864186
9,17.419577130829055
10,25.436646159282578
11,22.984989844481753
12,22.829945431694338
13,21.136430300362154
14,23.230207563504983
15,21.663147210660686
16,26.13526363408502
17,22.618454138501264
18,28.582227434406374
19,28.673476281855383
20,24.313148094221038
21,22.51659134197075
22,22.210744488881083
23,24.550819621684866
24,24.23287460432534
25,25.891887632055635
26,21.587558654236837
27,24.494470505903525
28,28.761430980245073
29,24.77799857981349
30,25.510900041360077
31,23.955283331393534
32,28.197360495357817
33,25.557537483713496
34,23.472212537207295
35,25.38488861810078
36,27.921229865220607
37,29.413051699857526
38,27.08072165704812
39,25.27209643611646
40,25.48031554546887
41,26.405419281587914
42,24.682329317941996
43,27.763731207889013
44,29.02350049092609
45,25.246933621245535
46,25.004009092997933
47,25.388694288252996
48,26.642778466381973
49,26.75189169236855
50,27.85669747754098
51,25.05497265614862
52,21.805519761429306
53,26.767951074757327
54,25.483160611807115
55,27.92967537885943
56,29.48615242532366
57,25.850403684722586
58,24.085923296176485
59,30.24198703460225
60,27.915216048100035
61,29.124087402421672
62,29.967845273867294
63,27.893128208607592
64,31.738342442278615
65,29.687577877769225
66,26.346848566550566
67,30.860883639652705
68,25.203264213587772
69,23.61934885448125
70,29.91250031069791
71,22.55025854790332
72,30.706837235813797
73,21.433955560651114
74,30.018341006922725
75,23.714641360912307
76,25.500369820819223
77,29.584165265160795
78,25.666578915268413
79,24.659852169468333
80,20.21300296086276
0,13.943900027408345
1,19.13485470547802
2,16.59301013794822
3,20.010213456071174
4,22.73487279792351
5,22.54829415104742
6,18.744925858023006
7,21.287556921882093
8,23.110577815635917
9,16.5676770942403
10,20.303400541929165
11,22.081828423453228
12,21.214616916607397
13,20.730309779277764
14,22.567252547601637
15,21.097264480317953
16,23.2606487416582
17,20.50494236152628
18,23.950585176779697
19,28.360651585234415
20,20.98218515965112
21,21.725043702560907
22,21.809586284260714
23,22.910416225893233
24,24.16370668822772
25,23.72127222309604
26,22.45899188778522
27,23.603351619538305
28,23.628224434983334
29,22.6057357936501
30,24.584881753950008
31,23.26081202765062
32,27.24046787845885
33,18.758698676061712
34,22.022186621155754
35,23.25429409423266
36,21.272575651407134
37,27.22526572007759
38,21.554390643843362
39,24.821130861852993
40,24.906565675418765
41,26.38944000497176
42,24.61273989599212
43,24.876468529001805
44,26.01378604682844
45,23.24327865880197
46,21.358711226963884
47,28.24146567320536
48,22.69202964117512
49,24.66592666246847
50,28.511874485052225
51,25.55651719966709
52,20.904592881002564
53,22.969899149472127
54,28.935519006875914
55,25.307005189617147
56,25.89018613326265
57,27.930502487388726
58,23.075470719376785
59,23.539156211251765
60,27.197075343605352
61,24.5136625342167
62,26.610416909568713
63,27.047438883125007
64,26.59426584248861
65,27.48214799793956
66,24.40193688845635
67,23.659794777014504
68,26.748230898588723
69,22.641583988759635
70,23.712891120623155
71,23.84501057374753
72,25.148885596387153
73,20.2947868807676
74,27.422970180964015
75,22.880629253255474
76,23.934118427638015
77,26.09454899534595
78,22.642627400338363
79,23.59339089148199
80,22.91709693447447
0,15.824786748555782
1,21.51240967084159
2,18.71047986976585
3,22.88237396559156
4,24.61369030526552
5,27.71867130779216
6,20.68220397848713
7,21.72374808023918
8,24.72236370695585
9,17.13568682860251
10,24.04485640096223
11,21.45309866125745
12,20.70084115486149
13,19.54511277797597
14,25.51166157767571
15,24.799803976593214
16,26.461464618837205
17,22.76630775411277
18,27.597703733143902
19,27.151713111922206
20,23.148190884976284
21,25.148159761037032
22,24.080522002568348
23,25.880875570726136
24,23.68641198552689
25,25.108405348964084
26,23.408109043185597
27,23.420110960829433
28,27.632674011187067
29,27.185276389323143
30,25.95710589785637
31,28.14951330044388
32,28.873448811950297
33,22.67181823028647
34,23.22073348085586
35,25.168862544702538
36,26.397754347708023
37,31.58990004923235
38,25.399097888215525
39,26.919621045526018
40,28.092780032855103
41,27.8435499449436
42,25.085237005738797
43,25.737742404657055
44,28.802899905050054
45,27.999490494460332
46,26.92249174837637
47,31.304801856738344
48,29.313131044655403
49,29.293773889006214
50,28.591531730853056
51,27.381534281794487
52,24.362631776097697
53,26.872486324678068
54,28.02145801164247
55,25.915219940104045
56,29.196263604282795
57,27.159214353593125
58,25.50948666314072
59,29.096154513261293
60,26.633789990883216
61,28.626570421654556
62,28.12757158653994
63,27.111297363346473
64,30.892167882494036
65,25.603291933488645
66,27.270335305865594
67,30.30614932657592
68,26.437946665217215
69,25.104451118522988
70,25.809182670728646
71,25.08439661668139
72,31.550245894256594
73,26.014859311515472
74,33.6897203544915
75,27.211872172921083
76,27.667489941413702
77,29.74846382323688
78,25.959726297742353
79,30.298255285168157
80,25.8460654784575
0,13.701617936198696
1,23.452238707326245
2,19.355848120911876
3,22.610716822226337
4,24.378374106199452
5,26.31719019279589
6,21.0954482080343
7,22.210081134762902
8,25.307475578988782
9,17.045830040887385
10,29.113800599609107
11,21.401619284600176
12,22.23522683928572
13,20.66022183238649
14,24.585529950456927
15,23.03157307645892
16,25.338793183483656
17,24.38265531286996
18,28.43669122492992
19,27.890032882554667
20,22.931028862681124
21,24.856959449798126
22,24.586645432435795
23,23.966335764663217
24,27.408891502174537
25,27.32596624345425
26,22.950796853692772
27,23.749425869391324
28,29.33596820808792
29,26.633062699997936
30,26.189851423141967
31,30.714992927119035
32,29.86116207538391
33,25.769849477621094
34,23.86781206659104
35,25.073506493816613
36,25.26533048349042
37,31.2761786311343
38,26.21006773056352
39,29.607074396661627
40,29.489687864002793
41,28.45712492529541
42,26.61416762997209
43,25.842777493637612
44,26.540362528724117
45,25.959161299094873
46,25.31944494244161
47,30.740827874913546
48,26.389513296332034
49,30.659351733518466
50,28.88939834395603
51,31.365507832207484
52,25.082868421158935
53,22.581797341689377
54,31.11370609642461
55,26.470364856046107
56,31.106102637660257
57,28.007813579567788
58,25.378352305618346
59,29.675926705888198
60,27.947923829528076
61,30.225917135080323
62,30.88432846104161
63,29.17698364273575
64,29.69177354904386
65,27.721211120895095
66,23.55487543620261
67,30.369453452697186
68,31.03604630507352
69,24.700692811434045
70,27.458143207099326
71,24.38473231465982
72,33.10226882828206
73,24.263845273183676
74,29.475907394060364
75,26.469243426817624
76,27.674783978786554
77,28.798397037788185
78,28.778552152636838
79,28.517321519333816
80,25.32283365664492
0,13.272173587852523
1,21.675177139302424
2,19.387702640197617
3,20.683782640376357
4,21.351299092363483
5,22.659018430238206
6,20.43611159070087
7,21.061296780768295
8,21.586486426344162
9,17.453323467149392
10,24.492289676903027
11,20.454322633822407
12,20.17796057068935
13,19.995100926476617
14,24.995446769174016
15,25.26259157641613
16,27.33913431908672
17,23.10801592302338
18,25.953918690499794
19,26.849885200135052
20,22.670266213764595
21,22.723886232688137
22,23.040336423572622
23,22.25363962070497
24,24.06007288733252
25,27.731627730203634
26,25.59128563858129
27,24.98043773467156
28,27.647679074400408
29,25.833062323794472
30,27.901204576689075
31,26.299700809783246
32,28.47492091471036
33,25.020264224106874
34,22.836910827368484
35,25.540391584822736
36,26.991506402297258
37,31.340072422895105
38,24.732778961396654
39,29.169902371053265
40,27.398949454762345
41,30.274352348475094
42,29.661209975422096
43,25.44570918823194
44,31.163446443470527
45,25.982973496643016
46,26.827879435348336
47,27.689709424868184
48,26.661768949703415
49,28.24709401049979
50,26.811760318630107
51,25.87339352495897
52,23.604743471752137
53,25.37403805268644
54,24.300075057910004
55,25.800619388843327
56,28.472695058412828
57,27.735718024879052
58,26.07585225929066
59,28.56432844644972
60,25.591876134289404
61,26.08907601620144
62,26.478687976928203
63,27.94098757538806
64,31.15753326308753
65,25.785571092174585
66,25.430136834940882
67,28.994829959468063
68,31.413638496401834
69,23.878216876537273
70,29.064821626366875
71,25.33973953296578
72,28.43908566419609
73,23.80780321525516
74,28.700455430478236
75,26.960809968289922
76,23.676736586806182
77,27.45081640424824
78,23.85371047193278
79,28.408697645563073
80,24.461958021163223
0,19.885248182595866
1,25.307371392262784
2,23.670222952411265
3,24.050712474263914
4,29.14746259706753
5,29.29764151205474
6,24.848765877015918
7,22.21836344015691
8,28.71590628379729
9,18.845947313282753
10,28.691583459164452
11,24.18427145049203
12,26.163336155712408
13,23.5268885471603
14,25.70172569524169
15,24.83525592204005
16,31.97419298784201
17,28.831879795514748
18,31.848800004893796
19,32.41815167465653
20,24.949878437282145
21,29.543269330508803
22,27.475961575572963
23,28.691203494447066
24,30.231669320932195
25,34.827864574688874
26,27.813700892419277
27,28.209296136121253
28,35.13712979005573
29,34.038653799411726
30,29.89071571784737
31,31.509404014919717
32,35.12070086575858
33,27.74170025339986
34,24.97952797675309
35,31.406219626977055
36,29.331233467186316
37,34.05040372857702
38,32.742407790250574
39,30.88170286217853
40,32.303780799204866
41,32.71078858723476
42,30.72814365698777
43,31.215893552974297
44,35.276810740978526
45,31.164425386614703
46,29.811571531248962
47,32.394032275567604
48,30.59467262746559
49,36.727576097774566
50,32.75478419893338
51,32.81484545456093
52,27.314004077879257
53,30.544587101394267
54,33.654015038707534
55,32.51277995685886
56,34.41396278585489
57,31.008984715434043
58,32.27593619248046
59,33.70826143683528
60,37.21669634348732
61,33.333292041055955
62,36.25270310843192
63,36.30085306943379
64,34.622460965614835
65,32.08061569368837
66,33.03748562651924
67,34.201166776770506
68,33.19569921194532
69,28.50221845336666
70,27.00607842934863
71,31.10394225487049
72,38.502511132805665
73,28.206406029782027
74,37.69729437940122
75,29.684270087188615
76,30.937321731560868
77,32.35648391596653
78,28.473895466339368
79,34.8866155653874
80,26.942917020375248
0,11.884692277260815
1,17.89995496494092
2,22.407026465173914
3,17.192280594871065
4,18.78501469207721
5,16.613129878129527
6,17.496855264617285
7,15.718135429357236
8,15.935124785445423
9,18.127681374903542
10,11.879847794327924
11,20.666525022934948
12,16.474295065019852
13,15.879333245026023
14,18.62225975704701
15,17.43481150153226
16,18.04986500853413
17,20.440268449562232
18,17.54287118122057
19,19.057872807649293
20,18.980568486661294
21,17.678900940632413
22,12.557379406147096
23,13.810585858347121
24,15.939510416654626
25,12.51072524289597
26,15.750205501841998
27,18.025436442174865
28,19.51407699554067
29,19.18051297897391
30,13.238477925855028
31,16.117680780661253
32,18.213332174902963
33,18.001228508856617
34,17.170698117526566
35,16.423728712769687
36,19.427300345881324
37,17.95410303401108
38,16.264801138012487
39,16.63623659044729
40,16.269612404889344
41,17.506458950860004
42,19.146917808740525
43,18.44719362436369
44,16.638651612636217
45,20.056703857306246
46,14.76931122508177
47,15.804328106517561
48,16.134027148560456
49,19.48650909168718
50,17.111046355329286
51,15.097089309118662
52,19.232325614097608
53,20.647125118568386
54,19.06448647691032
55,20.37738160903899
56,22.244553765823035
57,19.65558779567198
58,18.77911938574146
59,17.047137940237207
60,18.242851111618414
61,17.527331195999153
62,17.938921158041115
63,19.95425924532825
64,19.596951915319625
65,17.743075080052904
66,19.5670924196272
67,20.071747237331778
68,17.52227428630025
69,17.939703705604327
70,17.47194602540051
71,17.935265821933918
72,17.407634424270572
73,19.643879638831407
74,16.85637131775496
75,17.977542469551366
76,17.226735909351955
77,17.499060621739535
78,18.227112531873647
79,17.97861828350309
80,13.25244074025766
0,7.1954043223208535
1,12.565244282646878
2,20.800560791931677
3,12.86431251456441
4,12.12631548100771
5,13.213056770066258
6,12.382283276806781
7,13.081985623072743
8,16.212536891415628
9,13.702777438374738
10,14.576668276535424
11,14.023429036987705
12,14.118780003900584
13,14.776770927060415
14,15.15271511096085
15,16.051439860447257
16,15.770919670572956
17,16.264145015719905
18,18.044403781210832
19,14.401081811569297
20,15.186160413415184
21,17.10769005218647
22,16.25070966595736
23,16.669180232957412
24,17.10953003804204
25,18.19108652163227
26,16.664300309873816
27,16.002359209038172
28,18.584802313258507
29,19.45078309366446
30,17.06307612568663
31,17.058884991758426
32,20.144439359848352
33,16.1177130688896
34,15.822611794904375
35,16.009375224568764
36,17.808645530658424
37,16.876319736639463
38,19.160576083172685
39,17.334022497617845
40,19.004099136979292
41,16.066700274162713
42,17.89565287505719
43,16.8616907294784
44,18.27311507322251
45,18.637051274405064
46,16.520240448477384
47,19.05678557978972
48,17.721856068357408
49,18.25904510716592
50,18.36766148225573
51,20.66066740395575
52,18.98216286516996
53,19.10277781821031
54,19.61632534933999
55,19.743319562346304
56,21.08243635698636
57,20.36704750949425
58,27.093104334973876
59,18.583195808782513
60,18.28936508164095
61,18.967263678221453
62,21.97534048623446
63,19.87798668802926
64,19.539161000429203
65,19.422144449796775
66,21.18145864410979
67,18.725401098166067
68,18.864564178133858
69,19.509926913053274
70,20.35571874014343
71,18.980915608079755
72,20.403148250553823
73,19.29580010145548
74,20.754678377632853
75,18.420780246439055
76,20.187927283016144
77,19.732041919206857
78,20.177243532558634
79,19.822002427732166
80,19.449784330995342
0,9.925060500640841
1,12.596820029046283
2,14.707120234331972
3,12.913379811667864
4,15.086355845752095
5,11.341112055431054
6,13.682346561495475
7,15.1534908037343
8,13.127700074279648
9,9.646081925635077
10,11.273452829360966
11,14.559185414017564
12,13.728379522605547
13,11.262508742771061
14,13.050231716786909
15,12.800943125239748
16,14.264294745739546
17,13.769530482729072
18,15.062693293618894
19,12.690317861906346
20,13.969910562060171
21,14.179481082991174
22,16.455669246996415
23,14.773899770112015
24,14.169464371578323
25,16.985606760246952
26,13.848207419167636
27,12.958814843422909
28,13.608474090478097
29,16.056332474923437
30,15.9577947883378
31,14.12741403597849
32,13.405535499976637
33,15.397937978046524
34,13.842573087284004
35,15.285423550471558
36,15.135771106458666
37,14.140298801792738
38,15.39825332035999
39,14.034719104825543
40,17.147303422946436
41,16.600800111230477
42,14.767420797260439
43,14.451535934332071
44,15.199488280476618
45,14.737497342441632
46,15.801406043750518
47,14.716332805680484
48,15.173200022299532
49,17.979067352099214
50,14.457356803904954
51,16.518171007574537
52,18.037740701146195
53,17.03377970642128
54,17.361036433280276
55,16.953748852417004
56,15.979547659536413
57,17.325573217561114
58,17.15309395030532
59,13.661807489023492
60,15.45538001383291
61,15.638013813383935
62,14.091686526796202
63,16.694320978813394
64,16.009047730634837
65,14.202116669705713
66,16.567585555343943
67,17.22227674054898
68,16.543260135066486
69,14.917382731855707
70,13.805377435007216
71,17.105269417454497
72,16.27134407871181
73,15.856871754264876
74,16.641802965812325
75,16.140297787258426
76,16.680640820821647
77,15.045875102407274
78,17.088345706990822
79,15.345540804017487
80,15.822565235723447
0,9.625879712801186
1,13.442835210115412
2,25.759386983518876
3,12.79959308935918
4,14.719286182254114
5,13.74052538957593
6,14.29753610598399
7,13.200534103120816
8,13.236213304322764
9,13.809719585078042
10,12.972080998206508
11,14.977749850955014
12,15.573626229268953
13,16.647015709490844
14,18.134521791619196
15,16.942634440155956
16,18.244128313917166
17,18.375585517084748
18,19.649518331793054
19,18.83147375762519
20,19.357634282323875
21,19.7493142177067
22,20.188225099731145
23,20.53057798950195
24,19.698203645449887
25,20.69503147281826
26,22.790590977325927
27,18.99280548961523
28,21.741092978051096
29,21.385163616766267
30,20.804572942382787
31,21.60841659238823
32,21.39040168447496
33,21.29072135932856
34,21.972355664554037
35,20.639481249161456
36,21.152237013553734
37,21.96400023464815
38,20.689892183630466
39,21.05867417026459
40,18.948523273642287
41,23.27370915430103
42,19.631479434272595
43,19.194326876821314
44,20.60292992979183
45,22.05016659320938
46,23.177811278788134
47,20.18936394135835
48,23.703461219691174
49,20.809278725300565
50,21.698825390890534
51,22.712928991297474
52,22.6387827223719
53,22.885337673367445
54,25.919533075334286
55,23.659152413277003
56,25.558534574363286
57,25.332926145450195
58,28.17730255019496
59,22.212342146872402
60,21.008204032607782
61,22.640981752601565
62,22.751077855577922
63,24.174132992408968
64,23.549130826899916
65,24.57848559268642
66,22.89857481287319
67,22.62752125898775
68,24.653829949110023
69,23.859708277453457
70,22.494342387869537
71,23.876202528015106
72,22.44946012350838
73,22.858544644258533
74,25.094021688150715
75,25.264731956751138
76,23.986366006513318
77,22.782319071279005
78,25.822642568803932
79,25.02793430714396
80,24.112204975763166
0,10.177720982156986
1,12.689306977979626
2,22.505665715414228
3,15.742292149365861
4,14.166015412630674
5,14.094834459019248
6,12.86558420055321
7,14.182738715166302
8,13.570387148486406
9,14.383195943007538
10,12.426788810775468
11,14.818964845461142
12,15.458474548360458
13,15.772265508010156
14,17.218247358864573
15,15.170961144770445
16,15.912885467735585
17,16.578252002047396
18,16.58788475640856
19,20.649151609846484
20,16.982927297335422
21,17.535386306700083
22,16.26787598528882
23,17.45130692610162
24,16.86087483295216
25,16.883588054658922
26,16.725997285474943
27,17.684167407459583
28,17.61238994845304
29,18.390293761338608
30,16.710542951096244
31,18.88149999644307
32,18.585901794405032
33,18.874547303814545
34,19.247532740566477
35,17.535589856725252
36,16.95541810782552
37,17.898191609636168
38,18.477633936613067
39,19.564507189945623
40,17.756978711033817
41,16.90440480309535
42,18.47248051426236
43,19.93152557658673
44,20.012519242161446
45,19.640664113749384
46,19.931598689253235
47,18.330224239439666
48,19.736881641649962
49,22.333645028235367
50,19.449191094456282
51,20.54193555217158
52,23.305912580695612
53,20.040118669850006
54,21.76528630342613
55,23.572573932907
56,24.744575612785233
57,23.403950468240208
58,19.08785911086997
59,17.730089456789646
60,21.70695392579423
61,18.259288947727036
62,21.831617003114317
63,20.424166362768
64,20.85707588361396
65,19.707193512308866
66,20.254894470244377
67,21.572275142668662
68,20.40756718543049
69,22.50358657134856
70,19.661515926820936
71,20.788633297883987
72,21.254662588433305
73,20.66480041375522
74,20.866883950114975
75,23.49237794964057
76,21.336309589306172
77,18.317211582071696
78,19.651714427134806
79,23.363745632266458
80,22.68779833611674
0,8.64276265183027
1,11.311587632267328
2,17.451327864198763
3,12.703625126121613
4,10.296311792895965
5,10.5426312676879
6,11.370619429126895
7,11.771754218027683
8,12.98265541470229
9,11.708532118072656
10,10.734478577385142
11,11.996453084520745
12,11.463313497585881
13,13.67202643290344
14,11.626068586808765
15,13.075148635604256
16,13.835497172303604
17,12.862146263881185
18,12.118310007342789
19,15.162922645410822
20,13.731068128297947
21,14.212346978819587
22,13.953767873817544
23,14.770806875339417
24,13.908221198393216
25,13.845223627477095
26,13.898864701002417
27,14.95374259227232
28,15.839047250859618
29,13.135269706308552
30,14.55114730421977
31,15.556395003010305
32,15.206472898714784
33,14.375573899199253
34,14.173548022730444
35,15.411895522154458
36,14.714098334118704
37,15.714145476826067
38,14.048546758112376
39,15.007457026583387
40,15.136564821654053
41,14.995583965213887
42,14.464581966677779
43,13.601921936353365
44,14.817488259684087
45,14.976126179777358
46,13.186225094724522
47,14.623881115629777
48,15.14270715585
49,15.694862864371022
50,15.632507817536412
51,16.38032440906239
52,15.030613824523456
53,14.123942967601275
54,15.52513541461807
55,16.16961242033507
56,16.585555602231757
57,15.24395116728489
58,15.28892633431656
59,15.47538850465189
60,15.634169385187182
61,17.162831501533574
62,16.420614628830496
63,16.5220779306557
64,15.498701731067952
65,15.539041447057778
66,16.425081711324914
67,14.824813701354927
68,15.977784760741024
69,15.288702028753685
70,15.686221534882442
71,15.7815067953678
72,16.573954395170432
73,17.17794295569397
74,15.115403446565733
75,15.093824817225403
76,15.54054856848582
77,14.538754991784023
78,16.667761353264982
79,16.884516765313673
80,15.570092807478893
0,8.531371426136555
1,17.31747762640393
2,18.699306658632697
3,10.578282737140187
4,17.67757200438641
5,15.234262433908857
6,12.741913488038955
7,12.652317017417884
8,14.207564017283834
9,12.424642494131609
10,15.162204843823346
11,13.839813518351596
12,13.325616645183295
13,15.177208380486183
14,12.778693395309412
15,13.489776543911868
16,15.05557105182955
17,13.868588721481531
18,14.217376509704271
19,14.395094245530563
20,15.20296635201032
21,14.990355379097053
22,14.520867918937103
23,13.232106970992723
24,13.888599648111333
25,14.251006397913168
26,14.10440390919036
27,13.880758303942335
28,14.49808477477702
29,15.096253463191962
30,14.020037580676663
31,17.162156226226355
32,15.907962525776231
33,14.077229083007227
34,16.53306662013071
35,15.878870958785594
36,14.194319766640927
37,15.95611295990111
38,16.358894369438307
39,14.409627086990648
40,14.049565677472797
41,15.951311501449485
42,16.48841173727219
43,17.069812400761943
44,15.798005018438355
45,15.836560937260693
46,14.896058641509958
47,14.608289503672573
48,15.08275328710706
49,16.309156172081718
50,16.00104374982546
51,14.721720616863008
52,15.41355518128004
53,17.306372197545823
54,18.670846902245362
55,17.52886610128122
56,17.704158768906602
57,16.33819565381978
58,15.887137859562687
59,17.178576886253158
60,17.424290888671266
61,15.735581317520108
62,18.34500668408252
63,17.238901165103222
64,18.895257843873154
65,17.316547665580977
66,18.083599352946116
67,17.864437641787354
68,15.409612697444835
69,16.707485018845453
70,16.713174918827086
71,16.34283563104483
72,15.655073192456875
73,14.964253324741518
74,17.99933089720574
75,18.15536985443032
76,16.518441865545235
77,19.052879909587006
78,15.517892571512819
79,15.63093401847248
80,16.153446321556817
0,7.659682660473142
1,10.992002358804848
2,16.79355032272637
3,10.17852811749575
4,10.315051072030508
5,10.456615141000736
6,11.495090862045725
7,10.4723138493999
8,11.662474434820403
9,11.752598583179644
10,14.515696448084933
11,11.180776949591186
12,14.27911055096099
13,13.811761427134137
14,12.838446077047738
15,13.502515267520566
16,14.183529886994814
17,16.03994206494625
18,15.872243299285929
19,15.22635485814101
20,13.802404873474647
21,16.770124858214807
22,14.563460869058247
23,14.176186110167981
24,14.363198533320753
25,14.467584291943098
26,15.076380612650595
27,14.864373250058417
28,16.5205269881637
29,14.319942165977821
30,15.705944607204858
31,16.847676894615024
32,15.592524493811604
33,15.100854523688334
34,13.202753723568213
35,14.861533082672338
36,14.817200183499779
37,16.337130694945223
38,16.961406350280278
39,15.420536468033072
40,14.79680888180749
41,15.846374306342145
42,16.19038470181598
43,16.54623420252734
44,17.052606964979717
45,15.775149032494834
46,17.06086879518765
47,14.454983900542086
48,15.613516520064216
49,16.470735173744583
50,15.37212441353303
51,17.793477316373714
52,16.490970390999994
53,16.84978338103426
54,17.02773928452684
55,15.830578686778411
56,16.05533698521709
57,17.54884295871415
58,15.28588450980746
59,15.034942414813695
60,15.177657044215472
61,18.136783066366903
62,16.100174668234125
63,17.484200283410757
64,15.171829194496118
65,17.658528717017035
66,18.356177861339244
67,15.903509228628945
68,17.33551354896144
69,16.41029068078253
70,17.175223513934366
71,16.566516902251653
72,16.027449899668092
73,16.487936451437676
74,16.607937413470175
75,17.933482635032956
76,18.93425614150914
77,17.015636084322214
78,17.178634003848867
79,16.920679708844776
80,17.11264421298566
0,7.127501538887581
1,11.03574053109503
2,22.50181873454963
3,12.113755537161643
4,13.253777291834815
5,13.307101822919764
6,13.461260352341757
7,13.838743330261678
8,12.668317923304542
9,12.635170092857853
10,14.15812407329148
11,14.132133615696548
12,15.861974029793386
13,14.13945131266216
14,14.779676406912646
15,14.845919957660387
16,14.985433359205393
17,16.55112518724595
18,14.426336836189373
19,18.32090880276125
20,16.72907051753674
21,15.874191423249048
22,14.925568806923689
23,15.25132235702105
24,15.531160694694952
25,16.61238109619961
26,16.350559813377615
27,15.000175233063104
28,15.793510121370515
29,17.00721907424923
30,16.489358095458805
31,17.53052915871717
32,18.463853550781096
33,17.17971030947238
34,16.241473323814024
35,15.51373931380194
36,15.671505697791453
37,19.202849177443664
38,16.935717895339224
39,16.75301377572893
40,15.569679010179009
41,15.627690671827699
42,18.44938058883255
43,17.786716815439
44,20.15394780014087
45,16.341064435489827
46,17.318637362476323
47,19.13026863988884
48,17.986047444400274
49,16.837586429126336
50,18.049463851725733
51,21.34458358697473
52,21.6933641532124
53,21.043206733966606
54,22.124184498862355
55,22.02835942170613
56,21.268399419561906
57,20.45583242342445
58,19.450181403989948
59,17.723485297114173
60,18.48045442826448
61,18.923275891785966
62,19.131440832292476
63,19.878855010762443
64,18.595493491259326
65,22.74683861276274
66,19.48940274151497
67,20.379229777889318
68,21.044141182203255
69,19.45874791438896
70,19.202239337926603
71,18.754337900046874
72,21.949786765278148
73,19.85348881538935
74,20.329894574577548
75,21.816988842972073
76,18.632851345975944
77,20.532025945497313
78,21.64764403211471
79,21.977975285939884
80,21.22935073364274
0,11.307674950334325
1,12.48691146785948
2,24.008371480425502
3,16.847142507739242
4,14.069780288635881
5,14.498553413364432
6,14.028716958513582
7,16.98106588855602
8,16.740209255288555
9,17.049403034098916
10,18.190473137410127
11,15.17653113190256
12,18.0450000372171
13,17.499501468324695
14,17.308287405944153
15,15.991784018029085
16,19.006897371146582
17,19.78185999460974
18,20.297394819259086
19,19.918829565352354
20,18.633913396883656
21,18.26891840851168
22,19.28499849827972
23,19.68383748805481
24,20.069363493121543
25,21.29153499757084
26,20.640703086244695
27,20.72406962208621
28,22.316054763342773
29,21.60195146419893
30,17.68370612570321
31,20.951458282984923
32,21.1346980700267
33,18.73666133032041
34,18.8838498767696
35,19.9851333313508
36,18.68153082939233
37,19.870024928121843
38,21.842181931258327
39,20.142088318382676
40,21.641524128747523
41,22.6474350184512
42,24.525808232851134
43,22.746719178665277
44,21.476841934057386
45,20.65513748852154
46,22.244970136917047
47,24.11311026540241
48,21.51043258866894
49,23.066470307057006
50,21.02908169730347
51,26.031831135085955
52,25.039123845599345
53,24.566173406130435
54,25.0791621668722
55,25.492227156406738
56,28.281348493941714
57,23.4057723261933
58,23.302281079880494
59,22.772073844420753
60,22.9782831478645
61,21.813922186485726
62,22.309780806924408
63,24.023028211974196
64,22.88615795250978
65,23.634673434319826
66,21.98123419506476
67,22.85851172690342
68,25.41168892142877
69,22.31214310649121
70,22.71524745563886
71,23.114784992179555
72,26.09263236636259
73,24.13340636141333
74,24.49831523022925
75,23.658356671205393
76,23.245895770549318
77,26.66725837796484
78,24.892661175685685
79,25.936169581109443
80,24.884488503660208
0,12.863121925102423
1,15.863824715701915
2,15.932701147319127
3,12.296157353786697
4,14.670347072918581
5,18.3710400061768
6,16.55805160366311
7,18.01510314673963
8,23.28702588957191
9,18.14703225541303
10,19.72461263223761
11,24.87937963950981
12,24.395669561468043
13,38.94848912225273
14,26.72424111232323
15,24.965493478475647
16,27.988492794237743
17,32.302921947406006
18,25.197475935037772
19,40.41967768302014
20,33.21737845350156
21,21.420986553914567
22,28.976812885358658
23,29.73001782365812
24,28.027843828406777
25,27.247553364532948
26,26.772836176646678
27,26.114326128436463
28,23.182581682542654
29,31.822461323451876
30,29.61450567030999
31,29.86118944656037
32,29.038059556883596
33,33.82641657625737
34,38.94479070382422
35,25.9354554531332
36,28.83314261560316
37,34.0721826239222
38,33.45429235814854
39,32.73822465851661
40,39.021849815687595
41,39.73012582845135
42,37.271475356673456
43,34.337001150688025
44,38.13839394837491
45,38.47921834754393
46,34.13955091883346
47,31.837440787637735
48,28.97624487703498
49,34.80755077449692
50,37.24982993672334
51,36.72063843198572
52,34.426287257703926
53,33.34690164589746
54,34.54509182689907
55,34.25208950006521
56,35.896743455027355
57,35.20270970490693
58,29.94773496145636
59,36.20107614233991
60,31.07732323341102
61,37.08481634912413
62,33.478660102234706
63,34.523784083077075
64,35.34988151662902
65,40.33274848901409
66,39.38926822208094
67,38.004817943901806
68,38.645358508027485
69,38.61180437610775
70,41.77739125102434
71,38.562651275508415
72,31.450458871352687
73,38.75542506623756
74,42.01364948931969
75,32.995767027809016
76,45.028589882903844
77,40.932508361933344
78,36.18020126779931
79,33.45623446237781
80,42.700098659864615
0,13.316307095352567
1,17.668837163835427
2,15.692044918698906
3,13.00721846011732
4,13.973282908667468
5,19.38455441089168
6,15.878265563383794
7,17.418177081371333
8,22.50504686680076
9,18.356172107446806
10,18.286462332513526
11,24.760286019386207
12,23.973449018722807
13,35.195978085899824
14,27.38115997207185
15,22.775210684469915
16,26.777315264365747
17,32.66398532135098
18,24.071014579192358
19,45.885901263017615
20,31.383704117120274
21,20.824604658342523
22,27.849593195789417
23,29.790819468866182
24,29.2762248205591
25,27.052708481079797
26,28.811418739165585
27,25.81888424324188
28,20.632597633549118
29,31.31494811682093
30,28.20987510726167
31,28.801509197250805
32,33.05361373321172
33,31.686450982151904
34,37.74403433018923
35,23.607847126416637
36,27.30407502244297
37,32.06401796270371
38,32.61144583173266
39,31.747207101742735
40,37.970669161267104
41,38.529714569772246
42,40.846593101510706
43,35.38615108230721
44,35.67700488982214
45,38.13813161533122
46,33.65491631644582
47,29.868114022892748
48,28.68766327412608
49,31.417749145858856
50,36.87026026250411
51,37.62775083872931
52,37.20356532915467
53,31.015777690973604
54,35.688931730628084
55,34.36161260185754
56,37.27555224589888
57,32.46653217815789
58,27.520029424164456
59,34.7639882723148
60,28.887938716293007
61,34.283073266131424
62,30.284393182276915
63,33.22711722725306
64,33.011956068018584
65,40.266748067330845
66,38.58045273854007
67,37.215734330748134
68,37.8344426160336
69,39.81446335232622
70,42.00057974064167
71,37.45952117021896
72,28.545216484330354
73,39.324241605575814
74,41.398887947132984
75,29.81007790772266
76,43.68153378985516
77,41.430827378119005
78,33.748189256033065
79,30.185423484102575
80,44.82919580764261
0,13.956303261126697
1,15.622898204229719
2,15.241310472421327
3,14.203566579799478
4,15.592668197922395
5,17.597586672685903
6,16.752074576251857
7,16.43752779617687
8,20.736633614170554
9,17.077552415552066
10,18.14151820783621
11,23.876682681719053
12,22.43752667662718
13,34.784272183485825
14,27.102508112027138
15,22.17054458475372
16,23.060857309602373
17,29.311835581094268
18,22.40630407400985
19,36.94348025672909
20,28.801030905085813
21,21.029646049427647
22,25.134783380528283
23,26.207566964470427
24,26.748139178582424
25,25.98827680640845
26,23.27826677409508
27,25.351458290741366
28,21.787404408959258
29,28.817892356910974
30,24.946650678984444
31,27.33691040818777
32,27.984887048108085
33,28.95704479649719
34,36.39055528159982
35,24.317293780850747
36,22.183901688249072
37,26.769605858120563
38,29.808571469529415
39,28.45951769546655
40,36.37428971203529
41,33.42885320640476
42,36.40980363452983
43,28.365227390689356
44,34.3701973576169
45,33.86594293535132
46,29.393287719903995
47,28.291214726396184
48,26.94160791765996
49,28.617748430238592
50,34.058527787512546
51,33.27830347527481
52,31.47221355468703
53,31.08958552648367
54,33.82337364129181
55,31.971688897316614
56,34.381121940160305
57,32.29013940510187
58,26.646793830376748
59,29.80096574730282
60,25.659428869057255
61,34.192684070532714
62,27.99381753328865
63,29.10130321034018
64,31.39414212780247
65,38.55282094360521
66,35.82587407006533
67,37.699845005143956
68,36.326261120655026
69,34.034156694362224
70,37.5305064969573
71,32.26305999777611
72,27.931097433298845
73,37.81594010251161
74,35.389101105174085
75,28.770631952327616
76,43.04876261810508
77,38.223489355028164
78,30.347355879940576
79,29.263111888094144
80,41.751328137302544
0,13.385406710349807
1,16.11289679248082
2,17.124082643091363
3,12.326180105949476
4,14.084322395634251
5,18.4976392559773
6,16.706015874375325
7,18.020201100895914
8,22.8623263626211
9,18.829310955183445
10,20.008692999718683
11,24.719751303005946
12,25.16788576835938
13,37.78074436755741
14,28.48254062531484
15,24.518355296622776
16,30.468643564941523
17,30.146903651638507
18,25.587921534734143
19,46.26010004517466
20,34.798015537816184
21,22.46200951970316
22,30.166530175443818
23,29.093705489994626
24,31.51944528690569
25,26.71295109803115
26,29.256523115004306
27,25.472640256919256
28,22.504504149507984
29,34.1943918568602
30,28.31049548509837
31,30.91792602006768
32,30.15697282647736
33,34.554425363868326
34,36.76183635458201
35,26.44293645733131
36,28.109643141518312
37,31.978180764341165
38,31.37755506876377
39,32.17326610998775
40,37.965242583765814
41,39.66286283495858
42,40.12608608568133
43,34.11933088183177
44,38.10586351712943
45,40.271169530114385
46,35.958416527374304
47,31.04494827664836
48,29.687934190759975
49,34.45577592817108
50,35.40903685105093
51,36.89322274979701
52,36.90091107991673
53,33.92845132188957
54,38.20527999724603
55,35.271761256515646
56,37.13979864680794
57,36.132773220317105
58,31.55421696438759
59,34.3113519699718
60,31.003535348444455
61,36.255526862975344
62,32.66690509844931
63,35.60593046305794
64,35.20872667406835
65,39.5676003447571
66,38.46415593057498
67,35.82297830131542
68,38.338698483452305
69,40.11272603399053
70,42.21938161175509
71,37.07153912000351
72,32.30824747064667
73,38.751324107930685
74,43.924282515693484
75,34.42312426614479
76,45.96948650232877
77,42.48626003764321
78,35.96141679371614
79,32.18354097544061
80,43.03907849296307
0,12.71478569893332
1,15.770903714883556
2,15.736338685710434
3,13.354848722872449
4,14.288561238810122
5,17.74708936120593
6,16.174364712096665
7,16.61424911479142
8,22.382580887418946
9,17.90471555061078
10,20.026727175212397
11,24.33813587791387
12,22.333702515207396
13,34.932923876783235
14,28.415912411075716
15,24.764568439482176
16,23.90741143211938
17,29.01003071224627
18,23.631743993856595
19,40.713525825611676
20,29.67605203300246
21,20.543667830755435
22,27.22606694265971
23,27.355583884008784
24,27.03849959940327
25,26.07432723324172
26,26.36631063110568
27,24.436614789199226
28,22.518648775020385
29,30.622885461033903
30,27.752314590518953
31,29.78199208115911
32,31.94196678400467
33,30.710156110103906
34,34.81033763825248
35,25.093037929521458
36,26.033397314833476
37,33.42025126231023
38,32.29399701244229
39,29.424244516289193
40,33.7514605283058
41,36.70573093494596
42,34.44304208591926
43,31.418784106730904
44,34.95461350088345
45,38.236720389322265
46,33.467869352350654
47,31.304182091926133
48,26.214675937560628
49,32.073063233963325
50,35.48157446625999
51,35.834031948145544
52,33.217618072501324
53,34.152030194620615
54,36.76414083189522
55,33.15807390095545
56,33.145411601148346
57,33.37144419650546
58,26.455068293854787
59,32.998529194790024
60,27.08781007271142
61,33.598561841270865
62,28.237166869030368
63,30.994010843336984
64,33.805124582763234
65,37.36124236261878
66,39.28269807764332
67,38.35644496051558
68,38.746431662309284
69,33.19124050015152
70,37.98464755024978
71,35.645820518859125
72,31.033555079258818
73,36.44723153590865
74,37.747647545468425
75,30.31102205021062
76,41.363522063832896
77,38.679332482573486
78,34.86072875299816
79,29.224781148523316
80,40.02620750503096
0,12.311128287843683
1,15.667273584275897
2,15.564439939471008
3,11.822480285229739
4,12.960578662683703
5,17.86457947683884
6,15.977568701939914
7,17.126644707830707
8,20.373989211008112
9,17.480831183730807
10,18.640590626404904
11,25.407804970811334
12,22.28299526203125
13,32.084450880139215
14,26.213614806916755
15,21.370160087992215
16,25.32968567890269
17,27.049407900308964
18,25.043684392612878
19,38.719337124651084
20,33.53633692805099
21,21.981242635435738
22,27.51670905715892
23,28.897865145795524
24,27.97168580702325
25,26.029354877185405
26,28.542937055777916
27,24.023002962104194
28,23.195340689799593
29,31.464591322675535
30,28.19638751737913
31,30.132198309670883
32,29.355666908777827
33,30.856102071520134
34,36.002537770160686
35,24.532513343911134
36,26.24961466919997
37,30.21884078172879
38,31.320002656542894
39,32.0931983104972
40,34.68454886702064
41,37.48259594773671
42,39.57307724320379
43,32.098165630548415
44,35.73855967144459
45,33.989762999577465
46,32.39109914299708
47,29.067491787090727
48,28.11423724151668
49,33.49478242350156
50,37.77222212236481
51,32.67391941271541
52,32.64836093153867
53,33.82384821438277
54,33.72663649492415
55,31.833460695553132
56,34.48176274917606
57,35.05516311490287
58,28.23883603897393
59,33.62949502703933
60,28.012813571963715
61,34.53963653314132
62,32.04066061155024
63,34.784194243092514
64,32.978302828426735
65,37.87204919873806
66,37.10709284787918
67,36.060673428916864
68,37.26336307352658
69,36.91334214491698
70,38.85152183990241
71,34.94867267662551
72,28.69364188887956
73,37.18969299851749
74,41.007049372339964
75,30.794878983689216
76,41.534054292008854
77,37.632137944331454
78,35.09572105056763
79,31.520608529583686
80,39.72448142353234
0,15.460764554059901
1,16.172131028587664
2,17.000818598247534
3,12.584643193188759
4,15.379856435742502
5,19.05433782388149
6,17.833912965626812
7,18.038418996791147
8,23.60273287935693
9,19.711568292924294
10,20.257235853359237
11,25.014248615735305
12,25.447705702387655
13,37.96526654663124
14,30.895945274881896
15,25.04022267239168
16,28.849020270531252
17,34.829103709274364
18,25.33153264507924
19,42.265969433962894
20,33.060791291971825
21,23.0852011877243
22,30.123420423490625
23,31.539277501506433
24,29.853913143860208
25,28.60257073220392
26,31.192310858024896
27,26.84011059162926
28,24.22871455766044
29,34.262291376758036
30,28.99247475638262
31,34.514062945402145
32,33.48158295052489
33,35.32964862526043
34,43.72813481005424
35,27.923949851318753
36,30.954210646206047
37,39.357833345485524
38,35.17976340474205
39,34.67147116299872
40,42.63666116308098
41,40.27891387180162
42,43.46180254292883
43,36.762386633109635
44,41.38785351874287
45,42.670425260634474
46,39.25018984233675
47,33.687948480925726
48,32.16052687926403
49,37.89078672189813
50,43.140828276978866
51,40.4059021403705
52,38.35409239765189
53,37.266280834954564
54,41.96570386415512
55,36.682678184999595
56,41.247065668071244
57,42.091918590682866
58,32.964682522758736
59,41.874086605531964
60,33.52636943058577
61,37.71400691466456
62,36.40321855917966
63,36.38294730763531
64,41.44860338368636
65,47.756725034990104
66,46.255524445879814
67,42.22417651914789
68,42.02556316180827
69,43.78944274373167
70,44.931064314668376
71,45.53399828470502
72,33.90670844452679
73,44.50333405552425
74,48.95491399977622
75,35.88437132317107
76,52.65598640659328
77,46.10001055305737
78,42.56065196704964
79,36.07716604911084
80,51.8029069782167
0,13.30885462388074
1,14.25013886170931
2,23.41182663374591
3,13.253536973388787
4,18.916848788019767
5,17.3709955775468
6,19.929272436465574
7,18.82878399821511
8,16.413306454919542
9,17.14321760963831
10,15.61418616395141
11,20.92522233730749
12,15.347575471575443
13,20.991322315771285
14,15.49545409419527
15,19.585560756684682
16,17.05713813521281
17,21.25431768144521
18,18.000342271047938
19,19.727910107863234
20,21.004244537984523
21,16.70543037772215
22,18.542730126844077
23,19.738640795031344
24,18.276451444510528
25,16.05450395274525
26,17.194213190083254
27,17.768782705158706
28,17.491514640416362
29,18.627115438834977
30,18.89078166751387
31,19.39246429986074
32,19.289847728425386
33,19.62725707944148
34,18.77053815928503
35,18.854473972928325
36,19.9104257595362
37,23.13706464779586
38,21.886019263904412
39,18.019619939332646
40,22.534576573090128
41,24.382030967412987
42,23.767968965691146
43,21.211520197418494
44,19.982541769059793
45,24.694919486666112
46,21.690765525364665
47,21.37144433351638
48,22.55200048079493
49,20.89550294837335
50,20.58904895207363
51,22.262289466236762
52,23.28410434920313
53,21.97661977192379
54,23.677484820948564
55,23.54394438134564
56,23.511178265760062
57,22.348761219103963
58,24.296312295178268
59,21.093273343143863
60,22.02226871187996
61,21.31983976565943
62,20.275432911561236
63,21.063264343690648
64,21.356925626651794
65,23.59584070828999
66,26.109720021700106
67,20.605625109915398
68,21.681311305671667
69,22.820228916546366
70,28.02052591780271
71,21.315569178605863
72,22.463445302839943
73,22.18853459021015
74,20.086672106940025
75,19.17220726016272
76,22.980533415453365
77,27.721163912266235
78,20.81338666558085
79,22.257135984549446
80,22.11385693955553
0,12.002465173994834
1,20.12429789558065
2,31.457456141492422
3,11.527027364415016
4,18.817548602506243
5,19.236858394407307
6,20.917013294539675
7,21.952484340962858
8,20.619128952249433
9,20.176743846783275
10,20.23076223976273
11,23.41633079577627
12,19.06613030243556
13,23.962028778439823
14,18.46347280993012
15,18.934930759621388
16,19.150390654246124
17,21.494437654203754
18,21.0396386503234
19,31.759444595754253
20,26.763000331251394
21,19.768924747624144
22,21.996031790590752
23,22.81730106842968
24,22.842800591517896
25,20.989184046116264
26,19.325547032864637
27,20.57279686335795
28,19.05867111724083
29,26.92913200778789
30,22.558900504265637
31,22.33687513849494
32,24.099450379132534
33,25.79612440887088
34,27.548961300011882
35,20.763108058783175
36,21.775094837231585
37,25.768595991915106
38,23.771813179382065
39,22.948955698374775
40,26.07057729686616
41,30.483067883003525
42,31.54695824275715
43,24.596631844260653
44,27.823371234613468
45,30.076408051680943
46,22.930335077341294
47,25.24049650817833
48,27.141911674057596
49,24.57409712892744
50,25.658132293892017
51,28.61555874813678
52,30.57848956142399
53,28.75578944231951
54,28.256437622683713
55,28.361478406502304
56,29.96201496953993
57,32.665695901271434
58,27.871713541865354
59,27.822426307167298
60,26.622877586044794
61,28.025116234451698
62,23.09213932447633
63,30.464463955495365
64,25.92281657735623
65,28.18693375922512
66,29.50709365260393
67,31.420470109923713
68,27.40180361851023
69,27.084648732057413
70,31.802817562654553
71,27.756150597673
72,25.852285426468722
73,31.76364479109984
74,28.09743224888315
75,29.21797642450099
76,32.403458526204595
77,35.99526489827156
78,28.389066100036835
79,27.046996803690853
80,28.5277920894565
0,11.895357109974043
1,15.055155345110936
2,25.37683663485678
3,10.960432741840084
4,17.43142686340849
5,14.847963743961838
6,17.065532042482182
7,16.716126529989108
8,14.264754506717445
9,14.930965655315195
10,15.98797738477508
11,18.051900858370796
12,16.25752395927387
13,18.323748488528548
14,17.820695163830184
15,15.349746468086199
16,17.701852227216254
17,19.20828999634658
18,19.570389392269753
19,25.81773415684422
20,17.77140731655417
21,16.483432892509125
22,19.9000797217667
23,19.64046817869938
24,18.876305249145645
25,19.7413148493377
26,17.91911962750125
27,17.392999406843856
28,17.96720909241143
29,19.50969225093427
30,18.980269617481895
31,21.132316708961582
32,21.53945850631296
33,21.262301763161094
34,20.0733130576629
35,18.739130202669067
36,19.189117986484263
37,17.38378234520904
38,20.60833698578001
39,18.544065812754024
40,22.829784492412976
41,25.03166190491827
42,21.761344267574533
43,19.000445475680948
44,21.607186794925084
45,24.165698747035112
46,20.351568627903664
47,19.84309714174891
48,20.24935394891577
49,20.294916320515892
50,21.40412234656034
51,24.926381965843103
52,23.887683983199707
53,21.47463600017995
54,23.355621313004818
55,23.87668236301797
56,22.466558148912632
57,21.382610487305236
58,20.467224126601792
59,23.02597229119897
60,21.215259833145954
61,22.30181490466718
62,19.2677191233274
63,21.497121974214874
64,21.014519551796816
65,22.316697789518326
66,26.231393716627966
67,23.233010545962625
68,20.65665363567728
69,20.27052724904099
70,22.971940448614024
71,26.083107738616953
72,22.048371452222934
73,24.230672416769774
74,22.53320464879254
75,23.546931691056315
76,24.42157688111023
77,25.43097232957556
78,22.145505798242095
79,23.96046367924526
80,24.96374448143974
0,17.230453900171277
1,18.798727151922066
2,33.642987318703625
3,14.438723756056703
4,18.47578850766117
5,21.944089432712037
6,24.853666500034517
7,21.579629315337947
8,21.101361366843733
9,19.31929635445712
10,19.865752217430675
11,23.668516065559906
12,20.312509583037592
13,24.265999018417194
14,23.821791344349375
15,21.562834925222745
16,19.780073630353524
17,26.208453262014263
18,21.93597165275932
19,27.591916534015837
20,25.574911263060674
21,23.349709258678985
22,24.737797633713715
23,25.460936791927715
24,24.037439362763692
25,22.643846916385776
26,25.370681012061652
27,22.920343442278863
28,22.56770884455883
29,24.628788540603473
30,29.78073034752667
31,26.57666781744436
32,28.42624620991446
33,29.90667380019973
34,30.01932932661798
35,24.872328186882775
36,23.92049224048673
37,27.79313792758019
38,26.77327129769727
39,30.06632295980658
40,30.27226391588821
41,29.55042927745306
42,30.964018106176127
43,27.558584836574667
44,31.761954533082758
45,30.269945993616965
46,30.751831478672305
47,30.47004064665465
48,30.456855878061834
49,31.10398501112757
50,33.220108461792954
51,29.137314504638827
52,30.473005632327432
53,30.96923506039336
54,32.537510013659706
55,31.04742702639478
56,30.198998867695344
57,32.271169297569976
58,28.571122254168046
59,34.54144435787677
60,29.181738983207048
61,30.80851633332707
62,28.26453791189425
63,32.140042767859335
64,29.596330717468327
65,31.453490946270797
66,34.628400310917776
67,31.820957780342052
68,27.895973938282044
69,28.394005535565142
70,34.49808271400294
71,30.66332066499985
72,30.714620239358148
73,30.92623463735933
74,27.55470299109032
75,27.728420529372585
76,29.93539529676481
77,36.759682524603825
78,32.327468828676594
79,30.70344391817629
80,32.24745184426223
0,14.924745248731913
1,18.622208753145404
2,31.098324221767506
3,14.904485666524746
4,15.480748492688113
5,21.972345398925214
6,19.90627958197084
7,25.40386715598836
8,22.66274443542015
9,16.97360950346823
10,18.707475798278615
11,22.30980981462474
12,21.001613861477363
13,19.867069220237344
14,21.817131214322337
15,21.936801697881098
16,22.182443368421172
17,26.397729763738724
18,21.8192585153824
19,28.209524753665114
20,24.37098825158355
21,21.03762985049962
22,23.732554865871045
23,24.26038534612934
24,21.73292705506076
25,21.714442492539096
26,21.372625194759316
27,24.51788855005674
28,21.63579283244012
29,22.822651706775815
30,25.638590640986088
31,22.865968056794998
32,27.122071104628294
33,23.896369715643466
34,27.69278596419584
35,22.3661127560271
36,24.64346435695927
37,24.89046358036497
38,22.59491378249231
39,27.193281049114017
40,27.35574264663514
41,31.55497416235164
42,25.171219670884952
43,26.6715200462862
44,25.69492963856984
45,29.537684676878357
46,27.40674313035352
47,26.85172034896916
48,26.21543891205264
49,25.46490713260671
50,28.421313475606624
51,30.398614402243226
52,29.350949807976146
53,31.041643689409725
54,31.01620316650382
55,26.517036700215208
56,30.829447883518053
57,29.107926296953305
58,26.319253086026382
59,29.879594685549232
60,26.451971191423528
61,29.03840743195315
62,27.51888145913399
63,27.162151015973304
64,26.413068257638038
65,28.075935364155338
66,26.604396031789747
67,27.041191523725658
68,30.062445997420337
69,28.904473825694318
70,30.49362910817255
71,26.118783921610028
72,33.43673313754609
73,30.338794466859007
74,33.12660475284089
75,28.88405402856023
76,37.25025831155657
77,35.86769806583939
78,28.76209881961004
79,29.26673963081718
80,28.199732317850494
0,11.391883724731724
1,13.326458469536687
2,24.755285350693455
3,10.550797636386786
4,12.969655930743306
5,15.532867645770315
6,16.959279574430628
7,17.041761487592254
8,16.071621286207456
9,13.996653199743967
10,14.72405291664713
11,15.738061717756766
12,16.04775849742041
13,20.211011171932643
14,16.644659947445145
15,15.481148268969157
16,15.061299884375897
17,21.0032728436208
18,17.073795421658417
19,21.456426865773437
20,18.905775592178106
21,16.149672157520016
22,17.41984243666314
23,17.739420337906093
24,19.019302662149915
25,16.515896146603954
26,16.468626027566074
27,15.768931555564851
28,16.455359304208898
29,17.523695616851384
30,17.350966917128204
31,19.84020784702386
32,18.694613299557957
33,18.925517392635157
34,18.974918032724144
35,17.105156196604675
36,17.65604142745405
37,20.30279792799573
38,18.953489037793364
39,19.255243000790912
40,20.004234118059195
41,22.366965916185393
42,22.287401208057297
43,19.239086684210537
44,20.224402360969403
45,23.79356503058955
46,19.19217467132116
47,19.499766255263008
48,19.81191833721389
49,19.479940265940417
50,20.54328825972633
51,26.01448093265485
52,21.419219286270813
53,19.833885358118216
54,20.38128570042036
55,21.81461694460635
56,21.72619835451436
57,23.4728812192217
58,20.488160237981376
59,22.027784268249484
60,20.28540747242859
61,23.207540843767873
62,18.878905687964522
63,18.998559908671027
64,18.068229530372314
65,24.68741479847964
66,20.596723014772326
67,21.057348846889333
68,21.950506429670885
69,21.952999623392124
70,24.232872863067495
71,23.608398310026235
72,21.631980329540724
73,21.22255311478326
74,21.62463326186159
75,22.262623617796503
76,22.774689796497423
77,27.400027845836572
78,21.384252736272266
79,20.267380084387216
80,21.43724240058608
0,12.693222062813813
1,17.91814977448991
2,19.22468018962397
3,10.228817210682974
4,16.284985309941852
5,18.476814702233295
6,17.062518998005945
7,19.151564762888558
8,16.721867854067497
9,15.313882811495374
10,17.157893283283396
11,18.00674163319713
12,14.375602100460927
13,16.905969745870074
14,16.34993590320768
15,13.750928228175068
16,13.750124983875462
17,16.245535198686945
18,14.435716499187677
19,18.755040101433405
20,18.53219813829554
21,14.207206487352332
22,14.774696930898433
23,16.565333643558805
24,17.606384631471478
25,13.603683059456921
26,14.508165602198085
27,15.108568906143798
28,16.143280536296647
29,19.879194565878063
30,15.707208990325336
31,18.17041595948068
32,17.854983110771244
33,17.12876355319031
34,20.048204373281962
35,17.300045047976294
36,16.124158060184588
37,16.845572964344438
38,18.673275774317357
39,16.586046694562263
40,18.767894735081107
41,19.585132378258514
42,21.979762097900366
43,18.048710488377772
44,17.309341607692765
45,18.8913122967232
46,19.63113217375119
47,19.788368811618472
48,18.93566696051492
49,17.819810163273715
50,17.728994072753107
51,22.18991089016226
52,20.344174092562866
53,19.10106748813194
54,20.697106812301392
55,20.642303244619495
56,18.820236780702285
57,20.89349894908695
58,18.164286992259964
59,19.765460871437877
60,18.176273057801662
61,19.692567185608794
62,20.749669353683917
63,18.298825575928113
64,19.87475372614962
65,21.848922412684118
66,20.71567012341502
67,18.818396477065143
68,17.884865664667675
69,20.413105361734363
70,22.99317119302348
71,19.94468414961323
72,18.17832127071338
73,19.489776333519895
74,19.325694451619547
75,19.621287902618743
76,20.220170031283466
77,22.031036559680366
78,19.215504152393333
79,19.19015398382972
80,20.43879520664999
0,11.556402663866805
1,13.16988505542197
2,21.464338170161962
3,10.459044946241933
4,13.22726084276097
5,16.259665499797148
6,16.94461642009479
7,15.166458897406416
8,15.038911015816023
9,15.442820498136541
10,15.166619042737034
11,18.133076420956964
12,17.382280154386756
13,20.67438684243451
14,14.918993208231164
15,16.476284388346688
16,16.531770305151444
17,21.6037286294505
18,22.336917871321162
19,21.39808603759056
20,18.784084230791827
21,19.96209307143292
22,18.52255809148609
23,19.58615986327407
24,18.81773432694153
25,17.644251037173685
26,18.384430862608163
27,17.039712088572546
28,16.726576183535606
29,18.790530330359825
30,16.3892481565421
31,18.54186654539334
32,17.744640594019245
33,16.44151002085443
34,24.410059519782052
35,19.36785130565516
36,16.826265483958856
37,20.05796254836575
38,18.443358698520004
39,19.16320378543744
40,17.800433405048683
41,27.07855138702853
42,22.726669322562923
43,18.738398514672504
44,18.684141964527694
45,23.443705910203338
46,19.41179121003623
47,18.359521561319582
48,19.35059239094639
49,18.376365520453582
50,18.062464273179543
51,19.1487478543743
52,18.874060176824035
53,25.83610047234522
54,21.25758462095868
55,20.981246886345485
56,21.043062146432646
57,24.664588058815287
58,20.850657917044327
59,19.651994657613336
60,19.79329201806809
61,23.406801015204397
62,19.764440379164704
63,19.685369591006616
64,19.308774116528483
65,22.421691453705797
66,23.20327115047786
67,22.230217277254468
68,21.91296202552203
69,22.137758907372252
70,25.11304710879241
71,27.017267771649315
72,23.967716469097564
73,21.779771967205253
74,21.264789965758837
75,23.091435744955376
76,19.463689239168797
77,20.848858841355643
78,22.604795854159367
79,20.160840838874787
80,19.186579288013814
0,14.423926531927304
1,17.263059888443347
2,29.30538375152162
3,13.142083531140155
4,13.916272980468003
5,18.054149098074003
6,21.190925281131072
7,17.37564754324531
8,17.9484980207899
9,16.20810892933085
10,16.413269368750278
11,20.019748484719845
12,15.592225416800975
13,21.24606769731635
14,19.50927669574293
15,18.127547976524315
16,17.587519091523685
17,22.25103524639593
18,19.376533045309703
19,20.83935998711055
20,19.418482808027157
21,18.79934931637096
22,19.241983357003036
23,20.59685094870424
24,19.78161531001881
25,21.133775262017842
26,19.79656504160705
27,18.723504688233387
28,17.676828394261122
29,23.15771901647349
30,21.730934266562624
31,20.527299679151387
32,24.501587962749532
33,23.74594194699514
34,26.06614920971928
35,21.305694176277377
36,21.429077103621292
37,21.471840950454926
38,21.625323063710876
39,22.167941717871752
40,26.961508683030168
41,27.566528459277077
42,26.334752781140487
43,22.75065772364393
44,28.16421140237639
45,28.845982828069737
46,25.393398970916717
47,26.673344220837425
48,26.53275793147237
49,22.288419102628428
50,28.77489067514362
51,28.750525526094627
52,27.08269716698775
53,26.102307434511776
54,26.185912543358942
55,27.54783739428849
56,27.500308232845487
57,29.201818619032764
58,24.322999832910146
59,24.338393442020468
60,26.509933867855153
61,25.719408119322665
62,24.800164926721862
63,25.227011917227948
64,25.883373792515453
65,26.720124497120597
66,28.960874392575153
67,29.04360915298752
68,24.736202654745885
69,26.806125749172082
70,29.075907433035294
71,27.02308632354921
72,26.776496331468664
73,29.216939087009184
74,25.97456195436834
75,24.493233262928094
76,29.799733997950153
77,29.606214283032987
78,28.571258810012846
79,29.016085481011523
80,28.28548983236061
0,15.129570459629322
1,21.481810894278215
2,39.283102901487894
3,16.017784021570463
4,18.607123172888897
5,22.111571474530894
6,21.742513618096606
7,21.704475347029994
8,23.21395604422517
9,22.948058561662762
10,21.8218599792111
11,26.276763569380005
12,21.3844267389592
13,27.95999368724587
14,27.272213671036855
15,23.764633670650742
16,20.351560289445047
17,25.27761263785604
18,24.997344663907764
19,29.844795708994756
20,31.050775313610107
21,23.872318667774135
22,28.714242280571234
23,26.518313442831467
24,28.165808183485638
25,23.52599969365361
26,24.532473055651
27,26.974085558994165
28,23.74472810638582
29,30.07823664975774
30,27.520883152027807
31,28.23336965524279
32,28.695450023716646
33,30.079408106829224
34,33.464338596708465
35,27.971439604770502
36,29.12239407497223
37,28.70328787498873
38,26.86228299641374
39,28.193738805214693
40,34.69196285849101
41,38.77487945895809
42,30.913618825027203
43,30.57987194629764
44,31.903619710798026
45,32.52790888399345
46,33.480927767929884
47,30.913290908948017
48,35.5655736957095
49,30.592200353339102
50,30.77934057070524
51,38.432986628916105
52,39.109393506472394
53,32.44489222232009
54,32.47577707184048
55,38.92288285651244
56,30.767299319395576
57,37.42219804649792
58,32.421500204000445
59,36.95072447633758
60,32.25474420649032
61,32.70317968522776
62,31.042877114669718
63,31.276933447355503
64,30.55162855132344
65,37.75170700439361
66,36.953387254922205
67,33.34088164649153
68,35.3881021411032
69,37.570258623963404
70,38.578159809643154
71,36.696073814945024
72,32.44848200851573
73,35.790928239597584
74,36.17336345105398
75,33.786448809060445
76,41.85670396983442
77,41.67465635247323
78,34.61938944240079
79,31.10957097601588
80,36.415905198789886
