gene,block1,block2,block3,block4
Dnm1l,17,16,13,20
Sqstm1,14,14,4,4
Nars,20,1,1,20
Zfand5,6,14,4,16
Srpk2,14,19,13,20
Tspyl4,17,18,9,6
Sptbn2,20,14,4,10
Epha7,14,1,4,11
Nisch,5,2,4,3
Nudt3,8,12,4,16
St6galnac5,19,14,4,9
Pcdh19,6,14,16,4
Klhl2,13,16,9,20
Tomm20,20,19,16,3
Nceh1,2,18,16,4
Gde1,10,16,13,13
Nudcd3,16,16,10,2
Zyg11b,1,14,4,11
Fam171b,20,16,2,14
Lrrn2,12,20,13,19
Rnf14,9,2,20,11
Tax1bp1,20,5,10,15
Sorcs3,14,20,11,3
Cdc42se2,9,10,19,20
Bnip3l,17,1,13,5
U2surp,5,9,10,4
Reep5,2,8,4,6
Dynll2,5,20,9,16
Etv1,6,12,12,6
Apba2,1,16,7,10
Ppp1r9a,13,2,3,12
Gpd2,17,11,13,15
Stxbp5l,14,18,13,19
Ap2b1,6,19,17,8
Nfe2l1,7,16,7,16
Lrp1,13,5,2,16
Calb1,13,19,19,13
Dmtn,15,8,20,3
Ppp2ca,19,14,19,14
Rbm5,5,9,6,8
Ahcyl1,12,1,14,19
Slc25a12,4,2,18,8
Cadps,16,10,2,4
Ncoa1,18,8,12,14
Wdr1,4,7,7,4
Cbx5,8,19,16,11
Ptprd,20,9,3,6
Agtpbp1,1,3,12,12
Cap2,7,13,4,16
Chd5,7,12,2,17
Epn2,15,15,10,20
Abhd12,4,14,15,3
Abcf1,15,14,9,20
Gng2,5,13,1,17
Nfasc,5,8,1,12
Zmynd11,2,14,3,13
Tro,6,1,8,19
Prpf4b,12,9,19,2
Ube3a,11,2,18,15
Add1,16,5,5,16
Gnl3l,1,10,9,2
Wbp2,7,10,20,17
Nptx1,2,11,8,5
Kmt2a,16,7,17,6
Necap1,15,16,13,18
Bmpr2,12,2,15,19
Ubl3,14,9,17,6
Tmem179,7,18,13,12
Armc1,18,20,5,13
Bclaf1,17,20,3,14
Dync1i1,20,8,5,3
Tm9sf3,2,19,16,5
Pou3f1,11,10,16,5
Pacsin1,14,15,12,17
Appl1,16,10,16,10
Bptf,19,5,18,6
Scn2b,17,6,8,15
Exoc3,8,5,14,19
Dgkb,17,17,6,8
Wbscr17,5,3,14,14
Pi4ka,13,16,7,2
Spop,8,11,2,17
Cyfip1,7,3,20,10
Adam22,6,5,10,1
Myo5a,13,20,12,1
Thoc2,3,12,9,6
Caprin1,14,4,19,19
Sh3glb2,19,11,1,9
Hcn1,14,6,19,1
Kras,2,12,16,18
Mal,11,12,12,11
Ggnbp2,10,19,2,7
Cnr1,18,6,12,12
Snw1,20,10,6,4
Sertm1,15,18,12,1
Kcnab1,16,3,15,4
Lmo7,12,20,2,10
Sobp,7,13,15,5
Tardbp,15,4,3,16
Aff4,16,2,20,18
Braf,16,16,17,15
Mia3,6,13,5,14
Fam32a,15,2,4,13
C1ql3,8,5,9,4
Nrsn1,9,9,8,10
Slc4a10,7,3,11,19
Vps41,8,1,7,2
Mapk8ip2,1,8,10,19
Snn,16,6,11,11
Stxbp5,10,1,14,17
Plxna2,8,10,11,7
Usp33,18,20,14,4
Peg3,7,2,13,16
Arfgef1,17,6,5,18
Trio,6,3,20,9
Prkca,17,13,15,15
Rasa1,18,3,18,3
Mapre2,1,9,4,6
Myh10,4,11,1,14
Svop,9,2,9,2
Nemf,4,19,1,2
Nsmf,10,3,13,20
Smarca4,16,1,5,12
Plxna4,16,8,8,16
Birc6,5,4,1,8
Stx7,17,3,11,9
Akap9,12,5,16,1
Spon1,11,17,16,12
Cds1,15,2,1,16
Ap3m2,20,13,14,19
Cacna1a,17,18,3,12
Sema3e,8,16,1,3
Cdh2,14,12,1,5
Map2k4,5,4,7,2
Immt,2,13,10,5
Lin7a,20,11,14,17
Wdr47,14,19,15,18
Runx1t1,3,6,3,6
Esf1,3,7,12,18
Sowaha,12,8,10,10
Xrn2,9,10,20,19
Gpatch8,4,12,2,14
Dhx36,20,9,4,5
Crebbp,18,4,10,12
Safb,11,13,19,5
Gabrb1,3,11,2,12
Camsap1,12,15,8,19
Azin1,3,8,16,15
Kif2a,6,8,5,9
Arel1,19,19,11,7
Efnb3,15,12,18,9
Fam13c,8,3,11,20
Ppp1r2,4,20,11,13
Fam168b,1,11,16,16
Cdk11b,15,11,12,14
Cacna2d3,19,9,3,5
Pdia3,2,6,2,6
Ubtf,8,20,9,19
Gmfb,16,20,9,7
Rala,9,14,1,2
Arhgef12,9,7,4,12
Slc25a22,13,8,11,10
Ube2l3,8,3,10,1
Pin1,11,1,7,5
Ssr1,3,7,10,20
Trim44,8,2,12,18
Sez6l,18,7,12,13
Fut9,16,15,19,12
Ppp1r7,8,15,12,11
Tmod3,9,20,12,17
Ogdh,11,15,20,6
Cplx1,6,17,18,5
Trip12,1,14,14,1
Tsnax,11,13,8,16
Kcna2,5,6,20,11
Syt5,1,5,7,19
Cdc42bpa,9,20,11,18
Scn3a,13,4,9,8
Src,4,2,3,3
Kbtbd11,4,4,3,5
Tmem106b,3,3,15,11
Aatk,8,10,4,14
Madd,7,8,18,17
Eif4b,10,15,2,3
Ktn1,12,18,9,1
Dnajc6,11,18,15,14
Rapgef2,19,2,14,7
Rab24,10,15,16,9
Psd,15,5,4,16
Ssrp1,10,11,17,4
Lztr1,15,10,17,8
Zfp871,12,9,9,12
Tnks2,4,3,11,16
Ldb2,5,7,12,20
Ehmt1,10,5,16,19
Nsd1,5,1,7,19
Crk,3,17,16,4
Ppp4r4,7,16,12,11
Pcdh20,18,9,1,6
Btbd1,18,12,3,7
Rtcb,10,1,11,20
Slc6a17,3,18,4,17
Gucy1b3,14,18,17,15
Hspa4l,19,11,6,4
Ypel5,3,3,8,18
Trank1,15,15,6,4
Vldlr,9,18,11,16
Gdpd1,15,12,6,1
Armcx3,1,20,15,6
Arhgap44,2,15,15,2
Chrm3,2,11,10,3
Smc1a,2,20,6,16
Klf13,17,9,6,20
Lmo3,11,12,15,8
Uhrf1bp1l,17,13,18,12
Opa1,7,15,20,2
Nr4a2,14,5,11,8
Copa,19,1,13,7
Srsf1,12,17,9,20
Crbn,14,5,20,19
Clns1a,3,7,7,3
Arid1b,2,8,2,8
Far1,3,9,1,11
Pex5l,6,20,11,15
Btbd10,1,4,3,2
Stox2,8,8,13,3
Chrd,17,5,7,15
Fh1,3,1,20,4
Becn1,3,12,16,19
Chd6,18,19,6,11
Syt13,9,1,2,8
Git1,12,5,5,12
Cdipt,13,20,10,3
Atcay,8,12,13,7
Fdft1,19,3,12,10
Fbxo11,19,3,6,16
Ddx46,5,18,20,3
Hdlbp,2,5,15,12
Adprh,14,18,3,9
Fgfr1op2,5,16,1,20
Me3,4,10,7,7
Tmem38a,11,5,15,1
Smarcc2,9,6,13,2
Gprin1,10,12,13,9
Tlk1,17,12,19,10
Cacna1h,3,15,5,13
Gucy1a2,13,5,17,1
M6pr,6,11,20,17
Ubr1,11,15,14,12
Cnih3,1,13,13,1
Atxn1,6,3,16,13
Tollip,14,1,2,13
Copb1,12,9,5,16
Usp2,2,12,5,9
Fxr1,6,13,1,18
Iqsec1,20,6,13,13
Grb2,6,11,19,18
Nap1l4,11,2,4,9
Smg1,8,14,8,14
Casd1,12,1,2,11
Sbds,16,19,11,4
Arid1a,20,18,9,9
Rgs17,17,12,1,8
Anapc16,7,12,4,15
Exoc5,3,17,9,11
Gars,4,4,17,11
Klhl9,6,17,7,16
Caskin1,1,7,5,3
Ube2r2,19,1,9,11
Klhdc3,16,9,6,19
Slk,8,20,8,20
Pcm1,6,16,20,2
Aftph,20,20,11,9
Brinp2,11,11,16,6
Fbxo25,18,8,17,9
Kcnj4,13,9,17,5
Blcap,9,2,16,15
Cul1,7,13,17,3
Ndrg1,15,10,8,17
Dusp8,1,10,18,13
Hnrnpm,15,18,10,3
Gorasp2,13,8,3,18
Smim14,13,19,8,4
Zfp91,4,2,1,5
Nipbl,12,10,17,5
Csrnp3,20,8,15,13
Trim32,7,20,8,19
Ogfod1,2,7,11,18
Degs1,20,13,9,4
Tnpo2,18,19,10,7
Rad23b,13,5,12,6
Tbl1xr1,20,9,1,8
Mapk8ip1,15,12,8,19
Slc4a7,1,17,1,17
Akap2,17,7,11,13
Dact3,10,4,2,12
Fasn,12,1,11,2
Asap1,2,14,8,8
Mga,15,16,4,7
Mmp17,5,8,18,15
Dnmt3a,11,5,14,2
Dagla,3,9,20,12
Supt6,5,8,6,7
Rab27b,1,13,4,10
Acsl4,19,4,15,8
Gas5,20,4,18,6
Kcnip2,2,10,18,14
Cry2,9,9,11,7
Pnn,12,8,5,15
Setd5,14,12,5,1
Rnf6,1,14,5,10
Pcdh10,5,19,2,2
Fscn1,7,2,7,2
Ube2q1,2,1,14,9
Slc3a2,3,15,13,5
Dhx15,12,7,18,1
Hspbp1,19,13,6,6
Fbxo9,7,7,4,10
Cacna1d,1,19,14,6
Cep19,2,20,7,15
Ptprf,6,6,19,13
Zdhhc17,19,12,8,3
Fem1b,16,2,17,1
Actn1,19,20,10,9
Knop1,15,17,6,6
Pnpla8,9,6,3,12
Golgb1,20,15,12,3
Ptk2,12,10,12,10
Fnip1,10,10,8,12
Syt16,14,3,13,4
Ptpn5,3,13,4,12
Atp13a2,17,16,9,4
Kdm1a,9,7,5,11
Ext1,13,4,11,6
Ralbp1,8,4,5,7
Slc30a3,3,1,8,16
Mapre3,8,9,8,9
Ube3c,1,20,6,15
Anxa7,17,16,20,13
Supt16,8,15,18,5
Irf2bpl,13,3,18,18
Trrap,18,6,3,1
Gapvd1,17,7,3,1
Yme1l1,16,14,1,9
Mrpl17,12,19,17,14
Prkcz,8,4,15,17
Rock1,18,15,20,13
Arhgdia,10,8,12,6
Bag4,3,16,4,15
Chga,19,2,7,14
Arhgap5,5,4,14,15
Agpat1,12,3,15,20
Pip5k1c,7,3,18,12
Zc2hc1a,11,20,10,1
Plxna1,9,8,14,3
Aamp,15,6,3,18
Fam120a,10,18,11,17
Aars,11,7,17,1
Cpeb3,5,19,17,7
Asic2,18,8,11,15
Golga4,7,18,1,4
Hif1a,11,10,20,1
Zfp322a,15,17,5,7
Chpf,5,3,3,5
Cd34,7,1,16,12
Creb3,17,17,19,15
Usp45,6,3,8,1
Acp2,2,11,18,15
Fbxo33,5,7,14,18
Rraga,11,9,6,14
Rnmt,10,14,16,8
Sfxn3,5,16,11,10
Smarca1,7,17,8,16
Zfp260,17,14,8,3
Bhlhe40,2,8,17,13
Ndufaf5,10,19,4,5
Zfp318,14,10,14,10
Hapln4,16,16,6,6
Evi5,13,19,16,16
Xpnpep1,9,6,11,4
Ubn1,9,18,17,10
Fbxl3,1,5,8,18
Ptpre,9,17,20,6
Wdr45b,11,13,20,4
Mgat3,12,8,3,17
Med13,13,14,9,18
Insig2,8,15,4,19
Eea1,19,17,16,20
Pip5k1b,3,11,6,8
Clstn1,2,12,12,2
Abce1,15,8,14,9
Tmem183a,13,7,20,20
Unc79,8,12,18,2
Rusc2,6,5,13,18
Hook3,15,18,11,2
Sgip1,8,11,4,15
Rtfdc1,9,7,1,15
Ski,9,18,19,8
Fezf2,15,2,17,20
Usp32,16,17,12,1
Pip4k2c,19,4,8,15
Tfrc,16,15,10,1
Tln2,16,1,6,11
Trp53bp1,11,3,4,10
Hcfc1,7,11,7,11
Dpy19l1,10,7,9,8
Trim46,17,17,12,2
Ccny,8,3,8,3
Suds3,12,18,18,12
Rhbdd2,4,19,6,17
Strip1,12,6,2,16
Tbc1d24,10,8,13,5
Alas1,20,18,7,11
Klhl23,19,6,2,3
Ubr2,20,3,13,10
Tmem8b,19,6,3,2
Ndel1,16,13,12,17
Epha6,5,14,5,14
Copz1,18,16,6,8
Atp1b2,19,2,1,20
Cyb5b,12,18,17,13
Snd1,14,14,20,8
Nrip1,7,6,9,4
Ngef,7,11,3,15
Cers4,4,6,2,8
Pcyt2,7,15,5,17
Rab1b,1,13,7,7
Nap1l3,11,10,14,7
Dclk2,4,19,2,1
Ruvbl1,10,18,19,9
Lemd3,15,9,3,1
Rap1gap,18,12,7,3
Cd200,10,8,20,18
Tet3,4,5,3,6
Mboat7,19,7,7,19
Ncbp1,14,18,6,6
Sppl2a,13,10,8,15
Gtpbp4,6,6,14,18
Arhgef17,15,13,6,2
Prepl,3,5,15,13
Ttc19,13,9,8,14
Trappc11,9,10,18,1
Vezt,3,19,8,14
Dzank1,9,3,15,17
Ttbk2,5,1,12,14
Pik3ca,5,18,8,15
Odf2,12,15,10,17
Ufm1,20,5,11,14
Dpy19l3,17,18,12,3
Atg12,16,6,16,6
Abcd3,8,4,19,13
Ddx18,1,7,12,16
Trap1,8,3,20,11
Zbtb7a,16,20,19,17
Fgfr1,9,1,15,15
Slc27a4,10,7,1,16
Dlst,9,4,11,2
Akap13,6,4,17,13
Camk2g,3,20,7,16
Rims2,6,15,5,16
Asap2,20,13,16,17
Hexim1,7,13,13,7
Tmed4,15,10,7,18
Pde10a,5,8,9,4
Arcn1,7,15,12,10
Actr1b,13,10,6,17
Sipa1l3,15,11,17,9
Pianp,14,18,18,14
Mrpl49,10,14,19,5
Tomm34,12,16,20,8
Plaa,20,3,12,11
Jmjd1c,4,12,8,8
Qrich1,6,2,20,8
Drp2,13,13,19,7
Atf6b,13,7,15,5
Vopp1,3,18,6,15
Med29,6,11,14,3
Bag5,1,13,10,4
Ptpn11,9,19,2,6
Fermt2,12,4,8,8
Limd2,10,10,18,2
Hdac3,11,2,8,5
Rab5c,10,4,17,17
Prkag2,20,18,18,20
Mog,15,16,6,5
Tm9sf4,12,10,8,14
Cul2,16,1,14,3
Elp3,13,17,12,18
Dnajc10,16,12,7,1
Brd8,13,2,16,19
Pip4k2a,17,3,15,5
Zmiz1,12,7,9,10
Ccnl2,11,12,17,6
Spns1,7,6,20,13
Ube2h,1,8,3,6
Akap8l,6,13,10,9
Nrbp2,1,1,4,18
Pank3,9,13,12,10
Ulk2,15,8,11,12
Anapc1,12,16,3,5
Kars,20,1,19,2
Atp13a3,9,4,18,15
Arhgap39,19,11,20,10
Grm1,15,3,19,19
Glud1,18,12,10,20
Mlx,5,7,6,6
Zbtb16,13,9,9,13
Gak,18,20,18,20
Neurl4,2,5,7,20
Tmem57,5,4,2,7
Pik3r2,16,14,5,5
C2cd5,8,12,1,19
Slitrk1,14,9,8,15
Lrrc4,13,2,6,9
Bdp1,14,17,3,8
Setd7,16,14,20,10
Trim3,19,3,5,17
Ei24,14,20,8,6
Abca3,17,13,11,19
Tanc1,5,17,2,20
Jph1,7,6,2,11
Hexa,8,18,5,1
Polr2b,18,10,19,9
Cers1,8,17,9,16
Vps16,3,7,16,14
Pgrmc2,3,7,9,1
Entpd6,16,20,8,8
Zrsr1,12,1,1,12
Endod1,12,12,10,14
Gpc1,15,3,11,7
Fbxo44,8,11,8,11
Smad4,10,5,1,14
Faf2,19,2,17,4
Scamp3,2,1,19,4
Impad1,3,17,5,15
Dgkd,7,17,5,19
Vps39,18,13,1,10
Snx17,11,2,16,17
Map2k2,20,13,6,7
Klc2,12,19,20,11
Pde4d,5,7,11,1
Ppm1g,13,18,12,19
Ythdf2,14,8,10,12
Extl1,10,1,20,11
Slc35f1,14,12,9,17
Lurap1l,3,12,18,17
Txndc16,19,4,11,12
Bhlhb9,7,20,16,11
B3galt1,8,14,14,8
Arhgef4,12,15,1,6
Mllt10,13,13,11,15
Stambp,15,17,18,14
Ccdc112,5,11,2,14
Lsm6,3,6,18,11
Me1,18,13,9,2
Dnttip2,18,2,18,2
Rmdn3,8,15,5,18
Srrt,15,1,12,4
Efhd2,15,17,3,9
Zdhhc3,5,14,9,10
Arsb,6,6,20,12
Zzef1,4,10,15,19
Ecsit,17,13,10,20
Brd1,4,6,18,12
Htr5b,3,10,2,11
Tnrc6a,15,7,7,15
Rin1,4,14,11,7
Fto,18,12,14,16
Extl3,6,6,12,20
St8sia5,3,14,6,11
Ythdf3,7,15,8,14
Tmem87b,6,1,3,4
Zmym5,2,3,3,2
Ankrd13b,3,18,9,12
Gbf1,3,13,1,15
Zfp280d,4,13,19,18
Rev3l,6,20,19,7
Adam10,7,18,20,5
Ap1g1,12,1,17,16
Gosr2,7,19,15,11
Chmp7,16,11,15,12
Focad,8,2,1,9
Pmpca,7,20,5,2
Cse1l,9,7,3,13
Slc35c2,10,5,14,1
B3gat3,19,6,14,11
Slc37a3,7,10,14,3
Gnptab,3,12,1,14
Mtmr7,9,11,2,18
Ralgds,3,11,17,17
Hs3st4,17,18,15,20
Nr2f2,3,6,13,16
Kcnh3,2,8,19,11
Ak1,15,9,14,10
Lrrc4b,2,18,7,13
Alg2,19,17,13,3
Paf1,15,18,7,6
Ncaph2,3,11,9,5
Rab2b,4,9,4,9
Rasd1,16,16,18,14
Spire1,17,17,3,11
Otud4,10,17,19,8
Baz2a,11,20,14,17
Apbb2,16,10,20,6
Rab3ip,12,20,19,13
Clptm1,19,20,20,19
Esyt2,16,2,4,14
Fam220a,11,6,7,10
Ncs1,18,7,16,9
Zcchc11,20,20,19,1
Foxj3,20,13,20,13
Mbtps1,14,17,11,20
Rapgef5,11,8,10,9
Megf9,2,18,12,8
Habp4,8,19,18,9
Prmt5,13,13,7,19
Sestd1,13,14,19,8
Zmiz2,18,17,5,10
Ap1ar,1,13,1,13
L3mbtl2,7,9,12,4
Adam15,8,16,5,19
Stk4,14,3,8,9
Pkd1,6,12,6,12
Tbc1d14,9,6,20,15
Atp8b2,6,4,9,1
Tmem150c,11,6,14,3
Mta1,6,6,15,17
Fbxl2,18,8,15,11
Atg16l1,5,8,3,10
Ptcd3,8,13,10,11
Stk39,19,5,16,8
N4bp1,5,16,8,13
Gga3,10,6,18,18
Dmwd,13,1,8,6
Ssh2,7,3,17,13
Tnr,3,14,3,14
Phlpp1,17,15,1,11
Clmn,1,8,11,18
Tmub2,8,7,10,5
Rnf41,6,17,19,4
Smchd1,15,4,4,15
Egln2,8,17,17,8
Dlg1,6,18,19,5
Ncoa6,3,17,2,18
Serp1,18,8,7,19
Ube2j1,18,11,14,15
Spry2,6,5,11,20
Svip,10,4,19,15
Mrpl10,14,13,7,20
Zfp385b,16,8,7,17
Socs5,10,9,13,6
Shisa5,4,10,3,11
Crebrf,9,3,20,12
Dusp7,4,15,2,17
Sulf2,11,15,19,7
Nr1d2,7,15,3,19
Ube2o,11,4,1,14
Mtus2,9,19,5,3
Zfp512,1,7,6,2
Rexo4,1,1,11,11
Kpna4,6,10,17,19
Fut8,12,12,19,5
Cwf19l2,4,7,13,18
Tle4,1,3,13,11
Srgap2,17,16,4,9
Mpnd,16,2,9,9
Mkl1,2,10,17,15
Ccnd1,4,10,14,20
Mylip,5,19,4,20
Vps33a,16,17,14,19
Ust,1,2,2,1
Gtpbp2,19,17,7,9
Aagab,17,19,7,9
Ncoa2,16,19,4,11
Zfp804a,6,14,9,11
Wdr43,2,9,1,10
Clint1,7,16,14,9
Exoc7,5,15,17,3
Prpf40b,14,15,20,9
Pdcd6ip,18,19,5,12
Usp20,6,3,2,7
Dohh,4,17,14,7
Kcnc2,9,12,6,15
Mpp2,5,12,16,1
Coro1b,11,16,6,1
Brms1l,3,6,8,1
Fjx1,3,6,15,14
Poldip2,8,18,10,16
Itsn1,2,3,12,13
Rai1,12,6,10,8
Ipo13,19,13,10,2
Baz2b,4,9,6,7
Ireb2,1,7,3,5
Lypla2,10,8,3,15
Senp5,2,9,6,5
Gmcl1,19,17,9,7
Cnot8,19,1,2,18
Gatad1,17,18,14,1
Golt1b,11,13,14,10
Tcta,2,5,19,8
Sik3,19,16,9,6
Slc6a8,13,3,14,2
Atxn2l,9,2,7,4
Gja1,2,19,11,10
Clasp1,8,9,5,12
Neto2,10,17,13,14
Phyhipl,5,18,14,9
Fnbp1l,10,15,12,13
Efnb2,3,16,12,7
Ube2g2,4,15,18,1
Qars,1,5,2,4
Anp32e,7,17,2,2
Kat7,18,4,15,7
Doc2b,5,13,20,18
Pdcd11,9,6,7,8
Egln1,12,17,18,11
Ss18l1,11,19,5,5
Utp3,13,8,10,11
Mast1,18,19,19,18
Ppp1r13b,3,19,10,12
Gdap1l1,18,15,11,2
Suz12,11,16,13,14
Sugp2,16,5,8,13
Cxxc5,4,10,18,16
Kbtbd7,7,6,18,15
Fbll1,17,6,20,3
Klf10,4,13,5,12
Sf3a1,12,5,3,14
Stx5a,9,13,15,7
Larp4,4,1,16,9
Tmem131,7,19,1,5
Prex1,1,17,11,7
Slco3a1,9,6,1,14
Abhd8,1,14,11,4
Pbx2,12,14,17,9
Pptc7,16,3,20,19
Flrt1,2,2,4,20
Zmym4,20,16,4,12
Ift81,10,16,19,7
Kdm4b,19,8,9,18
Mvb12b,6,2,5,3
Bhlhe22,11,19,15,15
Arf2,11,6,10,7
Maf1,5,4,20,9
Capn5,2,6,5,3
Asah1,9,10,3,16
Timm22,1,11,18,14
Ifnar1,10,19,14,15
Insr,2,13,13,2
Cyth1,10,9,10,9
Paip1,13,4,2,15
Foxk2,4,10,16,18
Nmnat2,16,5,19,2
Cdc16,9,2,5,6
Fktn,11,20,6,5
Dhcr24,9,3,4,8
Nubp2,11,3,16,18
Nckipsd,17,4,2,19
Phtf1,1,12,20,13
Rnf19a,8,4,8,4
Dyrk1a,1,15,14,2
Anapc2,1,18,3,16
Nuak1,5,4,15,14
Yipf3,5,16,15,6
Plec,11,19,9,1
Atg5,16,2,14,4
Eml1,5,6,6,5
Cul4b,20,4,7,17
Flywch1,3,4,6,1
Fundc2,10,17,8,19
Ldb1,3,16,5,14
Tmem25,6,3,11,18
Tmem19,17,7,15,9
Ddx55,17,5,6,16
Srrm4,1,16,17,20
Dhdds,11,16,18,9
Numa1,9,9,10,8
Alad,17,5,5,17
Suco,5,18,10,13
Palm,6,7,17,16
Gcnt2,4,8,20,12
Ptrh2,14,15,5,4
Fbxo18,4,16,18,2
Prkci,2,1,13,10
Daglb,7,2,14,15
Hgsnat,12,14,13,13
Nit1,19,20,6,13
Rfk,3,1,12,12
Rragc,20,15,5,10
Shprh,9,10,16,3
Bop1,15,1,9,7
Gfpt1,15,20,6,9
Lta4h,5,17,3,19
Akap17b,1,7,7,1
Tusc2,10,14,2,2
Mtmr4,19,19,16,2
Tigd2,3,6,20,9
Zfyve27,14,13,11,16
Cherp,18,2,3,17
Iqsec3,18,15,19,14
Tram1l1,8,19,4,3
Ttc13,19,2,9,12
Spen,1,19,11,9
Gnaz,9,9,1,17
Xkr4,4,4,16,12
Ado,19,10,17,12
Ccnt2,14,7,17,4
Acsl6,17,6,19,4
Plrg1,19,10,2,7
Arl5a,4,11,13,2
Mag,6,18,2,2
Ift46,19,5,2,2
Anks3,4,19,3,20
Arid2,13,11,2,2
Adar,7,14,10,11
Nkap,4,12,11,5
Farsa,11,10,10,11
Mcm3ap,19,11,8,2
Mul1,20,15,9,6
Pi4k2a,18,5,7,16
Mum1,10,10,4,16
Rfwd2,11,3,11,3
Atn1,8,15,2,1
Mtfr1l,10,3,16,17
Nol8,4,16,5,15
Rpusd1,11,1,19,13
Cpeb2,5,3,11,17
Dnajc11,9,12,13,8
Nploc4,11,18,16,13
Sec23b,10,2,19,13
Col4a1,20,8,17,11
Adrb1,7,17,16,8
Osbp,1,17,15,3
Dnal4,8,19,10,17
Cd2bp2,19,1,17,3
Lrfn5,9,2,15,16
Grip1,18,20,17,1
Aifm1,1,9,6,4
Zfp664,9,1,12,18
Gpr37l1,14,4,11,7
Arfrp1,4,8,10,2
Rpp14,6,4,12,18
Atp6v0a2,2,19,5,16
Ap3b1,8,2,15,15
Fam57b,1,2,19,4
Lrp1b,11,20,18,13
Cndp2,10,7,6,11
Asrgl1,20,17,2,15
Zbtb44,10,8,10,8
Tfdp2,16,14,19,11
Slc30a4,4,5,20,9
Slc41a1,3,18,17,4
Ivd,16,12,11,17
Vhl,6,4,19,11
Pomgnt1,19,8,2,5
Plbd2,9,16,20,5
Uhrf2,6,12,16,2
Orai3,18,1,17,2
Neto1,5,14,13,6
Spryd3,11,19,20,10
Eif2b2,19,3,10,12
Fam131b,9,7,10,6
Dcaf12,9,1,1,9
Cadm4,15,7,20,2
Hace1,8,11,11,8
Prune2,16,17,1,12
Mdn1,16,6,9,13
Arhgap20,18,8,18,8
Ppfia4,7,7,9,5
Oscp1,12,8,11,9
Irgq,10,8,15,3
Klhl26,3,20,19,4
Mgat4a,13,13,3,3
Ahctf1,2,12,7,7
Shank3,1,3,4,20
Zfp667,3,19,15,7
Bmp1,12,18,12,18
Rbck1,14,20,10,4
Reps1,17,1,12,6
Aptx,19,15,1,13
Cul9,2,1,10,13
Rrn3,11,12,8,15
Sart1,20,9,8,1
Dgke,15,8,1,2
Ahsa2,6,16,13,9
Ubac1,3,3,7,19
Ints3,10,2,17,15
Gmeb1,17,11,15,13
Sgms1,5,14,10,9
Rasa2,4,8,16,16
Galnt11,16,11,3,4
Fam3c,5,9,5,9
Abhd13,11,13,5,19
Trmt1,9,20,14,15
Fam171a2,17,7,8,16
Klhl13,9,20,7,2
Mc4r,2,2,12,12
Nop14,9,9,13,5
Manea,3,6,16,13
Gipc1,14,8,13,9
Cat,18,5,10,13
Tmtc1,18,3,8,13
Wdr77,1,14,9,6
Pdk1,7,1,17,11
Dhx33,15,19,12,2
Magi1,15,11,1,5
Il34,20,10,14,16
Slain1,19,18,19,18
Pak2,3,3,9,17
Lamp5,18,3,15,6
Tmem56,9,10,7,12
Prkrip1,11,4,6,9
Csnk1g1,10,14,15,9
Stau1,11,10,19,2
Ankrd34a,10,2,18,14
Heatr3,13,19,4,8
Pgs1,14,2,18,18
Rbm34,13,20,5,8
Exoc4,4,4,14,14
Slc9a1,10,15,14,11
Pxdn,6,10,16,20
Exoc6,4,20,15,9
Rxrb,13,16,12,17
Ankib1,19,1,4,16
Sec24b,12,4,14,2
Akt1,6,11,6,11
Fam160b1,1,15,17,19
Iars2,10,9,11,8
Wdr17,17,8,3,2
Gng12,10,7,14,3
Ppm1l,5,19,11,13
Slc45a1,9,3,13,19
Capn7,6,6,4,8
Psme3,3,18,20,1
Wls,13,20,16,17
Csad,13,6,2,17
Esrra,11,18,10,19
Eif1ad,14,12,10,16
Asxl1,14,13,6,1
Nup93,20,7,20,7
Mettl16,16,16,12,20
Tpst2,20,20,2,18
Katnb1,3,12,5,10
Vezf1,5,17,5,17
Zscan26,1,13,3,11
Rad50,1,12,14,19
Slc35e1,4,5,12,17
Slc11a2,14,10,13,11
Uck1,8,1,11,18
Acbd3,11,8,19,20
Trip11,19,7,5,1
Cog6,4,6,19,11
Rab11fip5,20,15,1,14
Ddx27,18,9,2,5
Rnf114,2,20,3,19
Zbtb43,11,1,15,17
Rabggta,4,15,11,8
Vps52,8,18,3,3
Tsc22d2,2,4,6,20
Cryl1,7,10,9,8
Dhx32,7,16,13,10
Bahd1,16,12,16,12
Prpsap1,9,14,10,13
Csnk2a2,10,4,18,16
Hsd17b4,17,6,13,10
Klhl8,17,19,1,15
Mapk1ip1l,8,14,17,5
Midn,17,8,17,8
Nt5c2,7,8,5,10
Lingo3,14,17,4,7
Ammecr1l,10,17,20,7
Rnf103,20,4,14,10
Prkar2b,13,6,20,19
Slc4a4,3,4,11,16
Npc2,13,9,19,3
Amz2,8,8,5,11
Msl2,11,18,5,4
Btaf1,1,4,20,5
Orc2,11,11,15,7
Rbbp9,7,10,3,14
Sash1,14,9,15,8
Tm9sf1,2,15,16,1
Ppp2r5b,14,3,11,6
Nudt18,19,3,15,7
Sstr3,12,13,7,18
Fam222b,3,12,14,1
Ythdc2,12,19,16,15
Gm2a,13,1,4,10
Clpb,15,17,17,15
Acad8,7,4,7,4
Ccdc50,12,8,12,8
Psph,10,16,1,5
Msantd4,2,19,10,11
Tiam1,4,13,2,15
Pitpnm2,9,13,19,3
Bmi1,20,8,4,4
Inpp5j,14,16,5,5
Eml4,17,12,11,18
Nbl1,8,9,3,14
Nol6,7,9,18,18
Rptor,13,15,16,12
Celf3,12,4,1,15
Mcoln1,13,8,17,4
Zfp532,20,15,10,5
Rngtt,15,5,3,17
Taf2,19,9,10,18
Fras1,13,6,14,5
Tmem248,7,1,8,20
Hook1,19,5,4,20
Sc5d,18,14,11,1
Fosl2,12,10,20,2
Fndc3a,17,1,17,1
Itga8,9,6,9,6
Cxxc4,13,15,3,5
Agk,12,12,9,15
Lims1,7,9,8,8
Clock,4,11,16,19
Rras2,18,11,19,10
Agpat5,20,15,3,12
Clasrp,20,10,5,5
Ift52,17,2,15,4
Tcf12,19,16,8,7
Zfp715,14,13,2,5
Cebpg,8,7,5,10
Pex2,1,5,16,10
Dpp3,20,19,15,4
Sugp1,6,6,11,1
Fam214a,11,12,9,14
Gpt2,13,2,12,3
Tmem64,6,13,13,6
Zranb1,13,12,3,2
Pycr2,4,15,16,3
Pex13,10,16,14,12
Apc2,10,11,4,17
Rph3a,14,20,17,17
Scarb1,11,1,14,18
Ddx19b,19,19,9,9
Dtx4,20,1,15,6
Tjp1,20,18,12,6
Psen2,8,5,16,17
Stard3,9,3,16,16
Adcy8,16,1,7,10
Nhsl2,20,5,15,10
Lrrc41,12,7,12,7
Osbpl9,15,20,18,17
Iqgap1,11,12,5,18
Ncapd3,8,14,11,11
Fbxo22,9,9,14,4
Tmem178,2,5,2,5
Ubfd1,20,14,18,16
Igsf21,20,9,14,15
Rnf111,14,7,6,15
Nr3c2,1,7,15,13
Med12l,6,18,14,10
Phc1,8,19,7,20
Nrde2,5,12,6,11
Plekha6,1,1,3,19
Bcs1l,19,6,18,7
Tram1,6,9,8,7
Trim41,7,7,10,4
Ralgapa2,11,8,14,5
Clcn7,14,6,3,17
Pygo2,14,20,9,5
Ypel2,9,1,20,10
Ing3,10,18,7,1
Celf6,13,20,11,2
Pigu,14,9,1,2
Ubap2,3,9,5,7
Sharpin,14,12,12,14
St7l,16,9,12,13
Zfp821,11,7,5,13
Mier1,12,14,12,14
Zdbf2,5,19,15,9
Slit3,16,9,10,15
Mxi1,7,19,20,6
Ccdc148,13,12,8,17
Rragd,16,2,16,2
Mfsd1,15,2,14,3
Acaca,9,5,12,2
Nup50,7,7,1,13
Ypel1,1,13,19,15
Cntn4,15,5,8,12
Cramp1l,20,8,20,8
Fam98a,8,7,2,13
Clpx,11,7,1,17
Phrf1,18,13,20,11
Msh3,7,9,15,1
Nek1,3,3,6,20
Ryk,17,3,18,2
Parn,20,3,5,18
Btbd6,4,10,2,12
Pkn2,16,9,19,6
Mier3,15,7,9,13
Rhobtb2,3,12,19,16
Hectd3,11,10,12,9
Mtx3,13,6,15,4
Arfip2,9,10,2,17
Ctsz,20,13,1,12
Kxd1,9,13,8,14
Polg,11,7,10,8
Sin3a,18,11,13,16
Ccdc177,12,11,7,16
Spats2l,8,8,15,1
Herc4,20,4,3,1
Noc4l,5,6,11,20
Eif2ak4,15,7,14,8
Gfm1,3,18,12,9
Gpr162,1,5,3,3
Gga2,12,14,9,17
Arf6,7,14,20,1
Polr3a,19,19,5,13
Iffo1,16,8,3,1
Ppfia1,8,8,16,20
Bmpr1a,19,15,17,17
Rap2c,15,13,7,1
Hdac4,18,20,4,14
Irf2,18,13,2,9
Coq10a,9,15,18,6
Kmt2b,1,9,1,9
Pdcd7,2,11,13,20
Hps4,1,2,10,13
Rasa3,1,20,20,1
Fah,4,13,15,2
Esco1,19,10,18,11
Chd1,10,9,6,13
Samd5,6,2,7,1
Acsl1,5,6,13,18
Pomgnt2,3,5,12,16
Glrx3,14,15,11,18
Rbm43,6,15,8,13
Nkrf,3,1,15,9
Zfr2,12,2,1,13
Phf6,16,15,18,13
Ftsj1,12,16,6,2
Tmco3,15,19,11,3
Mb21d2,1,10,15,16
Kdm3b,20,3,8,15
Mepce,2,14,13,3
Timmdc1,12,12,1,3
Fndc3b,10,11,9,12
Zfp831,3,8,5,6
Mogs,9,15,5,19
Map2k5,9,12,14,7
Trafd1,18,3,16,5
Ikbkb,2,13,3,12
Cdh12,20,19,17,2
Arhgef18,11,2,1,12
Htra1,3,14,13,4
Sgpp1,4,16,14,6
Ryr1,10,18,20,8
Dhx8,18,2,2,18
Vps33b,20,16,6,10
Osgep,2,10,7,5
Crat,4,15,1,18
Dnlz,12,13,20,5
Coq4,5,1,17,9
Mipep,6,2,16,12
Mmgt1,10,2,5,7
Kndc1,12,5,18,19
Zfp68,17,20,15,2
Inpp5b,1,4,5,20
Champ1,18,9,4,3
Il1rapl1,14,3,19,18
Utp20,8,5,10,3
Cxxc1,10,16,16,10
Ppp1r15b,16,13,9,20
Prkdc,9,12,20,1
Ppp6r1,15,18,1,12
Gna13,14,11,5,20
Npat,3,6,7,2
Riok2,7,3,14,16
Smg5,18,11,1,8
Cdk19,4,18,4,18
Nfrkb,1,2,16,7
Galnt1,5,5,8,2
G6pc3,17,15,18,14
Rfx7,6,18,1,3
Sfmbt1,6,8,19,15
Prps2,19,11,10,20
Shisa9,15,9,6,18
Ccdc93,13,6,5,14
Orc5,6,18,10,14
Acadm,10,3,8,5
Ube4a,11,14,2,3
Mast2,12,9,3,18
Rpgrip1l,10,15,7,18
Dazap1,5,5,6,4
Tmtc4,2,14,9,7
Comtd1,16,6,5,17
Avl9,13,15,15,13
Rlf,10,6,12,4
Guf1,18,7,5,20
Ccp110,5,17,4,18
Clk2,2,13,9,6
Dok4,7,4,13,18
Nfkbiz,7,8,14,1
Satb2,19,7,3,3
Opa3,5,9,20,14
Zranb3,4,4,7,1
Kcnh1,10,3,19,14
Crtc1,2,20,19,3
Ptpn23,13,3,1,15
Acss2,17,18,5,10
Uqcc1,5,18,3,20
Tada2b,4,20,14,10
Kri1,10,9,9,10
Utp6,5,1,5,1
Wdr59,1,4,18,7
Tnks,12,3,7,8
Atg2a,12,7,19,20
Pcyt1b,17,7,10,14
Asb6,17,4,1,20
Tet1,10,11,5,16
Nom1,11,2,9,4
Trmt2a,17,12,6,3
Mms19,16,6,13,9
Kat8,4,12,14,2
Paqr8,20,3,19,4
Lingo2,20,20,1,19
Vti1a,6,2,18,10
Inip,12,1,12,1
Mthfd1,1,19,6,14
Gid8,3,19,17,5
Tgfbrap1,15,5,7,13
Ccdc137,9,15,14,10
Pank4,2,19,3,18
Igbp1,19,3,1,1
E2f3,19,16,12,3
Mfn1,5,10,19,16
Unc5c,12,19,14,17
Tnfaip8l3,15,3,14,4
Rnft1,10,19,1,8
Pelp1,7,9,16,20
Yipf6,6,18,6,18
Gart,12,1,10,3
Sos2,3,9,14,18
Cables2,1,8,16,13
Tcp11l2,2,15,11,6
Igf2r,9,19,8,20
Ddr1,15,16,20,11
Cnot6,15,8,2,1
Slc16a6,12,2,2,12
Atp5sl,15,12,17,10
Nrp2,14,17,17,14
Anapc11,13,18,20,11
Gmppb,7,10,18,19
Spr,14,5,1,18
Szt2,9,17,5,1
Tesk1,13,4,10,7
Lclat1,20,10,17,13
Dym,18,16,5,9
Ankfy1,15,9,19,5
Mcat,17,8,13,12
Prrt3,3,5,13,15
Lrrc47,19,11,5,5
Ctdspl,5,15,16,4
Golga3,7,19,12,14
Trim27,2,17,14,5
Snta1,9,14,12,11
Smyd3,14,19,6,7
Lig4,19,2,10,11
Rnf38,4,1,18,7
Scamp2,4,16,12,8
Pank1,19,16,4,11
Foxo6,17,3,19,1
Hmgxb4,10,5,9,6
Scrn1,13,14,11,16
Sphk2,16,13,14,15
Lemd2,13,11,14,10
Zfp422,16,13,8,1
Zcchc2,17,8,9,16
Gpr12,7,13,3,17
Sec14l2,13,7,17,3
Ptgr2,11,15,8,18
Ppp2r3a,12,3,13,2
Pwp1,12,5,2,15
Eif5a2,14,16,18,12
Nudcd1,5,10,17,18
Coasy,17,19,8,8
Sh3gl1,11,10,9,12
Prkra,5,14,8,11
Stk3,5,18,17,6
Prkaa1,16,17,13,20
Aida,9,13,18,4
Spred2,15,10,11,14
Wdr5,8,20,18,10
Myrip,11,12,18,5
Tmem62,7,5,16,16
Zfp180,16,5,6,15
Dsel,14,3,9,8
Ikbkg,17,13,9,1
Insig1,2,3,18,7
Cd164,13,9,1,1
Zfhx4,11,5,16,20
Plekhm3,15,16,10,1
Zfp941,15,12,12,15
Pes1,12,14,8,18
Wwp2,20,9,9,20
Hcfc2,18,3,3,18
Yod1,13,11,6,18
Tfcp2,4,17,15,6
Kdm5c,15,7,3,19
Cc2d2a,4,13,16,1
Atf7ip,3,3,17,9
Fpgt,13,10,7,16
Kcng2,1,10,4,7
Ago3,15,14,17,12
Ak3,3,9,6,6
Egfem1,1,20,9,12
Narfl,4,18,2,20
Ippk,2,7,9,20
F8a,20,10,19,11
Slc25a27,15,20,16,19
Adsl,20,13,12,1
Car7,17,12,2,7
Asb1,16,12,15,13
Tmem136,19,6,6,19
Lipa,11,7,16,2
Flii,15,7,18,4
Wnk3,4,1,17,8
Ppip5k2,19,9,19,9
Dscr3,19,16,7,8
Mief1,9,15,15,9
Lrrc14,9,19,19,9
Chst12,1,6,20,7
Pgap1,3,13,3,13
Slc17a6,7,19,8,18
Noa1,18,17,2,13
Rbm15b,15,15,19,11
Zfp384,14,19,1,12
Mettl14,11,9,8,12
Vars,18,18,17,19
Kcnb2,14,7,9,12
Slc37a4,10,14,18,6
Gpsm1,19,20,12,7
Erf,7,4,8,3
Top1mt,17,14,7,4
Gpr180,13,7,13,7
Zkscan6,2,17,18,1
B4galt4,11,14,19,6
Nup210,16,16,19,13
Pcid2,14,12,20,6
Gpr26,7,8,15,20
Tdrd7,12,10,9,13
Ppp2r3d,8,3,4,7
Pgm3,4,2,2,4
Gpr61,18,10,20,8
Mier2,15,12,7,20
Mlh3,18,11,15,14
Dhx38,5,9,12,2
Rab3d,2,17,10,9
Usp29,8,2,18,12
Sdc2,5,13,12,6
Atxn1l,11,13,10,14
Olfm3,14,5,19,20
Fgf14,3,4,16,11
Golga5,3,10,9,4
Ptpn9,18,19,20,17
Rint1,3,17,17,3
Atrip,13,6,1,18
Sp1,7,17,3,1
Slc25a1,3,10,6,7
Pwwp2b,18,10,10,18
Fgd4,13,7,6,14
Eif2d,15,6,16,5
Slc35a4,8,16,17,7
Creg1,3,9,12,20
Slc44a5,14,7,15,6
Man2b1,14,11,20,5
Dot1l,20,12,19,13
Otud1,6,4,8,2
Nyap1,13,6,13,6
Prss23,6,12,14,4
Ankrd6,3,1,11,13
Cd2ap,4,16,3,17
Zbtb14,16,11,4,3
Cdk5rap1,11,1,9,3
Scfd2,5,19,18,6
Ttc37,5,15,1,19
Elac1,10,5,20,15
Dock7,19,14,3,10
Sptlc2,1,9,2,8
Tmem178b,12,15,3,4
Scyl3,16,5,12,9
Vrk3,14,5,5,14
Ercc6,17,19,19,17
Ralb,16,16,11,1
Pdik1l,5,20,12,13
Hipk2,16,15,16,15
Miip,16,6,14,8
Tead1,13,10,2,1
Rbm45,9,7,11,5
Umps,2,14,14,2
Tspan9,16,5,17,4
Mrrf,14,10,6,18
Itgav,11,9,18,2
Map3k10,3,16,14,5
Pdk2,14,5,4,15
Nup107,1,7,8,20
Zfp286,13,6,8,11
Dpf2,11,2,11,2
Mmab,11,18,3,6
Ttc26,16,17,17,16
Prdm15,16,5,1,20
Slc35f6,6,15,3,18
Plxnd1,5,2,3,4
Tiparp,20,4,15,9
Dis3l2,3,2,19,6
Zscan18,11,5,9,7
Zfp335,2,20,17,5
Mlst8,1,4,1,4
Calcoco1,15,1,7,9
Tbc1d13,1,18,12,7
Gpr108,19,10,15,14
Stx17,10,10,6,14
Cd320,14,17,10,1
Wdr41,13,10,14,9
Slco1c1,1,4,2,3
Acbd4,2,1,15,8
Rmi1,9,2,3,8
Lsm11,16,13,6,3
Fam163b,1,1,10,12
Pter,6,7,7,6
Ccnk,19,19,1,17
Elmo1,7,16,18,5
Mfsd3,1,18,17,2
Rnd1,20,3,1,2
Brap,10,18,3,5
Dnm2,16,8,4,20
Atg7,2,6,20,8
Mbd6,12,15,2,5
Frmd6,20,11,5,6
Ubxn7,18,11,3,6
Tbl1x,17,6,10,13
Rassf5,20,16,13,3
Slc7a6,5,11,1,15
Cab39l,16,3,13,6
Zfp598,15,18,5,8
Tmem229b,18,5,13,10
Pigt,8,11,1,18
Ccdc91,13,18,16,15
Rab3b,11,10,2,19
Lrfn4,15,6,9,12
Specc1l,2,8,5,5
Nup54,5,11,6,10
Mapk6,14,8,18,4
Lamb1,1,14,1,14
Tbr1,8,1,19,10
Ctnnbip1,10,7,18,19
Prokr2,5,9,17,17
Lrch3,20,8,7,1
Imp4,1,1,7,15
Ankrd26,5,19,14,10
Tmem2,2,9,7,4
Tagln,1,19,15,5
Lct,5,19,13,11
Elp6,17,1,15,3
Zfp654,12,13,5,20
Ppat,6,13,16,3
Ints12,5,2,15,12
Zbtb33,7,13,12,8
Adck2,10,17,10,17
Pofut2,18,14,10,2
Nacc1,7,12,19,20
Sarm1,17,11,7,1
Polr1a,1,5,14,12
Dcbld1,4,18,6,16
Mcph1,20,17,9,8
Cerk,4,13,20,17
Otud7a,4,6,13,17
Fam227a,5,9,11,3
Cdk18,16,13,2,7
S1pr1,12,7,17,2
Pxmp4,19,15,3,11
Gpr101,18,17,20,15
Tbc1d22a,5,10,6,9
Atg4d,8,11,15,4
Atpaf1,19,7,9,17
Smyd4,9,17,11,15
Tspan33,17,6,17,6
Nr2f6,17,7,5,19
Stxbp2,6,16,16,6
Tmem110,19,16,11,4
Ednrb,13,1,3,11
Nbas,3,13,6,10
Klhl34,7,12,14,5
D16ertd472e,14,13,1,6
Cmpk2,9,2,14,17
Ier2,15,9,17,7
Poc5,9,13,2,20
Dzip1l,2,18,11,9
Jmjd6,18,1,11,8
Fam13b,15,20,10,5
Dnah6,15,3,9,9
Thtpa,3,2,4,1
Osgin2,10,7,19,18
Sema6d,4,5,1,8
Zbtb22,10,10,5,15
Mlc1,6,6,7,5
Akap10,12,16,10,18
Pik3r3,16,6,2,20
Gmeb2,20,1,9,12
Magee2,18,2,19,1
Clic4,11,16,9,18
Zeb1,18,4,4,18
Fat4,13,17,1,9
Tbc1d5,17,15,7,5
Cryz,18,2,12,8
Hexdc,11,9,17,3
Zfp182,12,2,18,16
Ppp1r8,19,5,11,13
Cdc73,17,14,15,16
Wdtc1,13,14,4,3
Prcc,2,2,14,10
Zfp282,2,7,15,14
Siae,18,19,7,10
Tmem129,11,13,1,3
Taf1a,3,18,7,14
Mapk11,4,13,17,20
Csdc2,13,18,14,17
Pkn1,13,15,18,10
Sdccag8,13,10,17,6
Lgr4,8,12,8,12
Vkorc1l1,17,2,19,20
Tgfbr3,7,1,19,9
Phf13,16,7,9,14
Fndc1,6,5,9,2
Tnip2,17,7,16,8
Dolpp1,19,20,9,10
Gabpa,12,15,16,11
Dennd4b,11,19,16,14
Edem2,6,10,7,9
Fam107a,10,12,14,8
Flot2,16,1,2,15
Siah2,16,17,19,14
Prr14,15,12,19,8
Cyp7b1,5,7,17,15
Inpp5e,16,19,2,13
Mon1b,19,5,17,7
Klf3,11,1,5,7
Secisbp2,20,17,13,4
Plcxd2,7,4,2,9
Heca,6,1,18,9
Tmem186,9,5,10,4
Dhx16,5,11,11,5
Aen,5,12,3,14
Amz1,5,8,13,20
Entpd5,2,8,16,14
Dnajc16,3,16,19,20
Cdkn1b,13,1,9,5
Dyrk2,6,14,7,13
Ighmbp2,10,4,13,1
Glce,15,14,11,18
Supv3l1,4,3,18,9
Nxph3,14,10,10,14
Zdhhc23,11,8,7,12
Trmt12,6,5,17,14
Pcsk7,19,5,3,1
Brat1,13,1,6,8
Pop1,12,10,13,9
Toe1,11,10,1,20
Usp30,19,3,14,8
Itgb3bp,11,19,10,20
Stat3,4,8,6,6
Cic,7,10,19,18
Topbp1,1,9,5,5
Hip1,6,15,19,2
Sfxn5,18,4,14,8
Spg20,1,6,15,12
Npy5r,6,8,13,1
Fam3a,18,18,6,10
Pde9a,2,20,20,2
Upf1,11,6,3,14
Spats2,10,19,17,12
Shf,13,19,15,17
Slc35b2,4,6,12,18
Fgd1,14,16,17,13
Xylt2,9,12,8,13
Dpagt1,3,16,16,3
Slc25a36,9,18,13,14
Elovl2,8,11,3,16
Wrap53,3,9,16,16
Nup155,3,6,19,10
Rhbdd3,7,12,18,1
Slc27a1,17,18,19,16
Helq,5,20,1,4
Nudt13,3,6,1,8
Fbxl14,11,20,1,10
Mfsd10,6,1,2,5
Sav1,6,16,1,1
Farp1,20,10,7,3
Xrcc6,3,19,7,15
Zbtb41,19,5,6,18
Pex10,4,19,4,19
Zbtb21,14,1,14,1
Kctd5,20,4,17,7
Rpap2,17,6,9,14
Plekhb1,18,20,16,2
Wscd1,10,7,7,10
Mettl21a,12,17,2,7
Epas1,3,20,2,1
Fnip2,20,4,9,15
Nek4,3,3,5,1
Tjap1,6,16,19,3
Rasgrf2,3,17,4,16
Polr2a,5,16,18,3
Lrsam1,10,3,12,1
Tyw3,3,2,17,8
Slc16a14,16,16,5,7
Tox,2,5,10,17
Zscan21,16,4,8,12
Ing5,20,13,15,18
Grb10,19,18,20,17
Zfp362,8,7,3,12
Slc29a4,8,6,10,4
Aldh9a1,7,3,1,9
Spg11,1,18,16,3
Gtf2ird1,11,9,3,17
Dhx29,14,20,18,16
Pm20d2,7,4,3,8
Eri2,3,6,2,7
Stx2,6,9,16,19
Taf7,14,7,11,10
Edem1,16,1,11,6
Abcb9,7,14,4,17
Adnp2,19,14,8,5
Ctdp1,20,19,14,5
Fam161b,8,17,6,19
Jmjd4,18,2,5,15
Zfp287,14,20,2,12
Fam184a,7,7,3,11
Clmp,9,19,11,17
Tnip1,4,19,20,3
Trpv2,14,7,18,3
Ipo7,13,3,17,19
Apeh,9,14,17,6
Map2k6,11,5,2,14
Trmt61a,15,9,7,17
Dpp10,17,20,14,3
Dhx35,20,6,1,5
Xrcc5,4,9,1,12
Kcns3,11,2,5,8
Klhl42,20,11,4,7
Capn10,3,9,11,1
Tti1,19,13,16,16
Rnd3,2,14,15,1
Snx18,17,18,6,9
Map3k3,7,18,6,19
Aldh18a1,12,7,16,3
Nol10,3,7,3,7
Pus3,5,6,2,9
Ggcx,13,10,20,3
Nmral1,1,1,17,5
Rad54l2,12,20,8,4
Eya3,10,20,16,14
Napepld,3,11,14,20
Stk24,13,2,15,20
Recql5,17,12,14,15
Atr,11,17,3,5
Elp4,17,4,13,8
Dlg5,10,13,16,7
Rft1,4,11,3,12
Repin1,16,3,8,11
Plekhg1,20,16,1,15
Tln1,12,11,18,5
Sh3d19,2,11,6,7
Fam185a,9,14,5,18
Ccdc71,9,6,19,16
Otud5,13,4,1,16
Ddx20,12,17,15,14
Dffb,10,12,18,4
Parp11,17,9,20,6
Ap5z1,16,14,7,3
Rab23,1,16,4,13
Fam219b,6,15,15,6
Zfp790,14,14,13,15
Ofd1,10,3,10,3
Fstl5,10,4,9,5
Pcdh11x,4,7,17,14
Git2,12,1,18,15
Gcc1,16,11,12,15
Pot1a,5,1,11,15
Diras1,4,18,7,15
Htr5a,11,11,14,8
Efnb1,2,15,7,10
Tmem39a,15,7,15,7
Zfp113,3,7,6,4
Yif1a,5,10,4,11
Frzb,16,17,5,8
Cx3cr1,8,13,8,13
Cfp,12,20,1,11
Trpm4,13,7,9,11
Gtpbp3,10,20,8,2
Lpar1,14,7,1,20
Chd1l,7,18,11,14
Smpd2,17,7,4,20
Vwa8,15,8,13,10
Cpne4,14,15,16,13
Ppm1d,16,12,19,9
Phtf2,7,14,6,15
Wdsub1,8,10,8,10
Ephx1,7,7,8,6
Sertad1,7,1,2,6
Mgat5b,16,18,11,3
St6galnac3,6,8,18,16
Usp27x,17,8,19,6
Ogdhl,20,2,1,1
Lmnb2,13,18,8,3
Vars2,20,11,16,15
Pfkfb3,10,20,10,20
Cyb561a3,19,1,11,9
Tulp3,17,16,5,8
Bcl9l,8,19,19,8
Snap29,15,3,6,12
Klhl20,17,4,14,7
Ankrd42,19,10,5,4
Cdkn2aip,9,15,13,11
Pcyt1a,8,4,14,18
Tagln2,3,4,10,17
Lzts2,11,13,16,8
Lrrc20,6,11,18,19
Uevld,16,12,20,8
Hepacam,7,2,15,14
Pknox1,11,6,9,8
Ints5,11,10,4,17
Rerg,18,11,4,5
Kcnj10,20,9,17,12
Elovl7,16,4,17,3
Mycl,6,3,10,19
Pnpla3,3,4,14,13
Mttp,2,19,13,8
Cdh13,5,11,8,8
Afap1,8,4,3,9
Lrig1,13,20,3,10
Wnt9a,15,10,9,16
Mynn,8,3,5,6
Ctso,3,11,16,18
Kif13a,2,15,18,19
Zfp653,9,11,1,19
Nutf2,14,7,16,5
Taf1c,9,12,7,14
Ccne1,11,17,13,15
Dcp1b,19,9,1,7
Frs3,8,15,14,9
Zfp36l2,15,18,9,4
Rgmb,6,15,20,1
Necap2,7,13,18,2
Nsun5,13,17,6,4
Chrm4,5,9,9,5
Chrm5,17,19,10,6
Smarcd2,19,12,20,11
Actl6a,9,1,8,2
Rtn4ip1,1,3,17,7
Tril,10,7,12,5
Mtus1,16,11,2,5
Zfp518a,10,7,11,6
E2f4,14,14,11,17
Irs1,6,18,15,9
Nop9,5,10,13,2
Zdhhc1,2,11,3,10
Ddx23,18,19,4,13
Plod1,6,7,14,19
Vstm5,17,16,3,10
Zfp839,16,10,13,13
Stard5,3,20,17,6
Ccdc117,20,14,15,19
Slc19a1,15,9,15,9
Cplx3,13,10,15,8
Trmt10a,12,2,7,7
Ulk4,11,15,2,4
Sgk3,1,11,9,3
Spred3,13,20,2,11
Sox2,12,10,6,16
R3hcc1l,4,10,9,5
Oxtr,13,13,15,11
Hps5,14,15,15,14
Isg20l2,2,5,3,4
Inhba,3,8,2,9
Wnt7a,7,8,1,14
Esam,2,2,18,6
Ttc9,15,6,8,13
Zswim5,8,7,9,6
Gtf2h4,6,15,9,12
Zfp710,2,4,11,15
Gucy1a3,15,4,11,8
Pus1,11,19,11,19
Atxn7l2,13,10,9,14
Rhbdl3,6,6,3,9
Zbtb34,20,12,6,6
Galk1,6,7,8,5
Thada,8,20,12,16
Acvr1b,5,5,17,13
Ap1g2,9,10,15,4
Rrm1,3,11,5,9
Cln5,14,14,8,20
Scyl2,14,14,17,11
Mapkapk2,8,7,8,7
Mis12,9,4,14,19
Wee1,20,4,13,11
Atf5,8,10,14,4
Ankrd54,4,19,7,16
Chd7,2,20,12,10
Radil,18,20,15,3
Pan2,14,2,19,17
Gpr176,13,6,18,1
Mst1r,19,8,6,1
Reln,7,17,7,17
Bcl2,5,3,4,4
Zbtb48,3,8,1,10
Tnpo1,7,9,20,16
Klhl11,18,4,19,3
Ldlr,16,1,12,5
Sema3c,8,6,2,12
Ints9,14,14,6,2
Lamc1,17,20,13,4
Spryd4,2,4,10,16
Robo3,9,14,7,16
Apba3,5,2,17,10
Zfp319,1,3,3,1
Elovl1,12,17,5,4
Fiz1,1,13,5,9
Dnah1,18,5,19,4
Plxnb1,17,6,7,16
Tut1,10,8,6,12
Ksr1,5,3,15,13
Elac2,1,14,2,13
Mlh1,18,18,12,4
Rsph4a,16,13,4,5
Slc38a3,3,12,7,8
Taf5,7,15,1,1
Smim3,19,5,10,14
Zbtb10,12,6,19,19
Cep250,5,2,20,7
Zfp703,4,11,20,15
Prss36,17,20,6,11
Hapln1,13,11,9,15
Srd5a1,10,8,7,11
Mcam,8,18,19,7
Urb1,7,4,9,2
Bmpr1b,6,4,6,4
Chn2,20,7,16,11
Zfp358,18,18,1,15
Timp4,6,19,13,12
Zfp39,20,11,18,13
Rara,17,11,20,8
Crhr1,5,20,17,8
Zfpm2,3,11,12,2
Tmco6,13,17,20,10
Pold2,19,8,3,4
Slc46a1,11,8,13,6
Ttbk1,12,10,5,17
Bid,13,19,13,19
Adamts10,17,18,4,11
Rpusd4,11,15,1,5
Mafk,11,9,13,7
Itfg2,19,8,13,14
Igf2bp3,16,8,10,14
Zcchc16,10,1,18,13
Abca7,20,14,7,7
Entpd7,17,1,6,12
Il6st,8,17,18,7
Adal,14,12,11,15
Sbno2,1,12,12,1
Strn,12,20,16,16
Zfp687,4,8,5,7
Kcnk3,19,4,19,4
Tmem86a,18,4,11,11
Gpr161,8,3,7,4
Cdk20,12,18,2,8
Arhgef40,6,10,6,10
Zkscan16,9,16,6,19
Gm13446,7,9,1,15
Crhbp,3,20,16,7
Lmf2,17,5,20,2
Polr1e,12,20,10,2
Poli,6,8,4,10
Prex2,17,18,10,5
Slc44a2,18,3,13,8
Bbs9,10,7,4,13
Adamts1,13,15,19,9
Poc1a,5,14,2,17
Sympk,13,11,20,4
Glt1d1,1,16,13,4
Zfp646,5,6,4,7
Fitm2,13,17,19,11
Pus7l,2,7,5,4
Txnip,9,14,4,19
Ficd,7,15,6,16
Tfr2,8,13,13,8
Pcdh15,14,11,6,19
Pag1,13,9,20,2
Fam124a,11,6,20,17
Tmem143,2,17,1,18
Kctd7,8,8,14,2
Ctu1,9,3,14,18
Zbtb49,2,18,1,19
Pgap3,20,2,6,16
Usb1,1,6,7,20
Scd1,6,13,8,11
Ezh2,7,10,13,4
Oxnad1,17,7,1,3
Dhrs3,20,11,17,14
Fgfr2,16,8,5,19
Apex2,13,15,20,8
Ndst2,8,14,15,7
Crispld1,2,7,14,15
Tmc7,17,1,1,17
C2cd4c,1,15,9,7
Osbpl5,15,14,12,17
Exo5,15,11,4,2
Pars2,7,1,14,14
Zfp516,16,18,14,20
Hook2,3,3,4,2
Tmem8,2,9,16,15
Ccdc120,16,7,7,16
Nr2c1,6,10,19,17
Cbx8,11,13,17,7
Ap4m1,10,7,3,14
Ptpn4,19,11,15,15
Osbpl7,16,7,4,19
Zkscan2,12,20,20,12
Rpp40,10,5,5,10
Atad5,5,16,20,1
Cep85l,4,8,1,11
Them6,18,17,15,20
Itpkc,15,4,1,18
Slc25a10,13,8,12,9
Man2b2,18,5,6,17
Oma1,1,19,17,3
Tjp2,10,3,18,15
Zfp579,4,20,6,18
Igdcc4,7,15,11,11
Arl4c,4,4,6,2
Daam2,4,17,20,1
Foxp4,2,16,10,8
Fbxo46,20,17,16,1
Astn2,4,6,16,14
Aloxe3,1,20,12,9
Foxo1,10,2,6,6
Mad1l1,14,17,20,11
Socs6,15,19,7,7
Fank1,8,15,6,17
Orai1,18,18,14,2
Gas1,15,13,19,9
Trabd,18,2,4,16
Bach1,9,8,20,17
Reck,8,10,17,1
Zbtb8a,1,19,12,8
Fn1,20,20,17,3
Slc25a15,11,15,7,19
Slc25a53,10,9,1,18
Tmem63a,9,15,2,2
Igf1,5,17,13,9
Nfkb1,15,20,8,7
Ndnf,13,17,8,2
Stk35,9,17,1,5
Polr1b,4,13,12,5
Irf9,2,14,16,20
Etv6,3,10,8,5
Prtg,15,13,15,13
Sdr42e1,3,16,3,16
Lbh,6,5,16,15
Olfm2,17,2,13,6
Ppp1r26,14,16,13,17
Cacna2d2,17,10,14,13
Gpank1,2,18,17,3
Uhrf1bp1,18,12,12,18
Ecm1,6,18,17,7
Ptar1,18,1,14,5
Tpbg,15,14,5,4
Myo1d,4,20,13,11
Mtmr9,19,2,18,3
Cxcl14,18,18,5,11
Polm,19,19,4,14
Setmar,4,6,5,5
Sco1,18,20,2,16
Zkscan4,3,6,11,18
Tango6,11,1,12,20
Klf15,19,9,13,15
Syt10,2,10,1,11
Cckbr,10,12,17,5
Zfp94,19,8,15,12
Rccd1,9,2,10,1
Zfp575,2,12,9,5
Prim2,11,5,4,12
St3gal4,17,20,7,10
Ptpn14,2,3,7,18
Zfat,8,8,2,14
Gbe1,14,16,1,9
Pgm1,6,2,4,4
Suox,8,16,6,18
Adpgk,5,2,12,15
Capn1,7,20,17,10
Zfp658,2,4,17,9
Adat1,2,15,14,3
Reep6,8,20,13,15
Zcwpw1,9,12,18,3
Tmem123,18,5,20,3
Cbs,14,1,8,7
Bahcc1,17,10,2,5
Notch1,6,7,18,15
Ankrd35,15,5,17,3
Stard13,3,13,10,6
Hic2,4,11,8,7
Zfhx3,7,2,4,5
Fam109a,12,12,16,8
Atp8a2,20,6,11,15
Unc5d,15,19,6,8
Ncapd2,7,9,11,5
Hs6st3,8,8,3,13
Gab1,10,12,2,20
Gpr62,19,7,10,16
Klhdc8b,15,3,7,11
Zfp641,8,17,20,5
Pigl,18,3,11,10
Zfp652,13,4,6,11
D2hgdh,15,8,5,18
Dhx37,4,7,2,9
Klhl3,4,2,8,18
Lypd6,1,16,12,5
Lhfp,18,6,18,6
Rassf3,15,9,10,14
Cobl,13,8,13,8
Plxdc1,1,15,6,10
Mertk,8,5,7,6
Arrdc2,4,1,8,17
St3gal1,16,9,14,11
Klhl1,17,2,7,12
Tacr3,16,13,1,8
Scml4,7,17,19,5
Tbc1d8b,1,20,8,13
Sh3pxd2b,6,18,8,16
Limd1,13,11,1,3
Lpcat1,13,15,2,6
Rftn2,12,4,4,12
Prkd3,16,9,11,14
Casp2,14,17,9,2
Cep76,14,4,7,11
Mtmr10,12,4,10,6
Scaf1,17,9,17,9
Dbx2,10,18,8,20
Cdh9,8,12,5,15
Rfxank,4,17,10,11
Kcnk4,16,16,13,19
Ncapg2,1,14,6,9
Mdc1,17,13,16,14
Abcb4,4,5,5,4
Cd82,3,12,6,9
Grin2c,14,11,10,15
Plcl1,9,11,17,3
Tmem204,5,7,20,12
Nfatc2ip,14,7,3,18
N4bp2,4,11,5,10
Tmem132d,14,18,9,3
Myt1,7,1,3,5
Slc8a3,8,9,10,7
Lonrf3,16,18,15,19
Ocln,10,8,2,16
Agt,9,13,13,9
Fuz,9,3,18,14
Blm,11,3,9,5
Mcm7,7,20,3,4
B3gat2,4,15,13,6
Atg4a,9,16,11,14
Agbl5,11,20,3,8
Cntn5,6,2,9,19
Limk1,6,17,14,9
Vwa5a,5,9,19,15
Cpm,5,6,8,3
Arap3,3,19,11,11
Itga7,6,2,2,6
Tprn,20,6,6,20
Galnt3,1,9,12,18
Mrm1,8,11,20,19
Dtx3l,10,2,16,16
Iqub,12,14,16,10
Slc9a3r1,6,8,12,2
Tmem198b,13,19,2,10
Pigz,16,9,18,7
Lrrc29,7,14,12,9
Cacng5,8,8,20,16
Pycard,10,18,10,18
Dyrk1b,18,17,13,2
Mettl13,11,3,12,2
Ralgps1,15,8,17,6
Shd,11,15,5,1
Mb21d1,1,18,19,20
Rbm15,20,12,17,15
Palm3,18,14,8,4
Fads2,12,8,6,14
Setdb2,2,5,8,19
Folh1,4,16,11,9
Cpxm1,2,7,10,19
Calml3,15,11,6,20
Mtr,5,18,11,12
Prss35,6,8,15,19
Scd3,5,16,19,2
Fam129b,4,2,7,19
Pvr,11,15,3,3
Cmtr2,20,10,12,18
Parp12,4,2,15,11
S1pr5,5,11,7,9
Tchh,5,16,12,9
Optn,17,4,19,2
Wdr89,12,17,10,19
Col5a1,2,15,9,8
Ctsk,11,4,9,6
Ccdc57,10,1,19,12
Dse,9,1,13,17
Gpr146,12,15,19,8
Kcnj2,11,2,19,14
Stab1,8,6,6,8
Samd4,13,8,15,6
Krt9,17,9,2,4
Khnyn,9,1,11,19
Catsper2,14,20,5,9
Casz1,14,1,18,17
Mafb,12,15,9,18
Usp51,20,20,15,5
Amotl1,12,15,17,10
Crebl2,1,20,16,5
Lrrc1,10,15,20,5
Mcm6,6,1,12,15
Zfp647,19,12,15,16
Ccdc155,16,16,7,5
Pigb,15,14,3,6
Zfp438,3,1,3,1
Sik1,14,7,2,19
Epor,14,14,7,1
Tmem117,1,10,3,8
Dok3,14,20,7,7
Car10,17,5,2,20
Boc,18,6,20,4
Mrc1,5,2,10,17
Hdx,1,1,6,16
Msrb3,1,12,6,7
Baiap3,12,1,16,17
Acvr2b,4,13,3,14
Tbc1d4,6,7,4,9
Tox2,13,13,1,5
Samd10,16,6,20,2
Mex3a,7,15,16,6
Wdr76,20,18,4,14
Usp6nl,6,2,13,15
Trim45,11,13,18,6
Ccnf,2,5,9,18
Gm11992,9,18,6,1
Ackr2,1,19,4,16
Nqo1,10,3,17,16
Cdyl,2,6,3,5
Oca2,19,13,17,15
Myh11,9,10,17,2
Mob1b,1,6,6,1
Gabrg3,2,11,1,12
Rhov,10,15,8,17
Cdh20,18,12,15,15
Lima1,1,15,4,12
Mcm2,11,12,10,13
Oaf,2,6,17,11
Marveld1,11,7,4,14
Glra2,8,14,20,2
Haus4,14,1,6,9
Ttn,13,14,15,12
Hinfp,7,3,6,4
Trpc7,13,18,13,18
Nadsyn1,4,1,5,20
Bmp2k,5,10,1,14
Trhr,6,4,3,7
Pola2,10,9,18,1
Deptor,4,4,15,13
A230056j06rik,11,16,16,11
Oprk1,20,9,15,14
Atp13a5,17,15,5,7
Slc9b2,11,7,8,10
Lmnb1,7,1,20,8
Morc2b,18,6,11,13
Ghdc,17,15,15,17
Tcp11l1,4,7,18,13
Ptchd4,14,3,14,3
Efna1,17,3,16,4
Dclre1b,7,15,2,20
Slc14a1,8,5,1,12
Helb,12,15,5,2
Trmt44,17,1,19,19
Ptpn13,18,15,2,11
Spag17,2,10,14,18
Mansc1,4,17,1,20
Lcor,12,12,13,11
Mid1,12,16,19,9
Arid3b,16,14,11,19
Htr2a,14,9,9,14
Slc25a35,18,13,12,19
Fam20a,4,7,11,20
Dennd3,6,4,4,6
Sema3b,18,11,11,18
Ccdc62,15,12,4,3
Hmox1,6,9,18,17
Sulf1,11,6,11,6
Prr5l,12,7,8,11
Lgi2,12,8,16,4
Ntsr1,19,16,17,18
Slc29a1,3,3,18,8
Plcxd1,9,17,16,10
Mark4,5,18,4,19
Zadh2,12,16,16,12
Kif27,8,17,12,13
Clcnka,17,10,4,3
Taf6l,8,19,12,15
Fhad1,7,5,12,20
Eppk1,11,3,19,15
Rfx4,1,3,7,17
Dnah5,5,19,12,12
Phka1,18,18,19,17
Grid2,10,12,10,12
Hkdc1,3,8,14,17
Jag1,3,5,9,19
Stc1,16,13,18,11
Neb,15,16,3,8
Slco2b1,16,10,6,20
Mob3c,3,9,8,4
Pced1b,11,15,9,17
Aldh16a1,17,11,6,2
Gramd3,4,18,20,2
Prelp,17,4,4,17
Cgnl1,19,15,14,20
Rel,6,15,4,17
Fmnl3,16,14,17,13
Klhl36,8,18,7,19
Acot11,9,11,10,10
Plxnb3,20,19,11,8
Rxfp1,16,5,15,6
Lgi4,6,13,19,20
Col9a3,19,4,12,11
Slc16a11,8,3,18,13
Il6ra,2,18,6,14
Tmem200c,2,9,12,19
Tmem81,9,10,6,13
Ces5a,2,18,14,6
Sorbs3,3,6,12,17
Btbd16,12,19,5,6
Tm6sf2,14,11,18,7
Peg10,12,5,14,3
Mre11a,3,2,8,17
Morc4,14,5,8,11
Fam46a,18,6,8,16
Creb3l2,16,9,1,4
Arx,20,16,11,5
Nkd2,15,4,20,19
Pbx3,8,1,14,15
Ccdc171,2,13,7,8
Lrtm2,15,15,17,13
Trim68,14,12,16,10
Crybg3,3,17,19,1
Nrg1,15,1,6,10
Sox18,16,10,5,1
Pecam1,2,11,19,14
Gas2l3,4,15,7,12
Itgb4,8,12,11,9
Lancl3,9,20,1,8
Fzd7,13,3,2,14
Maml2,9,1,18,12
Lrrc8b,1,16,3,14
Dusp10,19,10,16,13
Zhx2,10,20,18,12
Rnf207,8,15,9,14
Ddr2,2,3,15,10
Slc27a2,3,5,5,3
Lrrn4,7,7,20,14
Slitrk6,18,10,12,16
Itih3,5,8,14,19
Plin2,3,18,8,13
Prkcd,10,5,12,3
Ppp1r3c,8,2,3,7
Il1rapl2,10,19,16,13
Wnt3,13,15,4,4
Zfp768,3,7,15,15
Ccbe1,14,6,2,18
S1pr3,19,17,14,2
Shmt1,18,9,3,4
Aoc2,9,12,4,17
Npnt,14,13,18,9
Cd14,1,1,18,4
Ano5,15,15,20,10
Tlr3,1,16,6,11
Sema5b,1,4,15,10
Lama5,20,18,11,7
Dio2,6,16,17,5
Fam71a,8,11,17,2
Mmp14,2,13,11,4
Asah2,18,20,1,17
Ldoc1,14,2,16,20
Nek8,9,2,8,3
Eln,16,14,6,4
Pros1,16,20,2,14
Stard8,12,10,4,18
Zbtb39,20,8,14,14
Entpd1,3,15,11,7
Sox17,4,7,14,17
Relt,12,14,19,7
Ptk7,5,10,9,6
Rai14,9,10,5,14
Fbln1,5,13,5,13
Atp13a4,7,6,14,19
Cldn1,7,19,18,8
Fzd9,19,14,17,16
Ltbp3,13,10,5,18
Susd2,3,12,15,20
Bche,18,6,13,11
Slc41a3,7,12,12,7
Foxc1,12,13,1,4
Dtx2,6,12,17,1
Hmgcs2,14,5,15,4
Eml3,17,17,8,6
Fam228a,5,12,5,12
Lcp1,13,8,19,2
Parp16,19,7,19,7
Pard3b,12,13,16,9
Plag1,5,11,12,4
Klf11,5,12,7,10
Peli3,6,11,8,9
Shroom1,20,13,17,16
Spsb1,13,15,6,2
Plekhg3,4,1,3,2
Arhgap18,5,20,18,7
Kif26a,10,13,17,6
Ccdc81,8,5,13,20
E2f1,5,5,14,16
Apcdd1,5,1,9,17
Col6a5,12,17,3,6
Neu4,6,14,10,10
Afap1l2,12,6,14,4
Neurog2,15,2,19,18
Gldc,15,3,13,5
Notch3,7,3,13,17
Mkrn3,20,8,2,6
Cwh43,18,4,13,9
Ak7,8,9,16,1
Eno4,18,9,20,7
Pln,9,6,16,19
Iqck,13,10,12,11
Abca9,2,13,16,19
Wdr27,9,17,2,4
Fam216b,8,2,20,10
Cenpe,9,5,8,6
Slc40a1,7,5,10,2
Mmp15,4,4,2,6
Slco4c1,16,6,12,10
F13a1,11,8,9,10
Casp7,11,20,11,20
Mrap2,8,20,3,5
Adra1a,8,9,13,4
Bgn,18,16,11,3
Ticam1,2,6,4,4
Hif3a,11,20,5,6
Klhdc8a,3,20,20,3
Mki67,11,12,4,19
Loxl1,20,13,2,11
Ccdc96,14,15,14,15
Fgf16,1,18,15,4
Ccdc13,20,14,17,17
Ifi35,8,1,3,6
Tal1,6,6,1,11
C3ar1,7,7,12,2
Apln,11,7,14,4
Unc93b1,17,9,16,10
Nfkbil1,17,7,6,18
Celsr1,4,20,5,19
Gm7444,13,9,18,4
Sostdc1,14,15,19,10
Myh7b,1,14,16,19
Gpr183,4,8,12,20
Slc10a7,2,16,9,9
Lmbr1l,13,8,7,14
Dusp16,12,10,2,20
Rlbp1,5,6,7,4
Ifrd2,13,8,1,20
Clspn,7,3,10,20
Sgsh,20,14,6,8
Spag5,17,20,18,19
Slc25a24,17,20,20,17
L3mbtl1,16,8,14,10
Tbc1d2,20,8,1,7
Fancb,2,1,12,11
Alk,1,3,16,8
Elfn1,12,8,1,19
Serping1,1,8,15,14
Bcar3,9,16,1,4
Cdh24,13,4,15,2
Dnah8,6,19,8,17
Lin28b,15,1,10,6
Obscn,17,1,2,16
Dusp2,16,17,20,13
Ccrl2,5,5,15,15
Fam149a,2,9,14,17
Cand2,10,19,20,9
Prox1,11,6,12,5
Ltbp1,2,12,14,20
Tfeb,19,4,20,3
Cep72,2,1,7,16
Pcsk6,3,18,11,10
P2ry13,8,6,19,15
Sgk2,14,13,8,19
Selplg,11,8,6,13
Acvrl1,2,10,20,12
Tinagl1,5,16,14,7
Rps6ka1,12,9,4,17
Eng,16,12,18,10
Nxph1,18,15,18,15
Ruvbl2,20,7,8,19
Tmem241,18,1,3,16
Pabpc4l,12,19,6,5
Itpripl2,11,16,7,20
Ccdc116,8,9,11,6
Frrs1,18,18,20,16
Dram1,1,9,8,2
Obsl1,17,18,8,7
Nfatc1,13,14,12,15
Angpt2,3,8,17,14
Plekho2,20,10,10,20
Gpr68,2,17,16,3
Kank2,2,11,5,8
Frem2,6,2,1,7
Zfp385a,16,20,16,20
9430091e24rik,6,10,15,1
Cdh19,2,9,15,16
Ddx58,7,8,10,5
Gem,14,2,14,2
Adamts8,15,10,12,13
Lair1,17,9,10,16
Prkg2,15,5,10,10
Fgf11,10,20,3,7
Hydin,18,9,13,14
Igdcc3,5,15,9,11
Tube1,12,11,10,13
Creb5,18,2,13,7
Cd44,11,15,13,13
Nphs1,5,12,10,7
Loxl3,16,12,10,18
Susd1,8,3,12,19
Rcsd1,7,14,9,12
Chrna1,6,3,12,17
Herc6,18,18,7,9
Dbf4,5,16,5,16
Fbxo30,20,17,11,6
Tacr2,9,12,2,19
Ppp1r3g,1,16,11,6
Lrrc17,16,2,8,10
Anxa9,3,7,1,9
Fzd5,4,20,3,1
Pear1,15,10,15,10
Lbp,18,9,7,20
Trim42,2,1,3,20
Uaca,16,10,7,19
Zbtb12,11,16,1,6
Lrmp,20,3,18,5
Nr2e1,4,5,10,19
Tnfrsf11a,6,13,18,1
Foxf2,8,18,2,4
Npepl1,12,10,19,3
Nedd1,12,15,15,12
Cped1,15,14,7,2
Pipox,7,15,7,15
Vasn,4,12,13,3
Thap6,15,6,12,9
C4bp,8,19,3,4
Acr,16,16,3,9
Kif18a,14,16,20,10
Cdnf,19,14,6,7
Gxylt2,20,15,17,18
Wdfy2,19,14,12,1
Htr6,20,17,7,10
Adamts9,5,3,18,10
Plcb3,7,4,11,20
Dpp4,6,12,4,14
Notch4,2,4,5,1
Etv4,11,4,5,10
Casc1,2,7,17,12
Ccdc125,9,8,16,1
Rbm38,1,8,17,12
Atoh8,6,12,20,18
Rbp1,11,8,16,3
Pcdh18,15,12,14,13
Has1,3,15,20,18
Tgfbi,18,4,8,14
Fzd4,20,11,10,1
Mroh7,13,18,4,7
Gpr165,11,9,16,4
Layn,3,16,1,18
Gck,1,12,17,16
Cmah,6,13,2,17
Lrrc2,4,14,20,18
Umodl1,20,1,11,10
Prdm16,14,10,5,19
Itga2b,17,5,18,4
Gucy2e,9,15,7,17
Mab21l1,20,7,17,10
Ptpn6,7,13,8,12
Frmpd1,20,9,20,9
Zfp217,6,14,20,20
Hrh2,8,8,19,17
Xirp2,11,17,1,7
Armc3,4,9,8,5
Samd9l,1,12,8,5
Thbs1,10,12,20,2
Serpinf1,10,9,7,12
Lama3,9,14,3,20
Lyn,19,15,19,15
Fgd5,10,14,17,7
Vwf,20,9,6,3
Irak4,4,4,8,20
Ehhadh,8,4,16,16
Apol8,8,18,13,13
Ssc5d,15,17,14,18
Syk,5,17,11,11
Lamc3,16,17,7,6
Ccr1,12,20,6,6
Cd86,20,3,15,8
Cd163l1,2,20,1,1
Dlec1,9,6,10,5
Otogl,4,12,20,16
Slc26a1,10,2,11,1
Efhc1,4,2,12,14
B3gnt9,6,4,20,10
Adra1b,10,6,7,9
Mroh8,12,11,4,19
Folr1,6,15,11,10
Adamts14,15,1,17,19
Prr16,10,17,12,15
Cd248,12,7,1,18
Xkr8,16,13,10,19
Adgb,2,17,6,13
Ttk,20,17,14,3
Vegfc,17,3,9,11
Gatsl3,10,10,17,3
Ajuba,4,19,10,13
Itgb8,14,8,16,6
Gpr150,16,8,11,13
Prss57,15,20,13,2
Arhgap25,13,2,10,5
Parvg,16,17,9,4
Cdc14a,8,16,7,17
Neurod4,14,11,16,9
Mmp9,17,3,10,10
Hic1,7,12,17,2
Tbxa2r,7,10,12,5
Dsg2,14,1,3,12
Hdc,11,18,17,12
Fanca,16,12,8,20
Kcnk13,8,16,8,16
Ttc25,11,10,3,18
Nwd1,13,7,7,13
Runx1,18,3,2,19
Dsp,8,19,8,19
Dct,1,12,2,11
Mavs,13,1,18,16
Ern1,4,17,2,19
Myo5c,15,6,18,3
Plin5,5,12,17,20
Lpxn,6,13,17,2
Piezo2,10,4,5,9
Gm6588,10,2,15,17
Klkb1,5,9,3,11
Hhatl,5,13,16,2
Dsc3,11,18,14,15
Trim65,7,18,5,20
Hebp2,7,10,15,2
Tfap4,10,17,4,3
Dnaaf1,13,20,19,14
Tgm3,17,6,1,2
Zbtb46,17,9,12,14
Sh3tc2,8,12,12,8
Gpr84,17,19,4,12
Pdha2,4,10,6,8
Fam69c,8,12,16,4
Nek11,8,5,2,11
Fhdc1,4,17,12,9
Alox8,10,10,1,19
Fam83h,6,9,14,1
Slc16a12,15,11,11,15
Bend7,20,2,20,2
Prkch,14,17,6,5
Otx1,7,9,10,6
Rnf223,20,10,4,6
Stag3,7,17,17,7
Myof,1,6,16,11
Mtmr11,16,10,1,5
Smpdl3b,17,15,2,10
Car8,6,11,2,15
C1rl,11,12,13,10
4930529c04rik,14,2,9,7
Pkhd1l1,18,20,13,5
Cdr2,6,9,4,11
Zbtb7b,4,2,6,20
Tmprss5,8,1,9,20
Tmem132c,4,14,5,13
Nox4,1,7,11,17
Col5a3,6,12,7,11
Eps8l1,2,20,13,9
Stap2,18,2,17,3
Gp5,19,20,7,12
Ttll13,14,14,16,12
Ncaph,19,8,4,3
Dock8,10,14,12,12
Plcg2,9,17,14,12
Tcf7l1,4,13,10,7
Tnfsf10,9,13,3,19
Emid1,13,11,18,6
Ptger3,11,16,20,7
Sgpp2,14,19,8,5
Spin4,8,9,19,18
E330013p04rik,9,6,5,10
Dnah17,17,13,8,2
Gpr157,14,10,18,6
Slc8b1,8,17,16,9
Ccnb1,14,8,1,1
Aplnr,12,13,2,3
Hhat,2,10,6,6
Angpt1,13,14,18,9
Sspo,20,16,12,4
Agmo,4,7,15,16
Rhpn2,14,10,9,15
Trpa1,3,5,1,7
Ptprc,13,17,3,7
Zpbp,6,1,19,8
Oprd1,18,13,16,15
Moxd1,13,13,12,14
Cldn23,3,11,4,10
Tcf19,15,7,1,1
Itgae,7,16,5,18
Itgad,18,9,14,13
Kcne1l,14,6,10,10
Rnf17,20,1,20,1
Magel2,8,7,7,8
Myb,7,8,9,6
Adcy4,17,18,7,8
Ppl,18,3,14,7
Mroh2a,14,17,7,4
Sp9,2,19,15,6
Mfsd7c,10,1,4,7
Sdc1,2,6,13,15
Fhod1,1,20,13,8
Esyt1,8,5,12,1
Abi3,8,5,4,9
Esyt3,6,1,4,3
F12,7,2,16,13
Pim1,16,17,4,9
Emilin1,15,6,1,20
Alox5,13,19,1,11
Kcnd1,9,7,12,4
Kbtbd13,2,12,15,19
Uhrf1,19,6,11,14
Gata2,2,4,12,14
Ncf2,19,2,19,2
Mfsd7a,1,15,11,5
Nusap1,1,10,2,9
F2rl2,6,9,5,10
Vstm4,3,4,7,20
Bmp7,2,18,8,12
Pon3,14,1,12,3
Plekhg2,9,6,2,13
Nkx2-2os,6,15,2,19
Mctp2,14,11,4,1
Epn3,12,14,3,3
Kcng4,14,8,15,7
Syde1,17,14,14,17
Qrfp,11,14,6,19
Slc27a5,14,16,15,15
Tcte1,2,16,15,3
Adamts15,15,13,3,5
Fat2,3,14,18,19
E2f2,15,2,9,8
Chtf18,18,14,3,9
P2ry1,17,18,20,15
Catsperd,9,8,6,11
Cyp1b1,16,10,12,14
Vwc2,8,4,12,20
Abra,2,3,17,8
Wif1,15,20,20,15
Emilin2,20,8,13,15
Atp1a4,14,15,3,6
Ggta1,13,11,4,20
Slc18a1,1,6,17,10
Kcna3,2,6,11,17
Fmod,7,7,17,17
Zfp473,3,5,4,4
Hipk4,9,15,9,15
Gstcd,2,10,9,3
Spdl1,13,17,15,15
Cyb5rl,5,5,12,18
Sele,5,18,19,4
Map3k19,13,2,11,4
Fbln7,17,12,18,11
Sfrp2,7,1,6,2
Ankrd61,19,9,17,11
Cdhr3,15,5,16,4
Heph,10,4,6,8
Prickle3,8,13,4,17
Zfp57,14,17,19,12
Slc2a5,9,4,5,8
Mmel1,10,5,6,9
Ccdc158,11,14,17,8
Tnfaip8l2,5,5,1,9
C5ar1,20,2,17,5
Col26a1,11,2,6,7
Ccm2l,16,1,8,9
Prc1,15,18,4,9
Wfikkn2,2,2,11,13
Kremen2,13,15,14,14
Mme,4,15,9,10
Ribc2,10,4,14,20
Pde6a,9,8,9,8
Nanos2,17,18,2,13
Neurl3,7,15,17,5
Slc12a8,15,19,8,6
Draxin,20,14,19,15
Zbtb7c,19,2,15,6
Msln,11,12,11,12
Gucy2f,10,13,12,11
Cybrd1,7,2,2,7
Zan,18,13,18,13
Glis1,11,18,18,11
Slc52a3,11,11,10,12
Fes,9,1,6,4
Mei1,7,17,14,10
Csf3r,18,13,6,5
Piwil1,12,19,18,13
Tmie,2,2,1,3
Nfkb2,14,14,19,9
Car9,4,14,3,15
Casp8,13,4,8,9
Exoc3l,9,4,20,13
Veph1,19,12,16,15
Ddx60,18,6,7,17
Mycbpap,3,6,6,3
Mvp,18,10,11,17
Kif19a,2,12,1,13
Tnfrsf1b,18,8,3,3
Adora2a,4,4,13,15
Tpcn2,15,13,14,14
Exo1,2,12,3,11
Dock2,8,5,6,7
Cdk1,2,16,19,19
Hsf2bp,3,2,20,5
Armc4,12,19,3,8
Elmo3,20,18,1,17
Pde3a,1,13,17,17
Dnali1,2,10,19,13
A430090l17rik,20,6,10,16
Trim67,8,18,12,14
Vangl2,17,10,17,10
Impa2,15,13,17,11
Cftr,14,5,3,16
Pp2d1,16,14,13,17
Nlrc5,16,17,8,5
Mypn,6,5,3,8
Lrrc32,1,4,8,17
Srpx2,6,6,9,3
Mroh5,11,18,1,8
Scarf2,12,6,8,10
Plekha4,19,14,9,4
Col8a1,13,5,11,7
Tmprss6,18,1,20,19
B3gnt5,9,15,1,3
Sgcz,13,15,12,16
Scn5a,15,15,13,17
Txlnb,7,18,19,6
Gpr4,15,19,13,1
Msh4,12,12,5,19
Nsl1,3,2,5,20
Pth2r,15,8,19,4
Abcc3,14,18,5,7
Clcn1,16,11,7,20
Prox2,16,12,14,14
Gbp5,16,18,20,14
Gpr35,15,9,1,3
Krt1,14,15,18,11
Esm1,10,2,7,5
Ptpn22,19,16,20,15
Bfsp2,18,5,3,20
Pfkfb1,15,14,20,9
Aldh8a1,9,1,3,7
Slc6a19,5,4,17,12
Hal,2,4,13,13
Tdrd1,6,17,8,15
Mrc2,15,20,9,6
Ankle1,12,16,5,3
Bmf,12,5,4,13
Chrna3,15,14,13,16
Tle6,3,2,6,19
1700073e17rik,18,7,17,8
Hoxb4,11,11,8,14
Krt26,11,4,16,19
Col4a4,18,1,2,17
Oit3,5,4,19,10
Dhrs11,2,17,15,4
Slc22a3,14,19,5,8
Grk1,20,15,7,8
Tmc8,12,4,20,16
Sgca,6,20,13,13
Cdc20,10,5,4,11
B3gnt6,20,7,6,1
Ntng2,16,7,16,7
Tnfsf8,17,14,3,8
Capn6,11,10,11,10
Olfr78,19,19,18,20
Pnpla1,5,14,19,20
Psmb11,20,3,10,13
Npr1,3,11,8,6
Grhl2,17,11,8,20
Gli1,11,11,1,1
Cd244,14,10,2,2
Depdc1b,19,11,17,13
Col6a6,4,18,19,3
A3galt2,6,17,13,10
Slc12a1,19,10,12,17
Col17a1,7,14,19,2
Arhgef33,20,1,16,5
Hck,12,4,18,18
Angptl2,19,19,10,8
Mfsd2b,7,1,9,19
Mapkapk3,12,3,9,6
Plekhg4,19,17,15,1
Vwce,6,10,10,6
Mfap4,18,17,18,17
Gm21284,11,4,20,15
Klc3,13,2,2,13
Stk32b,19,16,6,9
Ppp1r3e,14,19,16,17
Trim72,13,10,18,5
Rbm44,6,3,14,15
Prph,9,9,12,6
Pgm5,3,13,14,2
Pou6f2,18,10,15,13
Prx,9,10,8,11
Mmp21,11,16,8,19
Crb1,20,6,5,1
Gpat2,8,9,14,3
Pabpc6,13,1,7,7
Kif15,12,3,10,5
Oacyl,16,7,12,11
Col9a2,18,5,8,15
Cd274,9,16,19,6
Ccdc63,10,18,15,13
Mrvi1,16,9,16,9
Hepacam2,9,5,1,13
Irf4,2,10,4,8
Psd4,11,1,4,8
Neil2,5,5,4,6
Rab17,1,12,10,3
Lingo4,1,10,14,17
Bmp6,1,6,19,8
Kcnh6,7,5,13,19
Fer1l5,17,14,1,10
Bin2,14,3,12,5
Opn4,6,4,7,3
Prrt4,20,18,14,4
Adam33,19,10,11,18
P2ry6,18,2,9,11
Snai1,3,2,3,2
Myh15,19,12,10,1
A4gnt,14,12,8,18
Tll1,13,13,20,6
Tekt4,8,13,6,15
Lpar2,6,20,2,4
Accsl,7,13,9,11
Myom2,14,2,20,16
Pkn3,19,8,1,6
B930025p03rik,9,11,18,2
Mcm9,17,15,20,12
Dmgdh,4,3,10,17
Liph,2,1,1,2
Prokr1,6,17,20,3
Fam169b,4,17,19,2
Papln,20,1,13,8
Mgam,16,4,9,11
Hcls1,12,19,9,2
Cpn2,10,20,7,3
Cd4,6,17,9,14
Sytl1,8,5,20,13
Ciita,11,17,11,17
Cenpn,9,6,17,18
Nrap,15,20,15,20
Erv3,2,17,8,11
Wnt8b,3,1,6,18
Sypl2,10,11,8,13
Apob,14,11,2,3
Fam71e2,17,6,15,8
Irf7,16,20,20,16
Tmem236,12,14,5,1
Mlph,2,1,8,15
Smtnl2,20,14,10,4
Tecta,1,19,8,12
Tnfsf13b,16,10,10,16
Gjb2,10,13,3,20
Hephl1,1,8,18,11
Ehf,1,4,7,18
Erg,11,19,4,6
Fut2,20,1,18,3
Pck1,7,18,12,13
Peg12,20,3,11,12
Il12rb2,16,14,12,18
Kbtbd12,6,11,11,6
Six4,18,19,14,3
Gpr149,7,11,16,2
Scn4a,4,4,12,16
Il22ra1,3,8,12,19
Uroc1,18,9,12,15
Usp44,5,14,1,18
Slc5a12,1,9,20,10
Fndc8,18,18,16,20
Tmprss7,15,16,2,9
Gnb3,16,20,17,19
Pcsk9,7,6,17,16
Hoxa7,6,10,4,12
Sox3,2,17,11,8
Olfr70,4,12,1,15
Cbx2,18,12,4,6
Zfp385c,16,19,14,1
Irs3,15,11,10,16
Gli2,16,5,7,14
Gm11545,5,4,5,4
Klhdc7a,3,7,8,2
Lyl1,8,17,4,1
Hoxc13,19,8,16,11
Slc30a2,8,18,11,15
B930018h19rik,6,4,18,12
4933424g05rik,16,17,6,7
Pinc,10,12,19,3
Mlkl,12,15,4,3
Gcsam,19,1,7,13
Isl1,12,16,9,19
Spn,1,17,13,5
Tbx15,8,2,17,13
Trpv1,18,16,7,7
Fam186b,8,1,16,13
Tnfsf15,17,14,12,19
Zmynd15,8,13,15,6
Irx5,20,18,17,1
Lrrc36,4,1,13,12
Cdh1,8,12,15,5
Nos2,9,12,15,6
Pgr15l,18,3,9,12
Gadl1,19,14,18,15
Adamtsl5,10,8,14,4
Pnlip,1,7,14,14
Nrk,10,14,13,11
Snx31,9,12,3,18
Irgc1,7,3,8,2
Fgf17,14,15,4,5
Guca1b,6,3,3,6
Pik3c2g,10,6,8,8
Dsg3,20,5,16,9
Pkd2l1,18,14,13,19
Mylk3,5,3,20,8
Abcc12,14,13,13,14
Gucy1b2,17,19,13,3
Prdm12,20,15,15,20
Rptn,13,15,10,18
Il12b,12,18,4,6
Scn10a,10,10,12,8
Tfap2d,6,17,5,18
Cel,16,10,18,8
Ankdd1b,7,20,6,1
Agpat2,18,13,15,16
Sh2d2a,15,12,3,4
Zfp296,5,4,18,11
Aqp9,8,16,13,11
Tktl2,18,7,3,2
Agtr2,2,18,13,7
Tmprss11e,17,3,2,18
Grin3b,6,16,11,11
Col4a6,3,11,10,4
Ush1g,4,8,8,4
Lpin3,15,16,9,2
Runx3,20,1,10,11
Nkx2-1,11,17,15,13
Slc2a4,7,19,4,2
Syt2,2,1,2,1
Sphk1,13,5,10,8
Tmprss11f,6,9,13,2
Sgcg,7,11,12,6
Sowahd,3,17,12,8
Abca13,19,15,20,14
Ccl22,3,20,8,15
Pik3ap1,13,18,9,2
Klhl10,12,17,20,9
Smc1b,11,16,10,17
Aoc3,18,4,20,2
Pax3,2,19,1,20
Apobec4,20,4,16,8
Otog,14,8,14,8
B3gnt7,8,1,1,8
4921509o07rik,8,10,20,18
Bb123696,7,1,12,16
Abcc2,19,9,15,13
Trpm5,10,3,6,7
Lmx1a,8,9,7,10
Wt1,12,8,14,6
Vnn3,8,13,20,1
Gimap5,9,8,1,16
Mmp8,7,16,19,4
Wdr93,15,6,17,4
Pla2g2d,11,4,15,20
Endou,7,6,7,6
Alox12e,12,18,3,7
Nxpe5,4,19,8,15
Pde8a,4,10,20,14
Vil1,1,4,14,11
Pax8,16,5,4,17
Zbtb42,20,5,13,12
Ttc16,5,16,4,17
Nkx2-3,18,6,1,3
Cdh26,20,9,10,19
Angpt4,12,18,14,16
Wdr72,8,14,19,3
Espnl,9,10,10,9
Spib,14,10,16,8
Pla2g4c,4,14,13,5
Lmod3,3,3,10,16
Casr,2,9,11,20
Fam46c,18,6,5,19
Orc1,11,4,4,11
Ftcd,2,3,5,20
Slc15a1,13,17,16,14
Ttll10,8,19,14,13
Plekhs1,17,20,1,16
Galnt15,3,1,9,15
Myo7b,19,1,3,17
A4galt,5,14,20,19
Il2ra,13,9,11,11
Sim2,13,9,3,19
Mmrn1,17,15,11,1
Tmprss2,6,12,2,16
Itgb6,19,15,6,8
Txndc2,9,15,19,5
Hspb7,20,8,12,16
Col13a1,5,3,5,3
Mpo,9,15,4,20
Gdf9,7,20,4,3
Itgax,15,13,16,12
Mroh6,13,15,13,15
Tns4,12,15,14,13
Grid2ip,1,4,10,15
Lctl,14,7,8,13
A1cf,14,14,5,3
Otoa,6,4,14,16
Mall,17,13,12,18
Gabra6,12,3,11,4
Tert,19,2,4,17
Mybpc2,16,2,3,15
Pou4f2,6,18,20,4
Casq1,3,10,16,17
Slamf1,6,1,9,18
Ccr10,6,14,3,17
Tead4,11,17,12,16
Slc9c1,14,9,14,9
Sox30,18,14,16,16
Neu2,13,19,17,15
Kcnq4,5,7,7,5
Acox2,16,3,6,13
Hpx,10,11,18,3
Zic5,5,15,13,7
Adamts12,11,10,8,13
Trcg1,13,3,6,10
Prodh2,11,5,19,17
Zfp804b,3,20,5,18
Plbd1,20,1,3,18
Slc12a3,16,13,7,2
Sh3rf2,5,3,13,15
Sigirr,3,14,12,5
Vwde,19,8,12,15
Gna14,1,2,14,9
Gja10,15,17,9,3
Ccdc162,19,3,13,9
Fut7,20,11,2,9
Ano2,3,13,19,17
Ctcfl,6,12,11,7
Slc38a8,7,7,2,12
4930442l01rik,6,7,15,18
Gm20597,7,14,2,19
E030019b13rik,3,11,13,1
Gpr143,4,6,3,7
Bhlhe23,19,7,15,11
Dmbx1,15,5,19,1
Gp1ba,20,19,8,11
Slc45a2,19,9,14,14
Chaf1b,20,4,5,19
Psapl1,16,20,18,18
Rtp1,10,1,2,9
Wnt3a,14,1,16,19
Nkx6-3,17,3,8,12
Glis3,14,17,8,3
Lgsn,9,2,17,14
Prlhr,17,11,12,16
Foxa1,7,17,10,14
Edar,18,14,1,11
Catsper4,8,18,20,6
Il5ra,4,6,7,3
Troap,4,11,15,20
Antxr2,10,1,16,15
Tyrp1,8,10,18,20
Pkdrej,13,2,7,8
Ankrd36,16,16,8,4
Ces4a,7,13,11,9
Ubqlnl,15,3,18,20
Scnn1g,18,1,1,18
Ceacam18,20,14,5,9
Apol10a,19,11,7,3
Mmp19,3,18,5,16
Cdh17,11,20,8,3
Agmat,8,14,16,6
Vnn1,15,17,19,13
Mefv,12,11,6,17
Ttc39a,15,2,20,17
Spata31d1b,6,19,14,11
Cdsn,13,9,5,17
Tlr9,4,17,18,3
Treh,7,20,13,14
Cdca3,2,19,2,19
Cnn1,5,4,11,18
Slc36a3,7,13,16,4
Ermap,20,11,20,11
Itih2,4,15,14,5
Tead3,14,3,7,10
Tnfsf18,5,7,2,10
Timd4,13,5,3,15
Tbx4,17,19,20,16
Slc35d3,19,6,10,15
Vsx1,12,20,18,14
Ccdc8,13,8,14,7
Fer1l4,15,19,19,15
Tex19.1,12,7,5,14
Tlr6,13,13,16,10
Sfrp5,18,19,13,4
Ptgdr,4,12,16,20
Kcnn4,16,7,1,2
Cyp2b19,14,16,8,2
Mov10l1,12,7,13,6
Tgm5,17,1,14,4
Melk,13,16,19,10
Sh2d7,6,7,10,3
Rhbdf2,3,9,7,5
Cyp11b1,10,16,15,11
Tmem174,9,14,6,17
Steap4,5,12,13,4
Foxi2,1,11,10,2
Adad2,14,16,14,16
P2ry4,15,19,14,20
Mettl21e,12,10,14,8
Cngb3,13,19,7,5
Selp,14,8,9,13
Galr2,8,13,14,7
Fut4,7,16,4,19
Wdr86,4,17,9,12
Zfp395,3,20,10,13
Aox2,10,18,2,6
Msh5,9,17,15,11
Tmprss3,18,16,4,10
Gm4847,4,20,7,17
Pglyrp4,9,15,10,14
Krt75,11,15,16,10
Clec3a,16,18,19,15
Prdm6,9,8,17,20
Gsx1,5,18,18,5
Trim54,6,16,14,8
Abcb11,10,20,4,6
Sptlc3,4,6,1,9
Cpn1,2,5,12,15
Hnf4a,9,17,19,7
Alpi,18,17,17,18
Elf5,3,4,9,18
Gcnt3,19,7,13,13
Pde6b,20,13,13,20
Dgat2l6,7,15,10,12
Six1,3,5,17,11
Ms4a15,15,10,2,3
Themis3,9,7,9,7
Prom2,15,2,6,11
Klhl30,6,18,16,8
Atp12a,19,20,11,8
Fut4-ps1,8,8,12,4
Gm7134,7,6,1,12
D830046c22rik,14,12,2,4
Serpina6,17,2,20,19
Bpifb6,11,4,14,1
Hgd,15,13,13,15
Tktl1,8,18,18,8
Agbl1,14,2,11,5
Tmem82,12,20,9,3
Slc5a4b,20,13,4,9
Arid3c,8,19,6,1
Impg1,14,8,11,11
Ackr4,2,6,9,19
Fmo3,3,2,9,16
Gprin2,14,18,20,12
Abcg8,13,16,13,16
Slc13a4,8,20,15,13
Cpa4,16,15,17,14
Amh,14,5,13,6
Slc39a4,15,1,20,16
Sppl2c,20,20,16,4
Clrn3,17,15,19,13
Il17rb,9,20,15,14
Zp1,15,16,11,20
Slfn14,6,14,15,5
Sec14l5,11,11,13,9
Nhlh1,17,8,15,10
Dlx4,19,18,17,20
Gdpd4,10,1,9,2
Gp2,15,13,2,6
Il18rap,12,5,10,7
Chat,1,17,19,19
Lrrc63,14,4,10,8
Adamts19,19,4,14,9
Dnase1l3,2,19,7,14
Pde6c,8,20,7,1
Arl11,9,6,14,1
Glra1,10,13,14,9
Slc6a12,4,18,14,8
Ccdc33,9,2,19,12
Tex19.2,2,8,18,12
Wee2,18,10,7,1
Trpv5,10,5,8,7
Tmprss13,4,10,4,10
Ctnna3,10,17,11,16
Cacna1f,3,19,12,10
Gprc6a,18,8,4,2
Tigd4,9,11,9,11
Tekt3,20,18,19,19
Tmprss11a,7,16,10,13
Opn1sw,14,16,10,20
Chrna10,19,17,3,13
Mogat2,6,5,4,7
Irx4,19,15,5,9
Rhd,10,12,7,15
Dbh,3,14,5,12
Trim29,14,10,11,13
Ccnb3,18,11,16,13
Nmur2,14,17,12,19
Upb1,9,18,9,18
Sectm1a,6,20,20,6
Insrr,17,16,2,11
Ntn4,10,12,5,17
Ctla4,3,3,14,12
Cilp,1,19,2,18
Gdf2,14,16,4,6
Pramef12,3,6,9,20
Aqp8,4,15,3,16
Eomes,4,2,9,17
Grhl3,6,3,17,12
Mycs,14,1,17,18
Hoxb9,5,3,9,19
Lhx8,5,20,10,15
Muc15,5,18,6,17
Esrp2,6,7,9,4
Il21,14,11,15,10
Dmrt1,16,12,9,19
Ocstamp,15,19,18,16
Acot12,4,17,16,5
Colec10,2,2,7,17
Pklr,7,19,14,12
Dusp27,10,12,8,14
Siglec1,6,4,1,9
Mfsd6l,3,20,11,12
En1,11,7,15,3
Trim58,4,14,19,19
Ano7,6,8,9,5
Hlx,3,4,3,4
Usp26,2,1,20,3
Iqgap3,4,12,17,19
Gphb5,15,11,3,3
Acap1,16,2,13,5
Vwa2,13,14,1,6
Igfals,15,19,5,9
Zfp750,14,3,16,1
Tlr11,19,19,2,16
Cyp1a2,20,10,1,9
Sftpa1,19,8,18,9
Bc039771,10,3,15,18
Aqp5,16,19,16,19
Itgb2l,14,3,3,14
Tbx21,14,19,11,2
Bsnd,20,20,3,17
Tdh,7,19,13,13
Hoxd12,18,2,1,19
C7,12,5,15,2
Prss8,17,17,11,3
Chrnb4,8,7,12,3
Brs3,16,10,15,11
Matn3,1,9,17,13
C8b,12,13,12,13
Adprhl1,3,20,4,19
Naaladl1,18,5,17,6
Foxd2,16,5,18,3
Asb14,3,9,3,9
Actrt2,4,2,11,15
Spz1,19,17,6,10
Gm1110,4,14,8,10
Vmn2r118,1,8,12,17
Lhcgr,2,1,9,14
Slc27a6,2,9,20,11
Myod1,1,7,2,6
Hand2,12,9,20,1
Rorc,1,17,14,4
Chst5,11,20,13,18
Sox14,10,18,4,4
Slc47a2,20,6,14,12
Ggt6,10,19,8,1
Hoxd1,5,16,2,19
Arhgef38,13,7,12,8
Fam46b,18,18,8,8
Pif1,2,9,19,12
Pla2g2f,4,6,14,16
Emilin3,15,19,10,4
Prdm14,15,20,3,12
Aqp1,19,17,17,19
Gdnf,19,12,2,9
Tll2,4,7,4,7
Pramel6,14,8,4,18
Phldb3,19,9,12,16
Padi3,9,13,10,12
Gcnt7,16,3,18,1
Lox,7,7,6,8
Afm,12,4,19,17
Ttc39d,2,16,16,2
Prss44,15,10,20,5
Hrh4,12,16,14,14
Ankar,12,5,13,4
Tmem102,18,12,5,5
Tlr5,11,20,17,14
Fmo6,15,14,10,19
Dcstamp,1,6,11,16
Tmem72,17,9,1,5
